region,timestamp,temperature_c,precipitation_mm,humidity_pct,co2_ppm
Karachi,2023-01-01T00:00:00Z,31.81,4.6,85.59,437.59
Lahore,2023-01-01T02:00:00Z,26.4,0,34.97,414.91
Islamabad,2023-01-01T04:00:00Z,31.16,4.66,52.91,401.59
Quetta,2023-01-01T06:00:00Z,37.64,0,82.44,394.67
Peshawar,2023-01-01T08:00:00Z,27.87,1.03,62.69,413.35
Karachi,2023-01-01T10:00:00Z,26.86,2.41,73.9,395.03
Lahore,2023-01-01T12:00:00Z,25.81,3.51,54.24,397.13
Islamabad,2023-01-01T14:00:00Z,31.79,0,66.78,407.21
Quetta,2023-01-01T16:00:00Z,19.48,0,46.06,394.12
Peshawar,2023-01-01T18:00:00Z,26.28,2.66,78.03,424.83
Karachi,2023-01-01T20:00:00Z,39.82,1.06,60.3,418.52
Lahore,2023-01-01T22:00:00Z,30.88,2.21,59.89,416.08
Islamabad,2023-01-02T00:00:00Z,28.12,6.05,78.17,416.79
Quetta,2023-01-02T02:00:00Z,16.04,2.86,69.66,387.77
Peshawar,2023-01-02T04:00:00Z,18.35,4.99,74.61,405.53
Karachi,2023-01-02T06:00:00Z,34.22,5.16,52.46,411.91
Lahore,2023-01-02T08:00:00Z,30.69,0,63.03,379.43
Islamabad,2023-01-02T10:00:00Z,35.97,12.82,66.07,424.0
Quetta,2023-01-02T12:00:00Z,28.59,0,87.28,387.35
Peshawar,2023-01-02T14:00:00Z,34.77,0,35.97,392.9
Karachi,2023-01-02T16:00:00Z,16.4,0,66.61,431.25
Lahore,2023-01-02T18:00:00Z,24.58,1.35,76.27,444.06
Islamabad,2023-01-02T20:00:00Z,44.06,4.51,43.25,370.87
Quetta,2023-01-02T22:00:00Z,44.69,6.81,53.59,406.2
Peshawar,2023-01-03T00:00:00Z,33.17,8.79,87.48,416.93
Karachi,2023-01-03T02:00:00Z,19.68,5.42,47.66,429.81
Lahore,2023-01-03T04:00:00Z,19.85,1.86,45.6,407.54
Islamabad,2023-01-03T06:00:00Z,35.26,0,36.65,414.56
Quetta,2023-01-03T08:00:00Z,13.84,1.7,77.08,411.77
Peshawar,2023-01-03T10:00:00Z,15.6,3.05,72.35,403.37
Karachi,2023-01-03T12:00:00Z,11.36,0.09,76.61,426.83
Lahore,2023-01-03T14:00:00Z,30.03,0.43,51.47,404.44
Islamabad,2023-01-03T16:00:00Z,34.74,0,43.28,414.61
Quetta,2023-01-03T18:00:00Z,24.94,3.15,56.83,404.75
Peshawar,2023-01-03T20:00:00Z,26.72,6.96,68.29,401.49
Karachi,2023-01-03T22:00:00Z,21.56,3.6,60.49,387.53
Lahore,2023-01-04T00:00:00Z,33.55,8.34,72.04,432.67
Islamabad,2023-01-04T02:00:00Z,35.85,13.41,74.44,423.4
Quetta,2023-01-04T04:00:00Z,26.97,5.84,49.68,384.04
Peshawar,2023-01-04T06:00:00Z,31.89,0,88.22,396.85
Karachi,2023-01-04T08:00:00Z,33.32,3.53,35.29,392.12
Lahore,2023-01-04T10:00:00Z,14.29,0,67.38,402.48
Islamabad,2023-01-04T12:00:00Z,37.23,4.51,79.71,419.73
Quetta,2023-01-04T14:00:00Z,19.08,0,67.72,409.18
Peshawar,2023-01-04T16:00:00Z,11.82,2.69,64.43,402.83
Karachi,2023-01-04T18:00:00Z,30.12,0,52.17,427.09
Lahore,2023-01-04T20:00:00Z,35.15,0,52.28,418.06
Islamabad,2023-01-04T22:00:00Z,19.29,12.38,61.43,431.38
Quetta,2023-01-05T00:00:00Z,36.14,11.61,67.43,410.68
Peshawar,2023-01-05T02:00:00Z,26.85,0.92,74.26,395.14
Karachi,2023-01-05T04:00:00Z,24.2,0.5,83.57,395.27
Lahore,2023-01-05T06:00:00Z,26.3,1.14,67.63,448.71
Islamabad,2023-01-05T08:00:00Z,42.9,3.22,47.56,409.2
Quetta,2023-01-05T10:00:00Z,17.05,0,87.19,409.81
Peshawar,2023-01-05T12:00:00Z,32.78,0,74.18,430.58
Karachi,2023-01-05T14:00:00Z,33.99,3.68,59.8,420.64
Lahore,2023-01-05T16:00:00Z,22.58,10.18,48.77,387.92
Islamabad,2023-01-05T18:00:00Z,36.7,0,58.06,430.39
Quetta,2023-01-05T20:00:00Z,13.75,5.64,56.43,433.36
Peshawar,2023-01-05T22:00:00Z,31.33,5.17,32.86,404.5
Karachi,2023-01-06T00:00:00Z,33.15,4.35,68.24,397.08
Lahore,2023-01-06T02:00:00Z,33.93,4.41,42.85,419.87
Islamabad,2023-01-06T04:00:00Z,22.73,0,51.59,406.45
Quetta,2023-01-06T06:00:00Z,30.89,1.94,60.5,405.14
Peshawar,2023-01-06T08:00:00Z,18.9,5.92,36.82,394.83
Karachi,2023-01-06T10:00:00Z,31.33,0,73.14,403.51
Lahore,2023-01-06T12:00:00Z,34.49,0,52.05,434.36
Islamabad,2023-01-06T14:00:00Z,22.05,2.86,59.1,423.09
Quetta,2023-01-06T16:00:00Z,27.1,8.9,51.23,393.13
Peshawar,2023-01-06T18:00:00Z,37.76,5.09,36.19,407.27
Karachi,2023-01-06T20:00:00Z,30.99,12.23,32.18,399.48
Lahore,2023-01-06T22:00:00Z,38.32,0.65,43.68,423.4
Islamabad,2023-01-07T00:00:00Z,35.02,0,83.11,437.87
Quetta,2023-01-07T02:00:00Z,31.04,5.14,58.54,437.17
Peshawar,2023-01-07T04:00:00Z,20.74,9.62,34.76,423.63
Karachi,2023-01-07T06:00:00Z,24.19,5.17,51.54,414.92
Lahore,2023-01-07T08:00:00Z,37.86,1.32,51.6,420.47
Islamabad,2023-01-07T10:00:00Z,27.5,0,48.49,412.16
Quetta,2023-01-07T12:00:00Z,16.52,6.87,59.38,421.75
Peshawar,2023-01-07T14:00:00Z,21.79,8.28,58.28,410.86
Karachi,2023-01-07T16:00:00Z,26.9,7.18,60.43,418.52
Lahore,2023-01-07T18:00:00Z,22.32,10.35,54.35,409.2
Islamabad,2023-01-07T20:00:00Z,39.01,7.42,56.04,399.87
Quetta,2023-01-07T22:00:00Z,32.61,3.24,61.03,424.15
Peshawar,2023-01-08T00:00:00Z,9.06,2.37,88.18,405.79
Karachi,2023-01-08T02:00:00Z,34.99,6.07,50.99,421.14
Lahore,2023-01-08T04:00:00Z,24.27,0,37.78,397.7
Islamabad,2023-01-08T06:00:00Z,35.17,3.68,54.09,412.43
Quetta,2023-01-08T08:00:00Z,26.32,6.59,52.78,404.29
Peshawar,2023-01-08T10:00:00Z,30.02,0,40.14,393.64
Karachi,2023-01-08T12:00:00Z,44.8,9.57,50.02,396.29
Lahore,2023-01-08T14:00:00Z,28.08,7.55,78.81,393.17
Islamabad,2023-01-08T16:00:00Z,24.02,5.99,56.83,410.12
Quetta,2023-01-08T18:00:00Z,21.95,2.98,43.22,422.03
Peshawar,2023-01-08T20:00:00Z,10.04,9.77,36.98,387.04
Karachi,2023-01-08T22:00:00Z,30.64,2.96,35.51,403.19
Lahore,2023-01-09T00:00:00Z,22.81,0.07,82.18,425.53
Islamabad,2023-01-09T02:00:00Z,12.65,3.76,56.36,408.89
Quetta,2023-01-09T04:00:00Z,7.08,0.48,58.07,416.79
Peshawar,2023-01-09T06:00:00Z,32.95,0,51.24,388.75
Karachi,2023-01-09T08:00:00Z,29.51,0,51.95,423.41
Lahore,2023-01-09T10:00:00Z,27.97,6.44,32.38,411.33
Islamabad,2023-01-09T12:00:00Z,12.21,0,41.47,422.08
Quetta,2023-01-09T14:00:00Z,33.36,4.39,48.29,451.42
Peshawar,2023-01-09T16:00:00Z,35.78,1.32,48.23,415.15
Karachi,2023-01-09T18:00:00Z,34.25,0,52.78,403.2
Lahore,2023-01-09T20:00:00Z,25.59,15.62,45.6,400.25
Islamabad,2023-01-09T22:00:00Z,37.4,0.22,43.93,413.43
Quetta,2023-01-10T00:00:00Z,36.19,0,30.21,416.25
Peshawar,2023-01-10T02:00:00Z,25.51,5.17,53.14,413.99
Karachi,2023-01-10T04:00:00Z,11.9,5.73,52.17,413.26
Lahore,2023-01-10T06:00:00Z,27.76,1.34,54.1,405.09
Islamabad,2023-01-10T08:00:00Z,10.19,0,66.2,406.87
Quetta,2023-01-10T10:00:00Z,25.67,0,42.99,382.45
Peshawar,2023-01-10T12:00:00Z,7.8,3.37,67.87,410.42
Karachi,2023-01-10T14:00:00Z,37.03,0,77.66,389.78
Lahore,2023-01-10T16:00:00Z,27.82,0,49.62,399.06
Islamabad,2023-01-10T18:00:00Z,47.88,4.94,67.23,389.6
Quetta,2023-01-10T20:00:00Z,18.05,0.35,83.42,391.67
Peshawar,2023-01-10T22:00:00Z,23.02,0,86.8,406.92
Karachi,2023-01-11T00:00:00Z,36.04,3.7,60.65,430.23
Lahore,2023-01-11T02:00:00Z,33.92,9.63,50.61,440.51
Islamabad,2023-01-11T04:00:00Z,43.34,11.18,84.31,428.8
Quetta,2023-01-11T06:00:00Z,40.26,4.39,77.86,430.08
Peshawar,2023-01-11T08:00:00Z,29.7,2.02,82.78,425.53
Karachi,2023-01-11T10:00:00Z,28.11,11.72,31.74,410.53
Lahore,2023-01-11T12:00:00Z,27.39,1.92,33.6,402.1
Islamabad,2023-01-11T14:00:00Z,36.4,0,73.38,379.46
Quetta,2023-01-11T16:00:00Z,34.1,1.8,86.99,427.66
Peshawar,2023-01-11T18:00:00Z,38.9,0,39.85,398.83
Karachi,2023-01-11T20:00:00Z,24.23,2.48,70.4,408.06
Lahore,2023-01-11T22:00:00Z,30.92,0,85.95,407.87
Islamabad,2023-01-12T00:00:00Z,20.54,0,58.38,388.93
Quetta,2023-01-12T02:00:00Z,34.07,2.22,69.89,442.12
Peshawar,2023-01-12T04:00:00Z,29.21,0,52.08,395.55
Karachi,2023-01-12T06:00:00Z,35.19,0,31.15,409.33
Lahore,2023-01-12T08:00:00Z,20.09,3.96,75.44,408.09
Islamabad,2023-01-12T10:00:00Z,21.99,0,69.59,394.97
Quetta,2023-01-12T12:00:00Z,37.74,3.12,58.72,399.29
Peshawar,2023-01-12T14:00:00Z,25.19,2.02,54.34,393.14
Karachi,2023-01-12T16:00:00Z,22.73,5.88,76.38,421.56
Lahore,2023-01-12T18:00:00Z,26.4,5.63,52.56,399.98
Islamabad,2023-01-12T20:00:00Z,18.07,0,86.42,395.45
Quetta,2023-01-12T22:00:00Z,13.5,9.94,73.92,402.17
Peshawar,2023-01-13T00:00:00Z,29.46,2.72,36.83,423.07
Karachi,2023-01-13T02:00:00Z,41.52,0,63.49,408.45
Lahore,2023-01-13T04:00:00Z,27.95,0,31.31,390.11
Islamabad,2023-01-13T06:00:00Z,28.2,0,68.76,412.1
Quetta,2023-01-13T08:00:00Z,18.32,3.25,83.9,420.08
Peshawar,2023-01-13T10:00:00Z,10.49,0,74.67,405.38
Karachi,2023-01-13T12:00:00Z,40.19,3.54,71.48,382.6
Lahore,2023-01-13T14:00:00Z,41.86,0,55.36,402.11
Islamabad,2023-01-13T16:00:00Z,20.82,6.37,39.04,402.11
Quetta,2023-01-13T18:00:00Z,25.81,0.82,68.87,393.8
Peshawar,2023-01-13T20:00:00Z,25.16,0,72.08,430.64
Karachi,2023-01-13T22:00:00Z,39.22,0,73.04,403.95
Lahore,2023-01-14T00:00:00Z,26.71,0,64.44,437.0
Islamabad,2023-01-14T02:00:00Z,30.01,8.54,67.67,408.3
Quetta,2023-01-14T04:00:00Z,27.92,11.12,58.9,426.47
Peshawar,2023-01-14T06:00:00Z,41.11,4.44,72.51,388.87
Karachi,2023-01-14T08:00:00Z,33.6,7.94,61.62,428.24
Lahore,2023-01-14T10:00:00Z,30.58,2.88,50.74,417.25
Islamabad,2023-01-14T12:00:00Z,34.14,11.35,62.59,418.11
Quetta,2023-01-14T14:00:00Z,22.53,7.74,81.12,439.23
Peshawar,2023-01-14T16:00:00Z,34.61,5.03,71.48,409.69
Karachi,2023-01-14T18:00:00Z,21.92,0,71.67,394.37
Lahore,2023-01-14T20:00:00Z,36.75,0,66.59,392.57
Islamabad,2023-01-14T22:00:00Z,32.53,0.68,44.2,395.51
Quetta,2023-01-15T00:00:00Z,22.73,2.77,51.62,399.75
Peshawar,2023-01-15T02:00:00Z,16.37,9.09,34.77,432.48
Karachi,2023-01-15T04:00:00Z,39.53,0.79,44.14,403.22
Lahore,2023-01-15T06:00:00Z,39.44,1.8,80.07,398.01
Islamabad,2023-01-15T08:00:00Z,39.19,0,39.47,405.38
Quetta,2023-01-15T10:00:00Z,23.38,5.65,89.74,414.45
Peshawar,2023-01-15T12:00:00Z,31.26,4.5,43.98,417.55
Karachi,2023-01-15T14:00:00Z,10.17,1.74,83.79,396.03
Lahore,2023-01-15T16:00:00Z,26.42,2.42,43.05,404.61
Islamabad,2023-01-15T18:00:00Z,31.79,0,81.65,412.51
Quetta,2023-01-15T20:00:00Z,37.17,5.31,70.77,416.47
Peshawar,2023-01-15T22:00:00Z,23.29,7.36,52.35,438.1
Karachi,2023-01-16T00:00:00Z,33.6,0,88.39,410.58
Lahore,2023-01-16T02:00:00Z,36.92,0,50.43,426.68
Islamabad,2023-01-16T04:00:00Z,23.55,0,73.41,403.77
Quetta,2023-01-16T06:00:00Z,22.34,9.05,72.4,410.7
Peshawar,2023-01-16T08:00:00Z,39.41,3.75,68.5,412.29
Karachi,2023-01-16T10:00:00Z,22.66,0,74.54,410.41
Lahore,2023-01-16T12:00:00Z,32.94,0,38.23,409.81
Islamabad,2023-01-16T14:00:00Z,33.06,3.49,67.19,417.85
Quetta,2023-01-16T16:00:00Z,22.24,0,51.29,408.05
Peshawar,2023-01-16T18:00:00Z,32.29,6.77,60.41,389.13
Karachi,2023-01-16T20:00:00Z,26.67,3.04,63.71,413.67
Lahore,2023-01-16T22:00:00Z,27.23,0,50.3,411.57
Islamabad,2023-01-17T00:00:00Z,37.31,0,64.7,400.08
Quetta,2023-01-17T02:00:00Z,27.45,7.11,44.73,414.72
Peshawar,2023-01-17T04:00:00Z,16.73,1.38,51.97,408.05
Karachi,2023-01-17T06:00:00Z,20.74,4.89,46.7,401.08
Lahore,2023-01-17T08:00:00Z,33.82,7.43,38.83,398.85
Islamabad,2023-01-17T10:00:00Z,20.39,0.49,77.16,383.05
Quetta,2023-01-17T12:00:00Z,30.99,0,89.39,406.96
Peshawar,2023-01-17T14:00:00Z,24.91,4.99,37.73,426.47
Karachi,2023-01-17T16:00:00Z,13.81,0,61.93,422.79
Lahore,2023-01-17T18:00:00Z,15.82,2.98,68.48,412.19
Islamabad,2023-01-17T20:00:00Z,32.75,10.94,70.65,424.78
Quetta,2023-01-17T22:00:00Z,33.48,0,41.83,419.52
Peshawar,2023-01-18T00:00:00Z,38.23,7.28,73.93,426.22
Karachi,2023-01-18T02:00:00Z,19.86,0,40.58,399.78
Lahore,2023-01-18T04:00:00Z,19.27,8.31,79.76,410.35
Islamabad,2023-01-18T06:00:00Z,35.04,6.36,51.51,428.28
Quetta,2023-01-18T08:00:00Z,22.61,9.1,54.58,433.47
Peshawar,2023-01-18T10:00:00Z,38.37,6.57,47.11,418.08
Karachi,2023-01-18T12:00:00Z,29.41,1.9,73.83,408.62
Lahore,2023-01-18T14:00:00Z,26.57,2.85,37.63,397.44
Islamabad,2023-01-18T16:00:00Z,26.88,0.24,82.39,400.89
Quetta,2023-01-18T18:00:00Z,36.91,2.66,64.44,398.84
Peshawar,2023-01-18T20:00:00Z,38.13,4.9,43.72,388.66
Karachi,2023-01-18T22:00:00Z,15.66,1.07,45.23,396.71
Lahore,2023-01-19T00:00:00Z,26.16,0,74.48,401.35
Islamabad,2023-01-19T02:00:00Z,25.91,4.07,73.43,405.34
Quetta,2023-01-19T04:00:00Z,43.67,4.69,84.36,399.15
Peshawar,2023-01-19T06:00:00Z,28.79,4.36,46.38,396.72
Karachi,2023-01-19T08:00:00Z,36.07,1.97,40.28,403.9
Lahore,2023-01-19T10:00:00Z,32.68,9.74,46.78,396.75
Islamabad,2023-01-19T12:00:00Z,19.03,0,47.4,420.4
Quetta,2023-01-19T14:00:00Z,24.63,3.56,77.97,400.82
Peshawar,2023-01-19T16:00:00Z,19.64,0,39.21,385.7
Karachi,2023-01-19T18:00:00Z,30.3,9.8,53.49,444.95
Lahore,2023-01-19T20:00:00Z,33.7,0,40.64,420.11
Islamabad,2023-01-19T22:00:00Z,33.84,1.45,77.39,412.85
Quetta,2023-01-20T00:00:00Z,36.72,5.3,32.64,425.15
Peshawar,2023-01-20T02:00:00Z,28.06,12.46,37.58,368.86
Karachi,2023-01-20T04:00:00Z,37.67,8.16,32.14,397.91
Lahore,2023-01-20T06:00:00Z,29.64,4.2,61.96,398.85
Islamabad,2023-01-20T08:00:00Z,29.99,2.78,74.98,393.87
Quetta,2023-01-20T10:00:00Z,27.1,0,63.83,387.12
Peshawar,2023-01-20T12:00:00Z,24.03,5.02,44.22,418.42
Karachi,2023-01-20T14:00:00Z,16.75,0.52,43.0,378.06
Lahore,2023-01-20T16:00:00Z,3.37,4.95,33.48,416.91
Islamabad,2023-01-20T18:00:00Z,18.45,6.32,84.55,425.51
Quetta,2023-01-20T20:00:00Z,31.22,0,61.67,407.39
Peshawar,2023-01-20T22:00:00Z,24.48,0,80.23,395.9
Karachi,2023-01-21T00:00:00Z,29.77,3.49,64.63,421.27
Lahore,2023-01-21T02:00:00Z,28.23,0,72.06,419.27
Islamabad,2023-01-21T04:00:00Z,29.67,6.14,66.9,410.0
Quetta,2023-01-21T06:00:00Z,28.19,7.18,68.74,402.39
Peshawar,2023-01-21T08:00:00Z,32.1,10.24,70.18,403.25
Karachi,2023-01-21T10:00:00Z,42.38,2.22,66.07,389.57
Lahore,2023-01-21T12:00:00Z,25.41,0,32.25,425.16
Islamabad,2023-01-21T14:00:00Z,13.54,8.48,83.77,411.1
Quetta,2023-01-21T16:00:00Z,26.69,0.98,77.64,403.05
Peshawar,2023-01-21T18:00:00Z,26.05,8.96,56.75,393.43
Karachi,2023-01-21T20:00:00Z,17.61,2.52,32.9,399.84
Lahore,2023-01-21T22:00:00Z,29.96,4.6,68.26,413.0
Islamabad,2023-01-22T00:00:00Z,15.14,0,68.79,392.92
Quetta,2023-01-22T02:00:00Z,23.82,0,46.0,399.15
Peshawar,2023-01-22T04:00:00Z,26.26,1.85,41.39,411.53
Karachi,2023-01-22T06:00:00Z,25.02,0.9,46.22,436.81
Lahore,2023-01-22T08:00:00Z,20.15,1.05,59.17,407.54
Islamabad,2023-01-22T10:00:00Z,28.29,4.22,67.46,424.26
Quetta,2023-01-22T12:00:00Z,30.14,0,71.36,403.89
Peshawar,2023-01-22T14:00:00Z,23.54,5.45,68.25,430.21
Karachi,2023-01-22T16:00:00Z,19.51,0,58.61,418.23
Lahore,2023-01-22T18:00:00Z,25.18,1.12,67.82,405.11
Islamabad,2023-01-22T20:00:00Z,47.74,0,88.37,382.02
Quetta,2023-01-22T22:00:00Z,37.31,0.46,66.11,391.72
Peshawar,2023-01-23T00:00:00Z,26.22,0,72.81,403.69
Karachi,2023-01-23T02:00:00Z,27.3,2.17,52.35,409.69
Lahore,2023-01-23T04:00:00Z,15.68,8.57,82.38,414.13
Islamabad,2023-01-23T06:00:00Z,27.89,7.06,45.43,416.09
Quetta,2023-01-23T08:00:00Z,27.44,0.58,45.79,396.42
Peshawar,2023-01-23T10:00:00Z,21.45,2.78,87.1,413.83
Karachi,2023-01-23T12:00:00Z,29.63,1.57,65.34,391.64
Lahore,2023-01-23T14:00:00Z,29.6,2.98,68.81,399.28
Islamabad,2023-01-23T16:00:00Z,45.13,3.27,33.92,412.9
Quetta,2023-01-23T18:00:00Z,29.79,3.73,84.7,415.4
Peshawar,2023-01-23T20:00:00Z,33.12,1.8,36.07,403.86
Karachi,2023-01-23T22:00:00Z,13.26,0.91,86.35,413.29
Lahore,2023-01-24T00:00:00Z,30.36,0,74.85,404.67
Islamabad,2023-01-24T02:00:00Z,21.55,0,81.8,436.73
Quetta,2023-01-24T04:00:00Z,31.34,5.49,61.8,401.82
Peshawar,2023-01-24T06:00:00Z,26.56,7.15,72.36,412.6
Karachi,2023-01-24T08:00:00Z,28.28,0,55.11,414.8
Lahore,2023-01-24T10:00:00Z,34.63,11.33,53.69,392.59
Islamabad,2023-01-24T12:00:00Z,24.1,12.67,47.24,382.54
Quetta,2023-01-24T14:00:00Z,33.25,5.86,58.75,407.83
Peshawar,2023-01-24T16:00:00Z,25.28,5.77,33.79,416.57
Karachi,2023-01-24T18:00:00Z,26.91,0.81,69.45,396.58
Lahore,2023-01-24T20:00:00Z,21.67,4.2,56.09,424.91
Islamabad,2023-01-24T22:00:00Z,33.55,5.42,83.15,413.8
Quetta,2023-01-25T00:00:00Z,35.61,3.31,78.69,391.1
Peshawar,2023-01-25T02:00:00Z,29.39,5.81,69.56,394.4
Karachi,2023-01-25T04:00:00Z,21.49,4.36,69.68,373.63
Lahore,2023-01-25T06:00:00Z,25.31,2.63,45.0,384.68
Islamabad,2023-01-25T08:00:00Z,33.36,6.72,69.66,401.75
Quetta,2023-01-25T10:00:00Z,28.91,2.08,53.97,408.38
Peshawar,2023-01-25T12:00:00Z,11.76,0,38.5,391.34
Karachi,2023-01-25T14:00:00Z,44.2,0,81.34,412.59
Lahore,2023-01-25T16:00:00Z,15.22,2.45,36.78,410.13
Islamabad,2023-01-25T18:00:00Z,21.03,5.48,58.55,410.9
Quetta,2023-01-25T20:00:00Z,24.3,3.04,40.46,409.74
Peshawar,2023-01-25T22:00:00Z,29.09,2.07,48.03,429.58
Karachi,2023-01-26T00:00:00Z,31.34,4.3,73.55,400.72
Lahore,2023-01-26T02:00:00Z,10.41,1.34,74.44,406.49
Islamabad,2023-01-26T04:00:00Z,23.51,5.69,46.58,401.68
Quetta,2023-01-26T06:00:00Z,23.88,8.96,78.16,398.25
Peshawar,2023-01-26T08:00:00Z,27.42,8.27,75.51,416.79
Karachi,2023-01-26T10:00:00Z,40.21,8.44,56.37,411.11
Lahore,2023-01-26T12:00:00Z,29.43,0,72.01,398.96
Islamabad,2023-01-26T14:00:00Z,33.83,3.05,39.23,421.96
Quetta,2023-01-26T16:00:00Z,30.87,8.43,50.63,423.6
Peshawar,2023-01-26T18:00:00Z,44.66,0,78.54,405.15
Karachi,2023-01-26T20:00:00Z,32.0,1.98,49.03,404.24
Lahore,2023-01-26T22:00:00Z,22.86,6.74,54.57,402.41
Islamabad,2023-01-27T00:00:00Z,22.55,0,66.98,416.88
Quetta,2023-01-27T02:00:00Z,23.28,0,37.48,418.9
Peshawar,2023-01-27T04:00:00Z,20.4,7.12,53.38,409.36
Karachi,2023-01-27T06:00:00Z,28.97,3.84,45.36,418.76
Lahore,2023-01-27T08:00:00Z,32.12,6.67,54.02,407.59
Islamabad,2023-01-27T10:00:00Z,24.99,8.38,61.21,389.46
Quetta,2023-01-27T12:00:00Z,30.6,1.69,51.64,391.87
Peshawar,2023-01-27T14:00:00Z,24.2,0,33.64,387.77
Karachi,2023-01-27T16:00:00Z,23.82,0,44.45,399.75
Lahore,2023-01-27T18:00:00Z,27.19,5.25,65.39,411.64
Islamabad,2023-01-27T20:00:00Z,30.8,0,75.88,419.78
Quetta,2023-01-27T22:00:00Z,42.26,0,47.75,422.0
Peshawar,2023-01-28T00:00:00Z,26.91,2.26,36.84,401.92
Karachi,2023-01-28T02:00:00Z,44.15,2.29,40.41,417.13
Lahore,2023-01-28T04:00:00Z,15.33,4.17,70.04,426.99
Islamabad,2023-01-28T06:00:00Z,12.49,3.31,60.07,411.25
Quetta,2023-01-28T08:00:00Z,27.94,0,75.8,415.98
Peshawar,2023-01-28T10:00:00Z,11.75,5.45,75.82,392.44
Karachi,2023-01-28T12:00:00Z,20.87,7.47,38.31,422.04
Lahore,2023-01-28T14:00:00Z,21.26,0,32.83,388.25
Islamabad,2023-01-28T16:00:00Z,18.63,0,51.67,410.53
Quetta,2023-01-28T18:00:00Z,14.72,0,44.18,403.02
Peshawar,2023-01-28T20:00:00Z,28.59,0,49.65,406.39
Karachi,2023-01-28T22:00:00Z,26.36,2.61,85.44,393.71
Lahore,2023-01-29T00:00:00Z,19.83,5.0,44.35,404.36
Islamabad,2023-01-29T02:00:00Z,24.62,3.77,57.77,421.18
Quetta,2023-01-29T04:00:00Z,29.66,0.87,32.28,415.68
Peshawar,2023-01-29T06:00:00Z,35.68,15.19,81.61,441.02
Karachi,2023-01-29T08:00:00Z,26.68,11.99,78.97,422.01
Lahore,2023-01-29T10:00:00Z,32.89,0,58.52,426.86
Islamabad,2023-01-29T12:00:00Z,34.26,0,45.45,398.68
Quetta,2023-01-29T14:00:00Z,40.54,1.32,44.85,417.29
Peshawar,2023-01-29T16:00:00Z,34.39,0.75,74.97,424.68
Karachi,2023-01-29T18:00:00Z,34.26,4.35,62.4,413.79
Lahore,2023-01-29T20:00:00Z,24.23,0,88.56,433.57
Islamabad,2023-01-29T22:00:00Z,21.42,0,57.15,413.71
Quetta,2023-01-30T00:00:00Z,28.89,4.98,54.54,376.16
Peshawar,2023-01-30T02:00:00Z,15.04,4.46,41.97,397.47
Karachi,2023-01-30T04:00:00Z,28.36,2.65,59.27,388.37
Lahore,2023-01-30T06:00:00Z,31.12,4.12,64.9,422.15
Islamabad,2023-01-30T08:00:00Z,26.01,3.45,36.34,397.37
Quetta,2023-01-30T10:00:00Z,27.42,7.39,85.58,418.38
Peshawar,2023-01-30T12:00:00Z,26.56,0.32,35.9,414.05
Karachi,2023-01-30T14:00:00Z,24.36,5.4,30.87,415.18
Lahore,2023-01-30T16:00:00Z,27.14,6.25,77.33,438.16
Islamabad,2023-01-30T18:00:00Z,11.45,12.45,61.2,416.01
Quetta,2023-01-30T20:00:00Z,26.14,0,89.81,409.88
Peshawar,2023-01-30T22:00:00Z,23.87,3.75,86.03,403.84
Karachi,2023-01-31T00:00:00Z,18.47,4.68,53.54,433.17
Lahore,2023-01-31T02:00:00Z,31.58,0.57,37.47,427.62
Islamabad,2023-01-31T04:00:00Z,22.34,8.8,64.88,424.13
Quetta,2023-01-31T06:00:00Z,39.44,3.39,78.92,407.46
Peshawar,2023-01-31T08:00:00Z,23.33,5.44,42.06,400.28
Karachi,2023-01-31T10:00:00Z,42.56,0,69.05,409.35
Lahore,2023-01-31T12:00:00Z,28.63,6.6,75.73,408.11
Islamabad,2023-01-31T14:00:00Z,38.88,7.06,78.39,392.46
Quetta,2023-01-31T16:00:00Z,33.55,7.69,81.24,431.85
Peshawar,2023-01-31T18:00:00Z,17.64,0,34.9,395.31
Karachi,2023-01-31T20:00:00Z,24.46,1.68,50.76,405.24
Lahore,2023-01-31T22:00:00Z,29.66,1.71,40.75,385.42
Islamabad,2023-02-01T00:00:00Z,25.18,11.59,36.02,385.11
Quetta,2023-02-01T02:00:00Z,32.82,3.74,34.3,391.91
Peshawar,2023-02-01T04:00:00Z,31.7,4.23,30.23,398.91
Karachi,2023-02-01T06:00:00Z,29.89,3.22,34.14,431.13
Lahore,2023-02-01T08:00:00Z,33.19,2.74,50.18,443.73
Islamabad,2023-02-01T10:00:00Z,18.93,6.01,37.71,402.63
Quetta,2023-02-01T12:00:00Z,26.91,6.13,34.73,400.57
Peshawar,2023-02-01T14:00:00Z,21.26,0.29,65.23,430.29
Karachi,2023-02-01T16:00:00Z,35.46,0,50.62,417.93
Lahore,2023-02-01T18:00:00Z,29.91,0,58.04,450.75
Islamabad,2023-02-01T20:00:00Z,33.81,5.59,63.84,394.62
Quetta,2023-02-01T22:00:00Z,35.03,2.83,31.55,375.45
Peshawar,2023-02-02T00:00:00Z,36.11,6.39,53.07,441.42
Karachi,2023-02-02T02:00:00Z,38.69,2.71,57.48,388.86
Lahore,2023-02-02T04:00:00Z,28.6,0,48.1,423.5
Islamabad,2023-02-02T06:00:00Z,42.75,4.63,77.48,453.28
Quetta,2023-02-02T08:00:00Z,35.37,4.64,74.22,409.94
Peshawar,2023-02-02T10:00:00Z,30.44,0,48.61,397.83
Karachi,2023-02-02T12:00:00Z,15.77,10.68,31.42,424.12
Lahore,2023-02-02T14:00:00Z,26.19,0,35.92,417.69
Islamabad,2023-02-02T16:00:00Z,22.39,0,40.47,384.66
Quetta,2023-02-02T18:00:00Z,14.45,1.8,76.12,418.6
Peshawar,2023-02-02T20:00:00Z,40.64,7.35,36.06,405.8
Karachi,2023-02-02T22:00:00Z,26.64,0,55.38,407.02
Lahore,2023-02-03T00:00:00Z,24.59,4.87,75.56,438.71
Islamabad,2023-02-03T02:00:00Z,23.78,4.03,80.33,387.74
Quetta,2023-02-03T04:00:00Z,25.18,0,58.09,410.12
Peshawar,2023-02-03T06:00:00Z,20.55,0,75.14,394.37
Karachi,2023-02-03T08:00:00Z,47.92,1.99,50.14,367.7
Lahore,2023-02-03T10:00:00Z,29.58,3.63,39.02,408.87
Islamabad,2023-02-03T12:00:00Z,39.05,3.7,78.1,426.09
Quetta,2023-02-03T14:00:00Z,22.25,7.63,30.04,401.03
Peshawar,2023-02-03T16:00:00Z,8.85,4.16,69.04,413.21
Karachi,2023-02-03T18:00:00Z,36.75,0.45,73.63,407.85
Lahore,2023-02-03T20:00:00Z,22.03,0,31.96,401.21
Islamabad,2023-02-03T22:00:00Z,32.08,1.15,52.14,399.76
Quetta,2023-02-04T00:00:00Z,35.77,0,62.69,385.12
Peshawar,2023-02-04T02:00:00Z,36.09,12.56,50.33,395.45
Karachi,2023-02-04T04:00:00Z,28.98,0,69.25,426.56
Lahore,2023-02-04T06:00:00Z,17.57,0.23,73.9,393.31
Islamabad,2023-02-04T08:00:00Z,29.4,0,66.93,395.34
Quetta,2023-02-04T10:00:00Z,19.73,4.11,58.02,416.69
Peshawar,2023-02-04T12:00:00Z,26.96,8.56,70.12,407.08
Karachi,2023-02-04T14:00:00Z,34.75,0,64.15,437.42
Lahore,2023-02-04T16:00:00Z,42.34,6.2,55.41,426.92
Islamabad,2023-02-04T18:00:00Z,26.18,0,64.69,410.87
Quetta,2023-02-04T20:00:00Z,14.13,0,77.48,391.24
Peshawar,2023-02-04T22:00:00Z,20.78,0,83.94,401.61
Karachi,2023-02-05T00:00:00Z,27.57,2.33,80.81,409.02
Lahore,2023-02-05T02:00:00Z,36.27,4.0,54.9,430.69
Islamabad,2023-02-05T04:00:00Z,29.7,0,61.53,440.87
Quetta,2023-02-05T06:00:00Z,17.61,0,66.78,434.13
Peshawar,2023-02-05T08:00:00Z,31.91,0,85.56,438.72
Karachi,2023-02-05T10:00:00Z,10.41,0,40.1,405.47
Lahore,2023-02-05T12:00:00Z,38.06,0.96,74.78,396.35
Islamabad,2023-02-05T14:00:00Z,17.37,3.2,77.49,415.27
Quetta,2023-02-05T16:00:00Z,29.65,3.53,38.83,444.68
Peshawar,2023-02-05T18:00:00Z,29.49,4.52,65.78,385.26
Karachi,2023-02-05T20:00:00Z,28.36,7.35,84.23,399.55
Lahore,2023-02-05T22:00:00Z,31.46,0,42.15,422.88
Islamabad,2023-02-06T00:00:00Z,41.22,0,74.75,414.87
Quetta,2023-02-06T02:00:00Z,36.84,0.54,68.81,386.31
Peshawar,2023-02-06T04:00:00Z,43.93,0,67.35,413.46
Karachi,2023-02-06T06:00:00Z,22.48,2.08,55.21,400.73
Lahore,2023-02-06T08:00:00Z,33.96,6.85,77.84,400.69
Islamabad,2023-02-06T10:00:00Z,35.48,2.94,73.27,416.38
Quetta,2023-02-06T12:00:00Z,24.77,0.53,38.81,416.05
Peshawar,2023-02-06T14:00:00Z,21.32,3.62,53.58,395.42
Karachi,2023-02-06T16:00:00Z,15.19,1.92,62.1,429.65
Lahore,2023-02-06T18:00:00Z,44.76,0,60.68,417.01
Islamabad,2023-02-06T20:00:00Z,26.76,6.58,34.05,448.56
Quetta,2023-02-06T22:00:00Z,39.14,0,64.22,386.24
Peshawar,2023-02-07T00:00:00Z,23.89,3.88,53.61,417.25
Karachi,2023-02-07T02:00:00Z,37.29,2.31,44.06,424.59
Lahore,2023-02-07T04:00:00Z,36.42,0,46.55,409.25
Islamabad,2023-02-07T06:00:00Z,17.17,2.2,74.92,425.84
Quetta,2023-02-07T08:00:00Z,23.3,0,70.27,429.18
Peshawar,2023-02-07T10:00:00Z,38.46,3.34,65.06,430.93
Karachi,2023-02-07T12:00:00Z,33.58,4.56,50.27,408.24
Lahore,2023-02-07T14:00:00Z,25.58,0,35.96,412.0
Islamabad,2023-02-07T16:00:00Z,32.87,0,40.28,410.48
Quetta,2023-02-07T18:00:00Z,41.78,2.82,78.05,398.23
Peshawar,2023-02-07T20:00:00Z,24.15,9.49,43.76,391.31
Karachi,2023-02-07T22:00:00Z,22.24,0,52.54,402.25
Lahore,2023-02-08T00:00:00Z,33.05,3.2,68.73,406.0
Islamabad,2023-02-08T02:00:00Z,34.51,0,82.52,428.87
Quetta,2023-02-08T04:00:00Z,33.87,0,73.19,418.03
Peshawar,2023-02-08T06:00:00Z,29.49,1.65,80.77,374.93
Karachi,2023-02-08T08:00:00Z,26.43,7.42,82.24,375.25
Lahore,2023-02-08T10:00:00Z,29.98,0,43.0,407.01
Islamabad,2023-02-08T12:00:00Z,15.34,12.87,84.21,424.66
Quetta,2023-02-08T14:00:00Z,34.36,9.52,34.63,391.5
Peshawar,2023-02-08T16:00:00Z,26.83,5.72,37.93,400.74
Karachi,2023-02-08T18:00:00Z,43.61,1.15,83.73,377.28
Lahore,2023-02-08T20:00:00Z,22.37,2.12,76.79,430.46
Islamabad,2023-02-08T22:00:00Z,25.93,0,79.54,410.82
Quetta,2023-02-09T00:00:00Z,25.19,1.84,33.52,417.75
Peshawar,2023-02-09T02:00:00Z,44.8,3.06,34.89,407.04
Karachi,2023-02-09T04:00:00Z,23.8,10.07,49.92,403.7
Lahore,2023-02-09T06:00:00Z,27.23,2.07,86.57,426.43
Islamabad,2023-02-09T08:00:00Z,12.3,4.51,70.43,392.81
Quetta,2023-02-09T10:00:00Z,30.58,0,69.74,405.26
Peshawar,2023-02-09T12:00:00Z,12.37,1.44,79.41,396.54
Karachi,2023-02-09T14:00:00Z,38.39,0,55.83,413.13
Lahore,2023-02-09T16:00:00Z,21.06,0,46.0,398.13
Islamabad,2023-02-09T18:00:00Z,16.94,0,62.89,402.04
Quetta,2023-02-09T20:00:00Z,24.69,0,73.81,433.29
Peshawar,2023-02-09T22:00:00Z,23.13,0.93,50.44,427.99
Karachi,2023-02-10T00:00:00Z,28.18,10.2,84.84,410.26
Lahore,2023-02-10T02:00:00Z,19.01,0,77.59,405.5
Islamabad,2023-02-10T04:00:00Z,21.53,0,69.8,419.96
Quetta,2023-02-10T06:00:00Z,18.54,0.19,66.27,433.99
Peshawar,2023-02-10T08:00:00Z,14.95,7.28,43.43,413.79
Karachi,2023-02-10T10:00:00Z,26.26,10.11,86.65,387.76
Lahore,2023-02-10T12:00:00Z,18.53,3.62,66.87,431.8
Islamabad,2023-02-10T14:00:00Z,35.59,2.12,86.43,413.66
Quetta,2023-02-10T16:00:00Z,28.79,0.28,61.91,429.43
Peshawar,2023-02-10T18:00:00Z,18.13,0,75.76,429.54
Karachi,2023-02-10T20:00:00Z,34.88,8.14,79.62,426.06
Lahore,2023-02-10T22:00:00Z,24.37,4.51,83.82,410.46
Islamabad,2023-02-11T00:00:00Z,36.53,0,46.33,414.85
Quetta,2023-02-11T02:00:00Z,22.79,0,81.78,377.21
Peshawar,2023-02-11T04:00:00Z,17.09,13.06,85.44,395.2
Karachi,2023-02-11T06:00:00Z,17.18,2.17,68.15,418.94
Lahore,2023-02-11T08:00:00Z,27.29,2.53,74.74,428.54
Islamabad,2023-02-11T10:00:00Z,37.78,1.1,75.97,422.06
Quetta,2023-02-11T12:00:00Z,17.59,2.21,88.44,419.1
Peshawar,2023-02-11T14:00:00Z,35.25,0,43.01,419.05
Karachi,2023-02-11T16:00:00Z,29.52,0,34.56,407.5
Lahore,2023-02-11T18:00:00Z,14.52,4.24,76.93,398.67
Islamabad,2023-02-11T20:00:00Z,34.22,5.01,75.32,403.7
Quetta,2023-02-11T22:00:00Z,43.8,5.21,62.74,401.72
Peshawar,2023-02-12T00:00:00Z,20.61,0,51.01,386.66
Karachi,2023-02-12T02:00:00Z,23.64,1.68,69.39,434.69
Lahore,2023-02-12T04:00:00Z,30.57,2.34,31.27,387.05
Islamabad,2023-02-12T06:00:00Z,35.49,0,49.75,399.9
Quetta,2023-02-12T08:00:00Z,29.31,0,42.74,412.85
Peshawar,2023-02-12T10:00:00Z,38.13,5.85,54.08,421.95
Karachi,2023-02-12T12:00:00Z,23.77,2.79,53.88,396.77
Lahore,2023-02-12T14:00:00Z,32.35,2.43,58.92,414.77
Islamabad,2023-02-12T16:00:00Z,37.38,0,64.0,406.83
Quetta,2023-02-12T18:00:00Z,37.94,3.47,45.46,393.06
Peshawar,2023-02-12T20:00:00Z,24.0,0,53.48,399.39
Karachi,2023-02-12T22:00:00Z,24.97,7.9,58.34,397.33
Lahore,2023-02-13T00:00:00Z,26.55,5.43,81.21,393.25
Islamabad,2023-02-13T02:00:00Z,32.39,8.49,83.02,435.69
Quetta,2023-02-13T04:00:00Z,32.99,5.42,67.71,406.2
Peshawar,2023-02-13T06:00:00Z,31.63,0.94,86.98,422.21
Karachi,2023-02-13T08:00:00Z,12.94,0.33,46.28,382.89
Lahore,2023-02-13T10:00:00Z,41.99,9.86,81.65,417.46
Islamabad,2023-02-13T12:00:00Z,24.41,0,34.01,372.99
Quetta,2023-02-13T14:00:00Z,16.89,5.32,87.15,386.67
Peshawar,2023-02-13T16:00:00Z,20.45,7.54,35.74,394.17
Karachi,2023-02-13T18:00:00Z,30.96,13.38,41.13,408.39
Lahore,2023-02-13T20:00:00Z,27.97,0.68,75.21,409.54
Islamabad,2023-02-13T22:00:00Z,23.38,2.32,85.98,412.39
Quetta,2023-02-14T00:00:00Z,15.48,8.65,32.71,390.25
Peshawar,2023-02-14T02:00:00Z,28.65,0.14,49.21,414.9
Karachi,2023-02-14T04:00:00Z,10.76,0,78.09,392.01
Lahore,2023-02-14T06:00:00Z,34.69,1.92,51.11,432.92
Islamabad,2023-02-14T08:00:00Z,31.64,2.7,31.72,420.18
Quetta,2023-02-14T10:00:00Z,30.14,1.53,60.25,428.89
Peshawar,2023-02-14T12:00:00Z,27.84,0,65.66,381.98
Karachi,2023-02-14T14:00:00Z,13.11,0.05,38.74,394.04
Lahore,2023-02-14T16:00:00Z,34.05,0,46.78,394.1
Islamabad,2023-02-14T18:00:00Z,46.85,5.93,87.95,395.84
Quetta,2023-02-14T20:00:00Z,33.17,0.76,87.72,436.33
Peshawar,2023-02-14T22:00:00Z,22.04,5.59,45.33,414.36
Karachi,2023-02-15T00:00:00Z,29.02,0,82.81,417.05
Lahore,2023-02-15T02:00:00Z,25.14,5.45,74.86,420.31
Islamabad,2023-02-15T04:00:00Z,40.68,0,78.78,384.64
Quetta,2023-02-15T06:00:00Z,17.6,3.84,54.73,396.49
Peshawar,2023-02-15T08:00:00Z,26.21,1.0,39.0,424.84
Karachi,2023-02-15T10:00:00Z,21.14,6.98,63.78,433.0
Lahore,2023-02-15T12:00:00Z,38.12,0,51.75,395.58
Islamabad,2023-02-15T14:00:00Z,22.35,0,65.93,396.81
Quetta,2023-02-15T16:00:00Z,29.77,0,62.9,414.16
Peshawar,2023-02-15T18:00:00Z,28.45,5.04,50.59,419.55
Karachi,2023-02-15T20:00:00Z,26.33,2.19,35.49,385.88
Lahore,2023-02-15T22:00:00Z,41.53,5.25,72.53,439.07
Islamabad,2023-02-16T00:00:00Z,38.97,0,88.28,414.17
Quetta,2023-02-16T02:00:00Z,42.96,7.48,54.45,409.28
Peshawar,2023-02-16T04:00:00Z,32.35,6.39,51.08,420.03
Karachi,2023-02-16T06:00:00Z,38.3,5.83,69.23,402.54
Lahore,2023-02-16T08:00:00Z,38.8,0,43.05,422.37
Islamabad,2023-02-16T10:00:00Z,40.99,1.68,42.06,416.69
Quetta,2023-02-16T12:00:00Z,14.05,0,41.51,415.79
Peshawar,2023-02-16T14:00:00Z,27.11,5.67,35.07,403.74
Karachi,2023-02-16T16:00:00Z,18.88,0,74.54,400.71
Lahore,2023-02-16T18:00:00Z,37.98,0,40.79,398.77
Islamabad,2023-02-16T20:00:00Z,24.95,2.89,49.71,422.11
Quetta,2023-02-16T22:00:00Z,29.84,2.52,57.97,401.66
Peshawar,2023-02-17T00:00:00Z,33.83,3.76,86.72,419.26
Karachi,2023-02-17T02:00:00Z,13.47,2.6,49.53,400.52
Lahore,2023-02-17T04:00:00Z,27.9,2.03,46.28,415.62
Islamabad,2023-02-17T06:00:00Z,28.34,3.15,40.64,408.72
Quetta,2023-02-17T08:00:00Z,16.91,4.91,89.49,444.56
Peshawar,2023-02-17T10:00:00Z,30.68,0,69.09,428.08
Karachi,2023-02-17T12:00:00Z,30.02,0,73.95,405.1
Lahore,2023-02-17T14:00:00Z,36.31,9.33,56.34,448.93
Islamabad,2023-02-17T16:00:00Z,38.06,0.24,35.07,385.63
Quetta,2023-02-17T18:00:00Z,34.25,0,89.41,399.44
Peshawar,2023-02-17T20:00:00Z,41.15,0,77.18,381.79
Karachi,2023-02-17T22:00:00Z,27.92,4.78,88.66,415.65
Lahore,2023-02-18T00:00:00Z,33.81,3.56,62.96,420.69
Islamabad,2023-02-18T02:00:00Z,34.13,0,55.37,393.2
Quetta,2023-02-18T04:00:00Z,10.93,7.76,61.75,427.81
Peshawar,2023-02-18T06:00:00Z,25.14,4.73,47.8,388.15
Karachi,2023-02-18T08:00:00Z,43.49,10.0,68.05,394.91
Lahore,2023-02-18T10:00:00Z,24.38,0,36.0,422.98
Islamabad,2023-02-18T12:00:00Z,25.57,4.42,40.94,412.85
Quetta,2023-02-18T14:00:00Z,23.3,0,30.83,419.09
Peshawar,2023-02-18T16:00:00Z,29.83,2.71,72.52,431.39
Karachi,2023-02-18T18:00:00Z,34.53,9.83,32.32,441.55
Lahore,2023-02-18T20:00:00Z,13.57,0,75.18,411.61
Islamabad,2023-02-18T22:00:00Z,25.16,7.54,69.07,429.48
Quetta,2023-02-19T00:00:00Z,29.66,0,57.83,413.35
Peshawar,2023-02-19T02:00:00Z,42.24,0,49.75,391.86
Karachi,2023-02-19T04:00:00Z,30.51,7.0,82.59,413.61
Lahore,2023-02-19T06:00:00Z,21.73,0,81.72,384.65
Islamabad,2023-02-19T08:00:00Z,25.75,0.3,89.52,427.47
Quetta,2023-02-19T10:00:00Z,21.22,4.78,74.29,426.49
Peshawar,2023-02-19T12:00:00Z,26.24,6.61,56.76,421.67
Karachi,2023-02-19T14:00:00Z,24.94,9.81,78.04,408.38
Lahore,2023-02-19T16:00:00Z,30.9,0,80.86,404.36
Islamabad,2023-02-19T18:00:00Z,26.66,5.51,61.0,435.01
Quetta,2023-02-19T20:00:00Z,29.95,13.73,47.38,409.48
Peshawar,2023-02-19T22:00:00Z,10.57,0,37.7,422.98
Karachi,2023-02-20T00:00:00Z,37.0,1.85,80.54,414.36
Lahore,2023-02-20T02:00:00Z,7.58,11.24,89.25,395.95
Islamabad,2023-02-20T04:00:00Z,12.28,0,80.74,397.38
Quetta,2023-02-20T06:00:00Z,31.83,0,39.51,427.93
Peshawar,2023-02-20T08:00:00Z,28.74,13.94,48.1,396.05
Karachi,2023-02-20T10:00:00Z,48.11,0,88.7,417.17
Lahore,2023-02-20T12:00:00Z,30.29,2.42,68.27,413.15
Islamabad,2023-02-20T14:00:00Z,27.68,0,80.11,423.69
Quetta,2023-02-20T16:00:00Z,26.99,8.64,69.06,401.78
Peshawar,2023-02-20T18:00:00Z,28.55,6.71,30.66,384.53
Karachi,2023-02-20T20:00:00Z,22.04,1.84,65.76,411.68
Lahore,2023-02-20T22:00:00Z,23.93,0,66.4,418.13
Islamabad,2023-02-21T00:00:00Z,40.41,0,87.35,404.12
Quetta,2023-02-21T02:00:00Z,24.3,0,55.43,403.65
Peshawar,2023-02-21T04:00:00Z,30.59,4.35,46.95,417.26
Karachi,2023-02-21T06:00:00Z,27.72,5.55,40.35,433.74
Lahore,2023-02-21T08:00:00Z,33.81,5.58,50.18,429.35
Islamabad,2023-02-21T10:00:00Z,17.89,0,89.69,417.79
Quetta,2023-02-21T12:00:00Z,39.13,1.7,55.38,397.48
Peshawar,2023-02-21T14:00:00Z,28.29,9.38,62.68,401.1
Karachi,2023-02-21T16:00:00Z,26.85,0,88.42,397.82
Lahore,2023-02-21T18:00:00Z,20.54,0,44.64,419.06
Islamabad,2023-02-21T20:00:00Z,43.84,11.09,54.2,425.98
Quetta,2023-02-21T22:00:00Z,21.48,5.08,33.84,410.15
Peshawar,2023-02-22T00:00:00Z,37.35,0,40.19,398.79
Karachi,2023-02-22T02:00:00Z,15.21,0,49.29,403.93
Lahore,2023-02-22T04:00:00Z,17.4,12.4,30.24,408.49
Islamabad,2023-02-22T06:00:00Z,15.34,1.39,64.51,422.04
Quetta,2023-02-22T08:00:00Z,29.05,0,47.26,398.96
Peshawar,2023-02-22T10:00:00Z,40.24,1.45,68.16,415.3
Karachi,2023-02-22T12:00:00Z,33.58,2.83,85.47,422.05
Lahore,2023-02-22T14:00:00Z,35.18,6.48,41.7,405.53
Islamabad,2023-02-22T16:00:00Z,39.14,0,88.29,402.4
Quetta,2023-02-22T18:00:00Z,24.11,7.95,79.6,388.46
Peshawar,2023-02-22T20:00:00Z,22.16,3.8,35.47,402.79
Karachi,2023-02-22T22:00:00Z,42.82,5.17,45.49,423.4
Lahore,2023-02-23T00:00:00Z,35.81,2.66,56.5,422.42
Islamabad,2023-02-23T02:00:00Z,32.32,6.32,66.19,415.25
Quetta,2023-02-23T04:00:00Z,32.36,3.67,31.12,414.23
Peshawar,2023-02-23T06:00:00Z,30.17,4.85,72.4,436.26
Karachi,2023-02-23T08:00:00Z,13.26,4.72,85.14,395.19
Lahore,2023-02-23T10:00:00Z,36.13,4.01,52.19,391.41
Islamabad,2023-02-23T12:00:00Z,26.42,3.14,60.95,387.22
Quetta,2023-02-23T14:00:00Z,26.81,5.96,71.52,393.03
Peshawar,2023-02-23T16:00:00Z,26.46,4.51,87.72,416.02
Karachi,2023-02-23T18:00:00Z,40.48,4.16,36.39,427.44
Lahore,2023-02-23T20:00:00Z,15.78,0,72.88,433.5
Islamabad,2023-02-23T22:00:00Z,25.98,0,48.28,398.08
Quetta,2023-02-24T00:00:00Z,20.16,0,35.15,404.73
Peshawar,2023-02-24T02:00:00Z,37.7,0.88,75.24,409.94
Karachi,2023-02-24T04:00:00Z,30.0,9.87,32.88,417.09
Lahore,2023-02-24T06:00:00Z,30.94,4.25,83.44,409.76
Islamabad,2023-02-24T08:00:00Z,41.96,0,64.89,408.9
Quetta,2023-02-24T10:00:00Z,13.86,8.61,74.74,420.06
Peshawar,2023-02-24T12:00:00Z,23.06,0,88.8,432.54
Karachi,2023-02-24T14:00:00Z,25.05,0,42.21,427.92
Lahore,2023-02-24T16:00:00Z,27.49,3.29,37.62,417.53
Islamabad,2023-02-24T18:00:00Z,28.07,4.99,61.3,397.56
Quetta,2023-02-24T20:00:00Z,45.1,3.43,57.27,436.9
Peshawar,2023-02-24T22:00:00Z,40.16,0,54.65,405.78
Karachi,2023-02-25T00:00:00Z,46.85,0,60.1,385.66
Lahore,2023-02-25T02:00:00Z,23.14,2.57,40.77,407.78
Islamabad,2023-02-25T04:00:00Z,23.74,0,48.86,407.21
Quetta,2023-02-25T06:00:00Z,25.42,2.15,52.09,421.37
Peshawar,2023-02-25T08:00:00Z,16.52,0,78.83,403.42
Karachi,2023-02-25T10:00:00Z,29.35,4.04,61.24,414.85
Lahore,2023-02-25T12:00:00Z,32.57,9.69,79.31,391.76
Islamabad,2023-02-25T14:00:00Z,32.84,3.16,54.95,412.48
Quetta,2023-02-25T16:00:00Z,31.95,8.05,67.66,433.76
Peshawar,2023-02-25T18:00:00Z,36.03,2.38,73.3,394.09
Karachi,2023-02-25T20:00:00Z,36.8,5.16,49.84,422.16
Lahore,2023-02-25T22:00:00Z,27.92,6.79,44.43,422.44
Islamabad,2023-02-26T00:00:00Z,25.62,6.49,81.61,422.72
Quetta,2023-02-26T02:00:00Z,24.94,1.79,69.62,411.32
Peshawar,2023-02-26T04:00:00Z,15.93,0.9,80.72,411.09
Karachi,2023-02-26T06:00:00Z,41.61,4.7,66.77,384.82
Lahore,2023-02-26T08:00:00Z,34.74,0,46.79,415.4
Islamabad,2023-02-26T10:00:00Z,28.39,2.96,37.57,427.5
Quetta,2023-02-26T12:00:00Z,37.44,2.58,70.51,427.19
Peshawar,2023-02-26T14:00:00Z,16.09,0,81.07,413.93
Karachi,2023-02-26T16:00:00Z,40.35,7.48,55.17,404.2
Lahore,2023-02-26T18:00:00Z,26.85,0,32.01,377.74
Islamabad,2023-02-26T20:00:00Z,33.65,0,77.21,403.71
Quetta,2023-02-26T22:00:00Z,29.55,3.0,48.79,396.76
Peshawar,2023-02-27T00:00:00Z,24.79,6.69,82.76,419.03
Karachi,2023-02-27T02:00:00Z,25.08,3.11,74.56,410.54
Lahore,2023-02-27T04:00:00Z,18.66,11.64,46.49,410.9
Islamabad,2023-02-27T06:00:00Z,21.73,3.16,35.19,387.09
Quetta,2023-02-27T08:00:00Z,33.09,3.58,56.4,404.55
Peshawar,2023-02-27T10:00:00Z,22.65,0.42,67.45,405.47
Karachi,2023-02-27T12:00:00Z,30.56,0,30.96,426.14
Lahore,2023-02-27T14:00:00Z,15.95,4.56,40.15,435.04
Islamabad,2023-02-27T16:00:00Z,15.2,0,48.86,421.34
Quetta,2023-02-27T18:00:00Z,15.34,13.75,40.1,384.88
Peshawar,2023-02-27T20:00:00Z,38.89,0,30.03,412.27
Karachi,2023-02-27T22:00:00Z,20.15,12.11,32.29,393.89
Lahore,2023-02-28T00:00:00Z,30.59,5.59,66.75,386.61
Islamabad,2023-02-28T02:00:00Z,25.39,3.31,49.5,405.72
Quetta,2023-02-28T04:00:00Z,24.71,1.91,72.58,441.96
Peshawar,2023-02-28T06:00:00Z,25.32,0,59.04,404.43
Karachi,2023-02-28T08:00:00Z,35.72,3.75,62.93,436.36
Lahore,2023-02-28T10:00:00Z,33.25,8.58,84.27,417.81
Islamabad,2023-02-28T12:00:00Z,15.52,5.38,86.43,417.23
Quetta,2023-02-28T14:00:00Z,22.18,1.28,45.52,379.86
Peshawar,2023-02-28T16:00:00Z,21.76,0,67.58,440.87
Karachi,2023-02-28T18:00:00Z,18.02,3.6,55.4,406.71
Lahore,2023-02-28T20:00:00Z,28.83,9.46,51.39,395.63
Islamabad,2023-02-28T22:00:00Z,21.7,1.42,38.63,396.19
Quetta,2023-03-01T00:00:00Z,27.31,0,73.12,419.02
Peshawar,2023-03-01T02:00:00Z,30.07,10.67,74.81,389.29
Karachi,2023-03-01T04:00:00Z,30.74,0,59.0,412.37
Lahore,2023-03-01T06:00:00Z,27.27,1.46,73.72,417.91
Islamabad,2023-03-01T08:00:00Z,21.16,9.81,74.2,448.87
Quetta,2023-03-01T10:00:00Z,17.11,1.29,30.96,398.42
Peshawar,2023-03-01T12:00:00Z,32.85,11.04,83.93,407.3
Karachi,2023-03-01T14:00:00Z,17.19,0,53.44,397.45
Lahore,2023-03-01T16:00:00Z,30.74,0,64.44,401.28
Islamabad,2023-03-01T18:00:00Z,32.42,0,38.64,419.66
Quetta,2023-03-01T20:00:00Z,35.62,6.62,45.13,398.67
Peshawar,2023-03-01T22:00:00Z,25.39,4.48,53.33,407.11
Karachi,2023-03-02T00:00:00Z,14.48,0,70.3,399.56
Lahore,2023-03-02T02:00:00Z,5.84,1.63,52.55,395.19
Islamabad,2023-03-02T04:00:00Z,29.9,6.5,69.98,424.06
Quetta,2023-03-02T06:00:00Z,25.11,3.42,81.12,381.42
Peshawar,2023-03-02T08:00:00Z,17.93,5.62,88.1,416.65
Karachi,2023-03-02T10:00:00Z,39.09,5.8,34.49,411.43
Lahore,2023-03-02T12:00:00Z,39.89,0,35.39,407.38
Islamabad,2023-03-02T14:00:00Z,40.66,0,47.28,391.38
Quetta,2023-03-02T16:00:00Z,18.37,0,83.66,425.88
Peshawar,2023-03-02T18:00:00Z,39.48,2.64,37.61,415.3
Karachi,2023-03-02T20:00:00Z,24.16,10.83,42.0,442.94
Lahore,2023-03-02T22:00:00Z,29.04,8.36,87.75,395.32
Islamabad,2023-03-03T00:00:00Z,21.19,3.28,42.22,397.55
Quetta,2023-03-03T02:00:00Z,34.54,16.05,34.4,402.05
Peshawar,2023-03-03T04:00:00Z,33.89,0,33.32,421.05
Karachi,2023-03-03T06:00:00Z,28.05,2.47,74.38,395.82
Lahore,2023-03-03T08:00:00Z,17.08,4.42,53.23,400.72
Islamabad,2023-03-03T10:00:00Z,38.79,2.0,45.07,400.66
Quetta,2023-03-03T12:00:00Z,17.84,10.25,85.9,388.71
Peshawar,2023-03-03T14:00:00Z,25.0,8.0,38.49,424.27
Karachi,2023-03-03T16:00:00Z,26.27,2.85,46.01,397.42
Lahore,2023-03-03T18:00:00Z,25.07,2.62,47.88,434.09
Islamabad,2023-03-03T20:00:00Z,33.45,3.5,81.23,394.77
Quetta,2023-03-03T22:00:00Z,31.04,1.9,36.97,428.75
Peshawar,2023-03-04T00:00:00Z,35.61,1.9,33.02,403.34
Karachi,2023-03-04T02:00:00Z,20.67,2.34,51.19,416.9
Lahore,2023-03-04T04:00:00Z,34.6,0,74.52,397.75
Islamabad,2023-03-04T06:00:00Z,38.95,7.82,75.69,395.89
Quetta,2023-03-04T08:00:00Z,29.94,0,30.42,367.16
Peshawar,2023-03-04T10:00:00Z,15.51,4.47,39.82,375.18
Karachi,2023-03-04T12:00:00Z,32.02,3.53,54.88,418.37
Lahore,2023-03-04T14:00:00Z,34.27,0,41.82,402.0
Islamabad,2023-03-04T16:00:00Z,25.56,0,80.66,425.43
Quetta,2023-03-04T18:00:00Z,27.66,1.93,86.7,401.47
Peshawar,2023-03-04T20:00:00Z,26.06,4.02,49.76,422.27
Karachi,2023-03-04T22:00:00Z,25.8,0,64.7,398.39
Lahore,2023-03-05T00:00:00Z,34.78,0,57.94,414.86
Islamabad,2023-03-05T02:00:00Z,41.1,4.38,66.89,438.86
Quetta,2023-03-05T04:00:00Z,25.11,2.01,59.78,433.47
Peshawar,2023-03-05T06:00:00Z,18.62,0,85.52,417.75
Karachi,2023-03-05T08:00:00Z,35.27,3.33,75.94,401.64
Lahore,2023-03-05T10:00:00Z,38.59,0,46.87,419.19
Islamabad,2023-03-05T12:00:00Z,24.21,10.94,39.04,394.09
Quetta,2023-03-05T14:00:00Z,25.22,0,65.7,392.82
Peshawar,2023-03-05T16:00:00Z,23.78,1.42,48.67,441.03
Karachi,2023-03-05T18:00:00Z,27.98,0,47.75,418.35
Lahore,2023-03-05T20:00:00Z,22.56,2.31,62.48,416.23
Islamabad,2023-03-05T22:00:00Z,26.69,4.19,59.17,382.0
Quetta,2023-03-06T00:00:00Z,19.44,0,87.05,421.01
Peshawar,2023-03-06T02:00:00Z,31.47,0,37.36,423.91
Karachi,2023-03-06T04:00:00Z,21.47,3.04,84.61,415.88
Lahore,2023-03-06T06:00:00Z,37.4,0,75.95,416.37
Islamabad,2023-03-06T08:00:00Z,30.4,0.34,40.62,397.96
Quetta,2023-03-06T10:00:00Z,33.29,0,43.33,409.65
Peshawar,2023-03-06T12:00:00Z,37.13,0.02,88.45,391.71
Karachi,2023-03-06T14:00:00Z,21.03,7.19,37.37,388.2
Lahore,2023-03-06T16:00:00Z,32.31,0,37.57,423.55
Islamabad,2023-03-06T18:00:00Z,34.61,0,63.32,405.71
Quetta,2023-03-06T20:00:00Z,28.69,3.7,65.37,403.06
Peshawar,2023-03-06T22:00:00Z,26.18,0.79,34.98,403.98
Karachi,2023-03-07T00:00:00Z,47.25,8.38,70.52,403.21
Lahore,2023-03-07T02:00:00Z,0.18,4.02,41.27,400.23
Islamabad,2023-03-07T04:00:00Z,29.54,2.04,63.49,406.2
Quetta,2023-03-07T06:00:00Z,17.39,10.35,35.81,407.92
Peshawar,2023-03-07T08:00:00Z,16.39,0.52,47.92,396.17
Karachi,2023-03-07T10:00:00Z,21.16,11.77,56.49,395.73
Lahore,2023-03-07T12:00:00Z,30.55,1.06,81.73,420.08
Islamabad,2023-03-07T14:00:00Z,22.84,6.29,87.95,393.21
Quetta,2023-03-07T16:00:00Z,25.07,5.97,55.3,413.74
Peshawar,2023-03-07T18:00:00Z,33.17,0,64.71,391.69
Karachi,2023-03-07T20:00:00Z,17.61,0,48.87,435.93
Lahore,2023-03-07T22:00:00Z,29.7,0,89.45,413.18
Islamabad,2023-03-08T00:00:00Z,31.93,3.76,31.65,398.3
Quetta,2023-03-08T02:00:00Z,17.97,1.51,34.62,392.28
Peshawar,2023-03-08T04:00:00Z,12.16,0,78.62,385.75
Karachi,2023-03-08T06:00:00Z,24.94,0,63.92,414.94
Lahore,2023-03-08T08:00:00Z,28.92,0,81.86,389.95
Islamabad,2023-03-08T10:00:00Z,22.42,7.34,42.42,404.84
Quetta,2023-03-08T12:00:00Z,26.09,2.64,46.97,387.83
Peshawar,2023-03-08T14:00:00Z,29.56,1.09,62.1,430.05
Karachi,2023-03-08T16:00:00Z,31.08,0,75.36,422.75
Lahore,2023-03-08T18:00:00Z,40.89,2.35,86.76,410.54
Islamabad,2023-03-08T20:00:00Z,24.35,11.79,87.31,391.54
Quetta,2023-03-08T22:00:00Z,28.61,3.8,47.34,410.67
Peshawar,2023-03-09T00:00:00Z,32.34,0.53,60.21,404.44
Karachi,2023-03-09T02:00:00Z,24.21,6.18,69.3,410.51
Lahore,2023-03-09T04:00:00Z,27.56,2.51,34.09,391.62
Islamabad,2023-03-09T06:00:00Z,24.38,0,73.79,429.05
Quetta,2023-03-09T08:00:00Z,6.26,1.82,34.28,399.3
Peshawar,2023-03-09T10:00:00Z,42.79,5.84,48.29,411.29
Karachi,2023-03-09T12:00:00Z,32.54,0,45.63,426.41
Lahore,2023-03-09T14:00:00Z,30.13,8.84,82.54,422.35
Islamabad,2023-03-09T16:00:00Z,33.33,1.03,84.28,425.44
Quetta,2023-03-09T18:00:00Z,25.38,1.85,48.37,420.31
Peshawar,2023-03-09T20:00:00Z,11.14,0,70.76,429.02
Karachi,2023-03-09T22:00:00Z,23.15,9.7,66.06,388.36
Lahore,2023-03-10T00:00:00Z,34.93,7.47,73.16,415.46
Islamabad,2023-03-10T02:00:00Z,21.13,4.12,61.02,415.29
Quetta,2023-03-10T04:00:00Z,26.01,4.71,82.17,418.31
Peshawar,2023-03-10T06:00:00Z,28.43,1.37,79.59,425.66
Karachi,2023-03-10T08:00:00Z,30.2,2.46,44.83,409.63
Lahore,2023-03-10T10:00:00Z,25.33,0,52.08,419.78
Islamabad,2023-03-10T12:00:00Z,30.91,0,49.39,418.46
Quetta,2023-03-10T14:00:00Z,27.27,0,31.15,414.96
Peshawar,2023-03-10T16:00:00Z,25.59,0,63.48,404.27
Karachi,2023-03-10T18:00:00Z,24.63,3.75,80.6,427.41
Lahore,2023-03-10T20:00:00Z,26.6,0,72.02,415.71
Islamabad,2023-03-10T22:00:00Z,45.05,0,55.29,408.02
Quetta,2023-03-11T00:00:00Z,23.26,11.41,86.62,409.67
Peshawar,2023-03-11T02:00:00Z,29.19,0,43.13,430.63
Karachi,2023-03-11T04:00:00Z,28.74,0,86.93,388.36
Lahore,2023-03-11T06:00:00Z,24.05,0.97,33.0,412.9
Islamabad,2023-03-11T08:00:00Z,16.39,7.17,47.06,416.57
Quetta,2023-03-11T10:00:00Z,27.09,3.17,50.3,384.53
Peshawar,2023-03-11T12:00:00Z,32.66,4.02,32.27,398.8
Karachi,2023-03-11T14:00:00Z,22.09,0,59.29,407.68
Lahore,2023-03-11T16:00:00Z,29.16,6.37,43.89,377.53
Islamabad,2023-03-11T18:00:00Z,38.65,0,42.09,412.22
Quetta,2023-03-11T20:00:00Z,23.37,1.28,86.79,410.27
Peshawar,2023-03-11T22:00:00Z,16.36,1.65,57.58,401.86
Karachi,2023-03-12T00:00:00Z,33.26,4.19,77.31,404.78
Lahore,2023-03-12T02:00:00Z,23.79,5.73,67.04,388.76
Islamabad,2023-03-12T04:00:00Z,26.92,4.78,35.58,410.87
Quetta,2023-03-12T06:00:00Z,27.79,1.89,40.33,433.81
Peshawar,2023-03-12T08:00:00Z,29.61,9.55,32.84,416.86
Karachi,2023-03-12T10:00:00Z,30.82,0.77,77.26,418.71
Lahore,2023-03-12T12:00:00Z,29.27,0,38.79,407.68
Islamabad,2023-03-12T14:00:00Z,12.34,0,85.32,412.43
Quetta,2023-03-12T16:00:00Z,27.67,8.67,57.38,386.0
Peshawar,2023-03-12T18:00:00Z,19.54,0,70.48,423.38
Karachi,2023-03-12T20:00:00Z,23.75,3.94,48.64,372.83
Lahore,2023-03-12T22:00:00Z,30.65,0,36.28,390.04
Islamabad,2023-03-13T00:00:00Z,35.37,5.18,66.01,390.43
Quetta,2023-03-13T02:00:00Z,33.26,0,44.13,411.68
Peshawar,2023-03-13T04:00:00Z,30.25,0,35.54,423.35
Karachi,2023-03-13T06:00:00Z,26.64,0.72,65.26,433.46
Lahore,2023-03-13T08:00:00Z,21.19,4.52,83.35,403.66
Islamabad,2023-03-13T10:00:00Z,26.59,0,55.56,399.2
Quetta,2023-03-13T12:00:00Z,36.51,3.66,89.68,435.62
Peshawar,2023-03-13T14:00:00Z,18.52,0,70.12,410.93
Karachi,2023-03-13T16:00:00Z,19.9,9.09,66.33,387.74
Lahore,2023-03-13T18:00:00Z,28.02,1.46,40.93,413.53
Islamabad,2023-03-13T20:00:00Z,33.0,0,44.71,421.05
Quetta,2023-03-13T22:00:00Z,21.49,0,44.55,393.73
Peshawar,2023-03-14T00:00:00Z,27.98,0,67.88,420.25
Karachi,2023-03-14T02:00:00Z,23.84,5.07,52.34,389.22
Lahore,2023-03-14T04:00:00Z,31.42,3.13,88.54,392.83
Islamabad,2023-03-14T06:00:00Z,39.87,2.73,49.67,392.59
Quetta,2023-03-14T08:00:00Z,25.28,2.93,84.97,402.0
Peshawar,2023-03-14T10:00:00Z,28.35,5.89,39.7,408.87
Karachi,2023-03-14T12:00:00Z,33.72,5.26,46.85,418.02
Lahore,2023-03-14T14:00:00Z,13.13,2.91,65.32,409.28
Islamabad,2023-03-14T16:00:00Z,18.93,0,63.52,404.28
Quetta,2023-03-14T18:00:00Z,31.76,4.49,49.6,430.98
Peshawar,2023-03-14T20:00:00Z,16.51,1.8,76.05,388.76
Karachi,2023-03-14T22:00:00Z,34.85,2.82,64.63,394.6
Lahore,2023-03-15T00:00:00Z,30.54,0,50.34,424.24
Islamabad,2023-03-15T02:00:00Z,19.96,8.24,43.51,407.73
Quetta,2023-03-15T04:00:00Z,27.4,9.88,33.7,425.27
Peshawar,2023-03-15T06:00:00Z,39.17,0,44.0,409.17
Karachi,2023-03-15T08:00:00Z,27.74,4.3,48.02,401.96
Lahore,2023-03-15T10:00:00Z,31.15,3.49,67.7,417.76
Islamabad,2023-03-15T12:00:00Z,22.29,12.23,33.57,393.3
Quetta,2023-03-15T14:00:00Z,11.85,0,60.33,412.65
Peshawar,2023-03-15T16:00:00Z,22.8,0,71.58,392.95
Karachi,2023-03-15T18:00:00Z,15.52,0,47.88,411.54
Lahore,2023-03-15T20:00:00Z,40.62,0,50.74,422.77
Islamabad,2023-03-15T22:00:00Z,23.11,0,68.08,416.21
Quetta,2023-03-16T00:00:00Z,25.12,0.56,78.36,412.29
Peshawar,2023-03-16T02:00:00Z,26.8,0,30.98,424.91
Karachi,2023-03-16T04:00:00Z,18.42,0,46.87,395.62
Lahore,2023-03-16T06:00:00Z,24.48,11.33,57.35,410.06
Islamabad,2023-03-16T08:00:00Z,30.48,0,44.87,410.35
Quetta,2023-03-16T10:00:00Z,28.37,0,67.04,425.47
Peshawar,2023-03-16T12:00:00Z,26.36,0,53.99,411.2
Karachi,2023-03-16T14:00:00Z,18.77,3.98,35.46,431.4
Lahore,2023-03-16T16:00:00Z,22.67,10.64,59.79,396.25
Islamabad,2023-03-16T18:00:00Z,13.32,1.72,46.97,406.96
Quetta,2023-03-16T20:00:00Z,27.65,0,54.86,416.23
Peshawar,2023-03-16T22:00:00Z,26.84,0,47.06,413.04
Karachi,2023-03-17T00:00:00Z,35.25,0,44.72,427.81
Lahore,2023-03-17T02:00:00Z,28.43,0,34.69,405.44
Islamabad,2023-03-17T04:00:00Z,19.62,2.72,41.63,407.34
Quetta,2023-03-17T06:00:00Z,20.73,5.11,48.29,420.66
Peshawar,2023-03-17T08:00:00Z,30.29,4.31,52.85,393.25
Karachi,2023-03-17T10:00:00Z,39.07,1.04,67.65,447.06
Lahore,2023-03-17T12:00:00Z,15.02,0,89.3,410.73
Islamabad,2023-03-17T14:00:00Z,8.16,7.0,69.31,418.1
Quetta,2023-03-17T16:00:00Z,30.89,0,73.97,399.69
Peshawar,2023-03-17T18:00:00Z,23.88,6.14,68.28,408.22
Karachi,2023-03-17T20:00:00Z,18.87,4.8,63.65,393.86
Lahore,2023-03-17T22:00:00Z,20.67,0,83.34,412.43
Islamabad,2023-03-18T00:00:00Z,40.94,1.12,75.17,392.0
Quetta,2023-03-18T02:00:00Z,27.81,2.58,36.88,418.6
Peshawar,2023-03-18T04:00:00Z,33.82,3.69,79.39,402.67
Karachi,2023-03-18T06:00:00Z,27.0,11.2,57.9,421.49
Lahore,2023-03-18T08:00:00Z,11.02,0,48.02,410.75
Islamabad,2023-03-18T10:00:00Z,35.17,2.32,81.14,406.64
Quetta,2023-03-18T12:00:00Z,29.53,8.17,30.51,423.77
Peshawar,2023-03-18T14:00:00Z,39.49,2.4,70.95,395.41
Karachi,2023-03-18T16:00:00Z,27.38,0,38.11,408.78
Lahore,2023-03-18T18:00:00Z,17.19,2.66,82.01,391.71
Islamabad,2023-03-18T20:00:00Z,26.25,0,87.68,400.09
Quetta,2023-03-18T22:00:00Z,48.81,2.02,63.01,388.47
Peshawar,2023-03-19T00:00:00Z,32.94,6.95,39.28,407.28
Karachi,2023-03-19T02:00:00Z,33.77,3.82,31.72,407.42
Lahore,2023-03-19T04:00:00Z,31.76,4.54,72.46,372.11
Islamabad,2023-03-19T06:00:00Z,17.73,0,37.56,384.02
Quetta,2023-03-19T08:00:00Z,25.79,0,38.82,400.01
Peshawar,2023-03-19T10:00:00Z,33.54,0,32.66,434.09
Karachi,2023-03-19T12:00:00Z,24.3,8.86,87.58,425.15
Lahore,2023-03-19T14:00:00Z,27.92,3.64,40.27,410.79
Islamabad,2023-03-19T16:00:00Z,38.48,4.73,51.59,415.91
Quetta,2023-03-19T18:00:00Z,28.74,0,50.09,430.25
Peshawar,2023-03-19T20:00:00Z,33.65,0,60.86,441.62
Karachi,2023-03-19T22:00:00Z,35.3,3.59,49.38,407.96
Lahore,2023-03-20T00:00:00Z,21.83,8.75,36.51,421.6
Islamabad,2023-03-20T02:00:00Z,21.13,10.98,45.75,401.8
Quetta,2023-03-20T04:00:00Z,46.65,0,56.46,422.88
Peshawar,2023-03-20T06:00:00Z,31.77,0,81.04,407.23
Karachi,2023-03-20T08:00:00Z,26.31,0,59.41,382.16
Lahore,2023-03-20T10:00:00Z,32.88,3.93,88.72,410.77
Islamabad,2023-03-20T12:00:00Z,29.68,3.22,31.35,404.49
Quetta,2023-03-20T14:00:00Z,27.27,0,34.23,426.3
Peshawar,2023-03-20T16:00:00Z,20.75,0,59.44,392.19
Karachi,2023-03-20T18:00:00Z,35.38,0,52.34,424.44
Lahore,2023-03-20T20:00:00Z,19.53,5.28,54.32,423.16
Islamabad,2023-03-20T22:00:00Z,31.66,0,78.49,405.88
Quetta,2023-03-21T00:00:00Z,41.94,0,36.17,424.08
Peshawar,2023-03-21T02:00:00Z,16.69,5.13,72.62,379.03
Karachi,2023-03-21T04:00:00Z,31.83,10.82,65.54,420.67
Lahore,2023-03-21T06:00:00Z,37.04,1.81,70.13,410.27
Islamabad,2023-03-21T08:00:00Z,28.01,0,52.18,410.72
Quetta,2023-03-21T10:00:00Z,24.02,0,30.27,377.98
Peshawar,2023-03-21T12:00:00Z,28.83,0,74.7,422.23
Karachi,2023-03-21T14:00:00Z,20.39,0,51.47,406.69
Lahore,2023-03-21T16:00:00Z,22.52,8.92,71.88,426.99
Islamabad,2023-03-21T18:00:00Z,19.92,9.45,80.69,403.5
Quetta,2023-03-21T20:00:00Z,39.97,8.95,69.33,414.13
Peshawar,2023-03-21T22:00:00Z,26.14,1.66,41.24,405.09
Karachi,2023-03-22T00:00:00Z,21.32,4.86,36.0,398.15
Lahore,2023-03-22T02:00:00Z,27.51,0,35.9,411.68
Islamabad,2023-03-22T04:00:00Z,28.28,7.1,59.64,402.16
Quetta,2023-03-22T06:00:00Z,37.36,0.72,56.37,412.76
Peshawar,2023-03-22T08:00:00Z,28.35,0.4,65.15,399.39
Karachi,2023-03-22T10:00:00Z,20.39,8.22,65.87,397.15
Lahore,2023-03-22T12:00:00Z,25.31,0.4,72.39,408.06
Islamabad,2023-03-22T14:00:00Z,20.28,4.72,49.69,377.65
Quetta,2023-03-22T16:00:00Z,24.69,3.53,55.46,410.09
Peshawar,2023-03-22T18:00:00Z,18.61,4.31,88.05,419.57
Karachi,2023-03-22T20:00:00Z,33.54,0,78.29,408.11
Lahore,2023-03-22T22:00:00Z,26.91,0,43.49,435.23
Islamabad,2023-03-23T00:00:00Z,41.21,0,32.42,392.56
Quetta,2023-03-23T02:00:00Z,24.69,0,38.44,406.44
Peshawar,2023-03-23T04:00:00Z,14.54,3.49,82.74,397.2
Karachi,2023-03-23T06:00:00Z,28.9,5.75,41.68,422.19
Lahore,2023-03-23T08:00:00Z,27.4,1.85,34.16,416.18
Islamabad,2023-03-23T10:00:00Z,18.76,0,69.88,402.96
Quetta,2023-03-23T12:00:00Z,16.72,3.24,62.34,406.46
Peshawar,2023-03-23T14:00:00Z,28.84,10.2,70.74,402.31
Karachi,2023-03-23T16:00:00Z,29.89,5.81,54.97,409.52
Lahore,2023-03-23T18:00:00Z,30.46,13.51,36.18,409.82
Islamabad,2023-03-23T20:00:00Z,25.81,9.12,65.58,420.73
Quetta,2023-03-23T22:00:00Z,35.93,10.06,74.39,447.45
Peshawar,2023-03-24T00:00:00Z,33.77,0,59.38,408.46
Karachi,2023-03-24T02:00:00Z,6.28,9.65,36.92,421.52
Lahore,2023-03-24T04:00:00Z,29.93,5.18,41.84,390.44
Islamabad,2023-03-24T06:00:00Z,35.17,0,35.12,424.09
Quetta,2023-03-24T08:00:00Z,43.97,7.93,42.05,384.71
Peshawar,2023-03-24T10:00:00Z,40.93,4.84,48.63,420.96
Karachi,2023-03-24T12:00:00Z,21.8,1.52,66.57,421.25
Lahore,2023-03-24T14:00:00Z,23.51,0.32,86.05,422.56
Islamabad,2023-03-24T16:00:00Z,32.93,0.26,78.88,412.59
Quetta,2023-03-24T18:00:00Z,15.06,7.14,61.81,435.59
Peshawar,2023-03-24T20:00:00Z,25.14,1.06,42.27,403.26
Karachi,2023-03-24T22:00:00Z,23.0,0,77.53,416.28
Lahore,2023-03-25T00:00:00Z,33.63,5.24,47.57,406.98
Islamabad,2023-03-25T02:00:00Z,31.75,5.3,54.05,400.05
Quetta,2023-03-25T04:00:00Z,34.71,0,50.2,413.73
Peshawar,2023-03-25T06:00:00Z,28.71,0,64.43,423.31
Karachi,2023-03-25T08:00:00Z,34.4,7.25,51.35,423.53
Lahore,2023-03-25T10:00:00Z,21.83,0,48.13,417.08
Islamabad,2023-03-25T12:00:00Z,34.72,0,88.09,389.19
Quetta,2023-03-25T14:00:00Z,24.62,5.73,83.66,420.95
Peshawar,2023-03-25T16:00:00Z,24.18,0,49.01,404.19
Karachi,2023-03-25T18:00:00Z,30.43,5.6,57.08,423.59
Lahore,2023-03-25T20:00:00Z,41.67,4.55,87.86,406.48
Islamabad,2023-03-25T22:00:00Z,29.17,0.85,80.65,404.74
Quetta,2023-03-26T00:00:00Z,13.34,1.96,44.63,407.2
Peshawar,2023-03-26T02:00:00Z,12.23,5.15,61.89,410.56
Karachi,2023-03-26T04:00:00Z,17.31,8.59,88.75,416.08
Lahore,2023-03-26T06:00:00Z,23.71,1.74,30.5,407.76
Islamabad,2023-03-26T08:00:00Z,34.7,0.88,53.71,395.22
Quetta,2023-03-26T10:00:00Z,38.74,0,37.64,403.97
Peshawar,2023-03-26T12:00:00Z,29.27,1.18,51.73,404.46
Karachi,2023-03-26T14:00:00Z,33.31,0,48.52,396.98
Lahore,2023-03-26T16:00:00Z,41.52,3.59,59.13,414.09
Islamabad,2023-03-26T18:00:00Z,32.07,1.75,86.99,407.24
Quetta,2023-03-26T20:00:00Z,3.34,2.07,57.85,429.88
Peshawar,2023-03-26T22:00:00Z,14.1,9.53,77.82,417.04
Karachi,2023-03-27T00:00:00Z,31.14,3.88,68.86,415.69
Lahore,2023-03-27T02:00:00Z,17.67,0,59.5,384.81
Islamabad,2023-03-27T04:00:00Z,16.75,0,50.72,398.83
Quetta,2023-03-27T06:00:00Z,36.44,4.51,51.06,369.13
Peshawar,2023-03-27T08:00:00Z,31.96,6.41,52.24,427.89
Karachi,2023-03-27T10:00:00Z,32.26,3.48,44.19,404.44
Lahore,2023-03-27T12:00:00Z,28.62,0,68.03,422.82
Islamabad,2023-03-27T14:00:00Z,41.39,0,47.24,421.89
Quetta,2023-03-27T16:00:00Z,32.67,0,86.37,374.68
Peshawar,2023-03-27T18:00:00Z,28.92,2.14,79.81,404.92
Karachi,2023-03-27T20:00:00Z,17.97,2.14,31.39,402.5
Lahore,2023-03-27T22:00:00Z,24.3,0,69.57,392.94
Islamabad,2023-03-28T00:00:00Z,35.97,0,49.97,417.85
Quetta,2023-03-28T02:00:00Z,40.32,0,51.61,422.9
Peshawar,2023-03-28T04:00:00Z,20.71,11.55,32.49,413.68
Karachi,2023-03-28T06:00:00Z,17.07,0,47.03,384.07
Lahore,2023-03-28T08:00:00Z,33.82,6.52,62.73,427.32
Islamabad,2023-03-28T10:00:00Z,40.02,0,57.71,406.07
Quetta,2023-03-28T12:00:00Z,41.47,9.9,42.91,414.56
Peshawar,2023-03-28T14:00:00Z,24.19,0,35.53,413.12
Karachi,2023-03-28T16:00:00Z,35.91,6.2,49.25,420.45
Lahore,2023-03-28T18:00:00Z,33.61,2.36,47.17,397.5
Islamabad,2023-03-28T20:00:00Z,36.72,2.62,31.98,408.77
Quetta,2023-03-28T22:00:00Z,40.05,7.56,89.68,402.92
Peshawar,2023-03-29T00:00:00Z,31.01,0,77.72,405.77
Karachi,2023-03-29T02:00:00Z,35.92,0,77.75,383.03
Lahore,2023-03-29T04:00:00Z,35.7,1.86,70.8,413.03
Islamabad,2023-03-29T06:00:00Z,34.44,7.32,75.96,396.5
Quetta,2023-03-29T08:00:00Z,21.67,0,45.48,423.8
Peshawar,2023-03-29T10:00:00Z,29.83,0,60.34,421.32
Karachi,2023-03-29T12:00:00Z,29.55,0,81.89,402.3
Lahore,2023-03-29T14:00:00Z,23.72,0,82.77,407.99
Islamabad,2023-03-29T16:00:00Z,14.27,3.8,78.02,424.92
Quetta,2023-03-29T18:00:00Z,14.31,2.38,87.6,418.9
Peshawar,2023-03-29T20:00:00Z,43.18,5.31,65.88,420.47
Karachi,2023-03-29T22:00:00Z,21.98,0,65.96,419.7
Lahore,2023-03-30T00:00:00Z,49.88,0,61.3,429.01
Islamabad,2023-03-30T02:00:00Z,26.15,0,85.2,379.35
Quetta,2023-03-30T04:00:00Z,15.17,5.11,37.27,420.35
Peshawar,2023-03-30T06:00:00Z,27.22,6.41,66.56,410.44
Karachi,2023-03-30T08:00:00Z,26.82,0,50.61,426.08
Lahore,2023-03-30T10:00:00Z,32.1,9.62,62.42,445.36
Islamabad,2023-03-30T12:00:00Z,37.75,1.83,65.97,371.65
Quetta,2023-03-30T14:00:00Z,2.09,4.65,78.5,412.05
Peshawar,2023-03-30T16:00:00Z,24.26,8.39,49.92,416.39
Karachi,2023-03-30T18:00:00Z,33.61,0,66.24,402.08
Lahore,2023-03-30T20:00:00Z,17.57,0,68.59,413.82
Islamabad,2023-03-30T22:00:00Z,27.64,3.85,43.5,407.91
Quetta,2023-03-31T00:00:00Z,35.59,1.38,40.87,434.06
Peshawar,2023-03-31T02:00:00Z,26.02,5.6,79.38,427.22
Karachi,2023-03-31T04:00:00Z,34.24,5.74,64.13,426.78
Lahore,2023-03-31T06:00:00Z,35.06,6.63,63.97,411.99
Islamabad,2023-03-31T08:00:00Z,7.17,1.85,63.39,423.28
Quetta,2023-03-31T10:00:00Z,16.73,9.68,68.92,400.52
Peshawar,2023-03-31T12:00:00Z,41.74,7.44,66.55,414.05
Karachi,2023-03-31T14:00:00Z,32.13,0.24,68.34,409.88
Lahore,2023-03-31T16:00:00Z,26.25,0,84.26,416.48
Islamabad,2023-03-31T18:00:00Z,37.6,0,33.21,413.58
Quetta,2023-03-31T20:00:00Z,38.09,3.18,85.48,415.05
Peshawar,2023-03-31T22:00:00Z,35.87,0,59.7,415.51
Karachi,2023-04-01T00:00:00Z,15.48,10.31,71.46,404.32
Lahore,2023-04-01T02:00:00Z,20.77,6.78,40.01,404.41
Islamabad,2023-04-01T04:00:00Z,37.79,0.5,57.32,402.94
Quetta,2023-04-01T06:00:00Z,13.42,0.85,45.1,409.26
Peshawar,2023-04-01T08:00:00Z,18.16,8.85,89.98,420.51
Karachi,2023-04-01T10:00:00Z,31.4,2.45,54.73,413.45
Lahore,2023-04-01T12:00:00Z,26.23,1.02,73.22,377.39
Islamabad,2023-04-01T14:00:00Z,21.27,0,89.84,407.7
Quetta,2023-04-01T16:00:00Z,40.5,3.97,79.05,435.01
Peshawar,2023-04-01T18:00:00Z,26.13,3.21,60.74,413.04
Karachi,2023-04-01T20:00:00Z,27.94,6.95,86.27,436.75
Lahore,2023-04-01T22:00:00Z,21.8,10.82,32.56,422.35
Islamabad,2023-04-02T00:00:00Z,20.73,5.98,35.96,426.38
Quetta,2023-04-02T02:00:00Z,16.22,2.58,30.09,378.69
Peshawar,2023-04-02T04:00:00Z,32.82,9.11,30.78,406.74
Karachi,2023-04-02T06:00:00Z,35.5,0.9,80.16,401.17
Lahore,2023-04-02T08:00:00Z,40.54,11.68,33.45,423.72
Islamabad,2023-04-02T10:00:00Z,34.05,0,55.69,439.92
Quetta,2023-04-02T12:00:00Z,24.7,9.75,36.58,436.14
Peshawar,2023-04-02T14:00:00Z,31.18,4.38,38.04,394.12
Karachi,2023-04-02T16:00:00Z,21.41,0,66.66,405.57
Lahore,2023-04-02T18:00:00Z,25.0,4.3,58.22,405.83
Islamabad,2023-04-02T20:00:00Z,33.07,0,44.21,424.54
Quetta,2023-04-02T22:00:00Z,33.1,0,36.61,431.06
Peshawar,2023-04-03T00:00:00Z,24.15,12.96,46.75,419.58
Karachi,2023-04-03T02:00:00Z,46.51,7.11,34.96,390.27
Lahore,2023-04-03T04:00:00Z,32.62,2.95,76.35,412.82
Islamabad,2023-04-03T06:00:00Z,17.72,9.11,54.34,407.9
Quetta,2023-04-03T08:00:00Z,29.49,2.73,41.88,411.68
Peshawar,2023-04-03T10:00:00Z,16.62,6.4,40.11,417.68
Karachi,2023-04-03T12:00:00Z,35.62,4.61,76.14,431.33
Lahore,2023-04-03T14:00:00Z,29.61,0,36.52,414.32
Islamabad,2023-04-03T16:00:00Z,15.6,7.56,70.24,390.45
Quetta,2023-04-03T18:00:00Z,31.33,0,87.99,400.49
Peshawar,2023-04-03T20:00:00Z,27.23,0,76.13,415.12
Karachi,2023-04-03T22:00:00Z,24.5,9.46,45.66,419.92
Lahore,2023-04-04T00:00:00Z,13.61,2.87,85.6,392.68
Islamabad,2023-04-04T02:00:00Z,33.06,2.82,50.11,414.9
Quetta,2023-04-04T04:00:00Z,33.24,3.93,84.33,408.32
Peshawar,2023-04-04T06:00:00Z,17.17,5.54,60.77,427.54
Karachi,2023-04-04T08:00:00Z,41.39,5.64,58.39,398.04
Lahore,2023-04-04T10:00:00Z,25.32,7.36,64.0,389.12
Islamabad,2023-04-04T12:00:00Z,37.33,0,88.21,391.68
Quetta,2023-04-04T14:00:00Z,22.08,3.02,43.06,421.87
Peshawar,2023-04-04T16:00:00Z,36.73,14.99,38.65,404.55
Karachi,2023-04-04T18:00:00Z,23.28,0.4,68.02,404.11
Lahore,2023-04-04T20:00:00Z,26.08,0,40.52,404.04
Islamabad,2023-04-04T22:00:00Z,36.79,1.89,80.61,399.19
Quetta,2023-04-05T00:00:00Z,30.57,1.8,58.96,435.61
Peshawar,2023-04-05T02:00:00Z,23.09,0.49,74.2,409.27
Karachi,2023-04-05T04:00:00Z,26.93,0,61.46,411.06
Lahore,2023-04-05T06:00:00Z,31.64,0,78.2,406.8
Islamabad,2023-04-05T08:00:00Z,27.26,3.64,80.06,393.96
Quetta,2023-04-05T10:00:00Z,36.76,0.62,80.09,415.24
Peshawar,2023-04-05T12:00:00Z,21.72,7.02,71.19,412.9
Karachi,2023-04-05T14:00:00Z,44.55,8.14,61.09,405.77
Lahore,2023-04-05T16:00:00Z,22.95,6.47,32.37,396.67
Islamabad,2023-04-05T18:00:00Z,43.31,6.79,49.77,403.21
Quetta,2023-04-05T20:00:00Z,29.57,0,35.02,411.81
Peshawar,2023-04-05T22:00:00Z,42.48,0,57.22,409.88
Karachi,2023-04-06T00:00:00Z,21.15,4.23,61.86,420.91
Lahore,2023-04-06T02:00:00Z,28.09,0,66.16,401.12
Islamabad,2023-04-06T04:00:00Z,33.36,8.09,64.69,433.16
Quetta,2023-04-06T06:00:00Z,35.59,0,58.73,418.44
Peshawar,2023-04-06T08:00:00Z,25.36,0,79.79,436.47
Karachi,2023-04-06T10:00:00Z,24.31,0,46.64,388.66
Lahore,2023-04-06T12:00:00Z,37.88,0,79.0,415.17
Islamabad,2023-04-06T14:00:00Z,27.42,4.38,78.62,432.95
Quetta,2023-04-06T16:00:00Z,30.52,0,33.98,409.61
Peshawar,2023-04-06T18:00:00Z,35.54,0,43.44,415.39
Karachi,2023-04-06T20:00:00Z,35.14,9.45,66.27,371.17
Lahore,2023-04-06T22:00:00Z,32.81,0,69.53,434.87
Islamabad,2023-04-07T00:00:00Z,13.73,1.84,52.02,410.78
Quetta,2023-04-07T02:00:00Z,34.61,3.34,55.62,395.51
Peshawar,2023-04-07T04:00:00Z,26.56,0,80.74,427.52
Karachi,2023-04-07T06:00:00Z,34.02,1.96,81.06,416.03
Lahore,2023-04-07T08:00:00Z,22.49,2.67,86.11,420.09
Islamabad,2023-04-07T10:00:00Z,22.08,0,38.53,394.06
Quetta,2023-04-07T12:00:00Z,22.62,4.23,53.41,405.95
Peshawar,2023-04-07T14:00:00Z,28.54,1.71,86.68,412.61
Karachi,2023-04-07T16:00:00Z,36.1,9.36,55.1,441.78
Lahore,2023-04-07T18:00:00Z,36.26,1.7,75.24,402.84
Islamabad,2023-04-07T20:00:00Z,32.95,11.35,40.37,414.34
Quetta,2023-04-07T22:00:00Z,20.66,9.23,62.18,400.77
Peshawar,2023-04-08T00:00:00Z,17.24,0,77.96,402.01
Karachi,2023-04-08T02:00:00Z,33.75,4.46,41.42,426.14
Lahore,2023-04-08T04:00:00Z,33.83,0,78.95,415.6
Islamabad,2023-04-08T06:00:00Z,42.25,0,40.44,419.96
Quetta,2023-04-08T08:00:00Z,39.98,5.48,76.81,446.58
Peshawar,2023-04-08T10:00:00Z,17.25,0,33.72,404.11
Karachi,2023-04-08T12:00:00Z,45.02,3.17,44.5,401.32
Lahore,2023-04-08T14:00:00Z,28.78,0.89,57.41,401.74
Islamabad,2023-04-08T16:00:00Z,32.09,7.6,50.56,407.67
Quetta,2023-04-08T18:00:00Z,26.58,0.11,33.14,400.71
Peshawar,2023-04-08T20:00:00Z,25.79,9.5,49.51,421.77
Karachi,2023-04-08T22:00:00Z,20.2,1.1,78.66,426.49
Lahore,2023-04-09T00:00:00Z,30.1,4.23,30.81,402.96
Islamabad,2023-04-09T02:00:00Z,25.17,3.87,81.96,404.89
Quetta,2023-04-09T04:00:00Z,35.49,0,63.15,415.83
Peshawar,2023-04-09T06:00:00Z,39.48,0,86.1,420.46
Karachi,2023-04-09T08:00:00Z,14.28,0,35.06,416.69
Lahore,2023-04-09T10:00:00Z,24.93,1.43,33.58,405.06
Islamabad,2023-04-09T12:00:00Z,35.97,7.24,64.02,423.09
Quetta,2023-04-09T14:00:00Z,28.22,3.65,82.57,431.37
Peshawar,2023-04-09T16:00:00Z,16.63,0,47.88,443.49
Karachi,2023-04-09T18:00:00Z,38.08,0,54.65,423.7
Lahore,2023-04-09T20:00:00Z,32.71,5.96,32.08,393.72
Islamabad,2023-04-09T22:00:00Z,36.21,8.63,35.17,395.58
Quetta,2023-04-10T00:00:00Z,32.06,6.11,50.28,407.83
Peshawar,2023-04-10T02:00:00Z,24.16,3.56,64.75,428.32
Karachi,2023-04-10T04:00:00Z,37.75,10.62,46.75,433.87
Lahore,2023-04-10T06:00:00Z,24.22,0,79.03,382.18
Islamabad,2023-04-10T08:00:00Z,48.51,3.98,38.07,395.25
Quetta,2023-04-10T10:00:00Z,29.76,0,36.21,416.54
Peshawar,2023-04-10T12:00:00Z,37.67,0,82.15,406.24
Karachi,2023-04-10T14:00:00Z,32.31,10.79,36.79,375.62
Lahore,2023-04-10T16:00:00Z,28.58,2.58,52.82,368.4
Islamabad,2023-04-10T18:00:00Z,36.8,0,43.66,426.65
Quetta,2023-04-10T20:00:00Z,30.64,0,66.33,413.33
Peshawar,2023-04-10T22:00:00Z,24.74,0,67.25,407.96
Karachi,2023-04-11T00:00:00Z,27.9,0,78.93,403.76
Lahore,2023-04-11T02:00:00Z,38.35,4.01,73.42,419.77
Islamabad,2023-04-11T04:00:00Z,22.45,0.74,44.91,406.11
Quetta,2023-04-11T06:00:00Z,29.91,3.6,89.05,427.67
Peshawar,2023-04-11T08:00:00Z,27.37,1.56,49.68,408.02
Karachi,2023-04-11T10:00:00Z,26.06,3.93,78.8,407.49
Lahore,2023-04-11T12:00:00Z,32.35,0,67.22,417.82
Islamabad,2023-04-11T14:00:00Z,20.82,2.23,82.46,409.84
Quetta,2023-04-11T16:00:00Z,33.24,11.39,53.17,413.13
Peshawar,2023-04-11T18:00:00Z,28.41,11.49,83.87,418.08
Karachi,2023-04-11T20:00:00Z,26.2,0,69.63,389.82
Lahore,2023-04-11T22:00:00Z,22.47,1.03,71.45,426.47
Islamabad,2023-04-12T00:00:00Z,41.85,0.01,60.26,420.47
Quetta,2023-04-12T02:00:00Z,24.42,1.12,40.52,397.75
Peshawar,2023-04-12T04:00:00Z,24.92,5.75,63.08,440.52
Karachi,2023-04-12T06:00:00Z,29.35,0,72.21,396.17
Lahore,2023-04-12T08:00:00Z,26.71,0,73.7,385.78
Islamabad,2023-04-12T10:00:00Z,14.71,0,57.9,426.18
Quetta,2023-04-12T12:00:00Z,15.79,0,46.26,422.3
Peshawar,2023-04-12T14:00:00Z,29.4,0,47.62,410.98
Karachi,2023-04-12T16:00:00Z,20.53,0,71.01,419.83
Lahore,2023-04-12T18:00:00Z,40.46,0,56.65,405.15
Islamabad,2023-04-12T20:00:00Z,21.63,5.53,61.12,396.58
Quetta,2023-04-12T22:00:00Z,17.67,3.13,61.46,397.3
Peshawar,2023-04-13T00:00:00Z,17.51,0,42.17,401.46
Karachi,2023-04-13T02:00:00Z,40.64,2.39,86.47,399.22
Lahore,2023-04-13T04:00:00Z,30.05,3.06,76.17,424.36
Islamabad,2023-04-13T06:00:00Z,27.09,0,85.23,387.41
Quetta,2023-04-13T08:00:00Z,24.83,0,49.74,408.95
Peshawar,2023-04-13T10:00:00Z,34.4,0,61.9,400.88
Karachi,2023-04-13T12:00:00Z,23.33,4.29,63.28,377.29
Lahore,2023-04-13T14:00:00Z,26.52,1.9,78.5,383.27
Islamabad,2023-04-13T16:00:00Z,37.56,1.31,43.74,384.63
Quetta,2023-04-13T18:00:00Z,38.64,5.65,31.74,417.22
Peshawar,2023-04-13T20:00:00Z,22.72,4.74,83.43,412.06
Karachi,2023-04-13T22:00:00Z,39.46,0,32.21,424.76
Lahore,2023-04-14T00:00:00Z,30.33,7.27,59.98,389.26
Islamabad,2023-04-14T02:00:00Z,25.11,0,75.94,424.95
Quetta,2023-04-14T04:00:00Z,33.96,7.4,59.7,401.64
Peshawar,2023-04-14T06:00:00Z,32.01,0,88.31,416.62
Karachi,2023-04-14T08:00:00Z,30.76,10.27,73.15,419.38
Lahore,2023-04-14T10:00:00Z,21.5,1.84,73.14,418.06
Islamabad,2023-04-14T12:00:00Z,23.22,0,65.89,416.15
Quetta,2023-04-14T14:00:00Z,37.29,2.4,56.2,419.73
Peshawar,2023-04-14T16:00:00Z,32.76,4.9,42.83,385.08
Karachi,2023-04-14T18:00:00Z,28.61,4.92,62.93,403.43
Lahore,2023-04-14T20:00:00Z,19.33,0,81.13,431.46
Islamabad,2023-04-14T22:00:00Z,23.39,0,57.56,405.27
Quetta,2023-04-15T00:00:00Z,27.74,4.18,32.0,381.07
Peshawar,2023-04-15T02:00:00Z,24.95,0,69.22,406.37
Karachi,2023-04-15T04:00:00Z,41.89,11.36,79.9,410.31
Lahore,2023-04-15T06:00:00Z,40.56,3.76,30.32,422.94
Islamabad,2023-04-15T08:00:00Z,18.05,0,47.39,406.72
Quetta,2023-04-15T10:00:00Z,19.43,0.27,69.02,425.87
Peshawar,2023-04-15T12:00:00Z,43.59,0,53.46,399.93
Karachi,2023-04-15T14:00:00Z,17.18,9.39,76.01,406.96
Lahore,2023-04-15T16:00:00Z,32.39,1.56,42.71,407.34
Islamabad,2023-04-15T18:00:00Z,39.34,0,38.07,420.55
Quetta,2023-04-15T20:00:00Z,25.7,0,84.97,418.73
Peshawar,2023-04-15T22:00:00Z,21.12,8.9,39.91,402.15
Karachi,2023-04-16T00:00:00Z,26.67,2.36,61.81,410.63
Lahore,2023-04-16T02:00:00Z,40.64,0,49.41,385.94
Islamabad,2023-04-16T04:00:00Z,29.61,13.9,84.48,405.67
Quetta,2023-04-16T06:00:00Z,38.26,0.66,47.67,412.4
Peshawar,2023-04-16T08:00:00Z,19.24,4.38,46.76,422.15
Karachi,2023-04-16T10:00:00Z,10.66,0,48.06,365.69
Lahore,2023-04-16T12:00:00Z,29.84,7.45,38.43,422.25
Islamabad,2023-04-16T14:00:00Z,20.3,5.38,76.73,389.93
Quetta,2023-04-16T16:00:00Z,21.74,3.32,40.2,396.12
Peshawar,2023-04-16T18:00:00Z,15.75,0.96,46.77,429.39
Karachi,2023-04-16T20:00:00Z,36.3,4.45,30.32,413.5
Lahore,2023-04-16T22:00:00Z,26.1,5.14,54.08,404.89
Islamabad,2023-04-17T00:00:00Z,20.45,2.27,64.43,398.86
Quetta,2023-04-17T02:00:00Z,26.34,6.87,48.3,409.65
Peshawar,2023-04-17T04:00:00Z,31.37,0,33.26,405.62
Karachi,2023-04-17T06:00:00Z,25.58,0,68.28,403.73
Lahore,2023-04-17T08:00:00Z,35.84,3.7,67.0,414.11
Islamabad,2023-04-17T10:00:00Z,28.12,6.15,30.5,416.12
Quetta,2023-04-17T12:00:00Z,28.57,0,34.47,397.1
Peshawar,2023-04-17T14:00:00Z,19.72,0,39.87,420.89
Karachi,2023-04-17T16:00:00Z,24.24,8.91,50.46,406.33
Lahore,2023-04-17T18:00:00Z,27.24,0.48,56.2,404.07
Islamabad,2023-04-17T20:00:00Z,35.27,0.94,46.57,412.54
Quetta,2023-04-17T22:00:00Z,18.34,0,62.84,397.72
Peshawar,2023-04-18T00:00:00Z,31.34,6.45,55.36,398.77
Karachi,2023-04-18T02:00:00Z,39.62,0,88.0,399.59
Lahore,2023-04-18T04:00:00Z,20.22,5.52,42.77,424.62
Islamabad,2023-04-18T06:00:00Z,16.99,0,67.45,415.0
Quetta,2023-04-18T08:00:00Z,23.55,2.48,63.95,403.57
Peshawar,2023-04-18T10:00:00Z,29.9,0,32.17,407.97
Karachi,2023-04-18T12:00:00Z,30.12,1.83,43.8,426.83
Lahore,2023-04-18T14:00:00Z,19.96,4.19,35.45,415.74
Islamabad,2023-04-18T16:00:00Z,18.05,2.2,66.07,418.83
Quetta,2023-04-18T18:00:00Z,39.21,0,65.6,415.93
Peshawar,2023-04-18T20:00:00Z,39.06,2.74,79.36,418.87
Karachi,2023-04-18T22:00:00Z,29.83,2.84,83.44,422.98
Lahore,2023-04-19T00:00:00Z,32.96,0,63.25,407.26
Islamabad,2023-04-19T02:00:00Z,27.37,0,40.72,417.65
Quetta,2023-04-19T04:00:00Z,23.67,3.16,35.17,400.38
Peshawar,2023-04-19T06:00:00Z,31.33,0,34.09,412.53
Karachi,2023-04-19T08:00:00Z,20.7,1.96,49.4,418.12
Lahore,2023-04-19T10:00:00Z,29.91,1.1,88.65,397.57
Islamabad,2023-04-19T12:00:00Z,26.76,1.02,37.54,379.65
Quetta,2023-04-19T14:00:00Z,13.72,1.46,71.74,404.98
Peshawar,2023-04-19T16:00:00Z,28.47,10.44,53.22,399.48
Karachi,2023-04-19T18:00:00Z,30.85,5.79,61.91,436.64
Lahore,2023-04-19T20:00:00Z,28.95,0,34.46,415.28
Islamabad,2023-04-19T22:00:00Z,29.63,3.41,67.46,381.06
Quetta,2023-04-20T00:00:00Z,33.64,0,53.39,427.08
Peshawar,2023-04-20T02:00:00Z,32.01,0,53.4,416.93
Karachi,2023-04-20T04:00:00Z,19.85,9.01,83.52,407.91
Lahore,2023-04-20T06:00:00Z,23.86,3.26,43.92,397.86
Islamabad,2023-04-20T08:00:00Z,20.48,0,39.52,407.09
Quetta,2023-04-20T10:00:00Z,31.16,5.58,75.25,407.8
Peshawar,2023-04-20T12:00:00Z,27.12,5.25,88.01,420.95
Karachi,2023-04-20T14:00:00Z,22.66,0.44,78.1,429.64
Lahore,2023-04-20T16:00:00Z,30.07,2.15,52.41,427.38
Islamabad,2023-04-20T18:00:00Z,32.65,4.86,35.78,396.61
Quetta,2023-04-20T20:00:00Z,27.3,2.12,44.84,406.25
Peshawar,2023-04-20T22:00:00Z,30.15,0.82,81.23,386.1
Karachi,2023-04-21T00:00:00Z,32.39,0,61.24,423.91
Lahore,2023-04-21T02:00:00Z,28.27,0,32.15,401.57
Islamabad,2023-04-21T04:00:00Z,25.2,1.19,45.92,395.57
Quetta,2023-04-21T06:00:00Z,19.54,2.24,67.79,415.72
Peshawar,2023-04-21T08:00:00Z,22.37,0,87.02,377.99
Karachi,2023-04-21T10:00:00Z,30.47,0,61.8,412.97
Lahore,2023-04-21T12:00:00Z,27.76,0,77.71,389.07
Islamabad,2023-04-21T14:00:00Z,43.29,4.29,45.48,412.6
Quetta,2023-04-21T16:00:00Z,28.76,5.95,76.85,392.77
Peshawar,2023-04-21T18:00:00Z,29.22,0,67.66,425.03
Karachi,2023-04-21T20:00:00Z,16.63,4.49,49.23,413.22
Lahore,2023-04-21T22:00:00Z,28.17,1.17,83.34,409.27
Islamabad,2023-04-22T00:00:00Z,21.58,1.29,86.45,397.28
Quetta,2023-04-22T02:00:00Z,39.41,4.24,78.14,393.33
Peshawar,2023-04-22T04:00:00Z,26.55,0.42,80.15,410.67
Karachi,2023-04-22T06:00:00Z,38.78,4.95,52.55,408.31
Lahore,2023-04-22T08:00:00Z,16.14,3.5,86.2,410.16
Islamabad,2023-04-22T10:00:00Z,21.18,9.77,44.0,400.09
Quetta,2023-04-22T12:00:00Z,26.04,1.18,43.71,450.29
Peshawar,2023-04-22T14:00:00Z,36.04,0,75.01,430.76
Karachi,2023-04-22T16:00:00Z,27.21,2.81,85.63,409.02
Lahore,2023-04-22T18:00:00Z,17.29,1.32,46.8,405.51
Islamabad,2023-04-22T20:00:00Z,33.72,0,73.48,423.2
Quetta,2023-04-22T22:00:00Z,28.96,5.82,67.31,433.64
Peshawar,2023-04-23T00:00:00Z,21.21,5.74,61.71,414.84
Karachi,2023-04-23T02:00:00Z,22.97,3.2,83.04,392.02
Lahore,2023-04-23T04:00:00Z,32.57,0,31.86,432.2
Islamabad,2023-04-23T06:00:00Z,19.03,0,62.87,389.65
Quetta,2023-04-23T08:00:00Z,26.02,8.15,42.02,407.75
Peshawar,2023-04-23T10:00:00Z,34.26,0.29,67.91,416.46
Karachi,2023-04-23T12:00:00Z,19.62,0,83.33,412.77
Lahore,2023-04-23T14:00:00Z,30.7,0.72,35.31,408.73
Islamabad,2023-04-23T16:00:00Z,26.78,5.32,55.64,427.22
Quetta,2023-04-23T18:00:00Z,33.16,2.28,52.28,424.53
Peshawar,2023-04-23T20:00:00Z,25.91,0,60.65,403.27
Karachi,2023-04-23T22:00:00Z,29.25,10.56,41.69,419.07
Lahore,2023-04-24T00:00:00Z,34.64,5.53,84.85,415.87
Islamabad,2023-04-24T02:00:00Z,38.37,3.5,34.52,425.27
Quetta,2023-04-24T04:00:00Z,22.24,3.66,41.74,405.87
Peshawar,2023-04-24T06:00:00Z,22.24,1.61,74.58,420.9
Karachi,2023-04-24T08:00:00Z,32.94,7.21,41.96,397.69
Lahore,2023-04-24T10:00:00Z,23.64,0,41.65,397.92
Islamabad,2023-04-24T12:00:00Z,44.54,5.42,71.91,416.35
Quetta,2023-04-24T14:00:00Z,29.41,2.16,55.76,395.84
Peshawar,2023-04-24T16:00:00Z,21.98,0,64.37,423.94
Karachi,2023-04-24T18:00:00Z,31.79,1.2,87.14,425.13
Lahore,2023-04-24T20:00:00Z,48.88,0.74,50.15,393.88
Islamabad,2023-04-24T22:00:00Z,32.7,0,84.04,401.56
Quetta,2023-04-25T00:00:00Z,32.9,4.55,40.26,429.01
Peshawar,2023-04-25T02:00:00Z,39.24,0,57.27,409.1
Karachi,2023-04-25T04:00:00Z,19.33,0,61.49,412.8
Lahore,2023-04-25T06:00:00Z,37.41,8.12,61.95,427.35
Islamabad,2023-04-25T08:00:00Z,19.88,0,86.37,413.38
Quetta,2023-04-25T10:00:00Z,25.97,3.3,41.02,407.61
Peshawar,2023-04-25T12:00:00Z,25.58,12.93,86.89,395.98
Karachi,2023-04-25T14:00:00Z,34.95,0,51.37,415.59
Lahore,2023-04-25T16:00:00Z,40.64,0,84.14,402.89
Islamabad,2023-04-25T18:00:00Z,18.09,2.07,48.61,412.74
Quetta,2023-04-25T20:00:00Z,21.05,3.29,53.58,400.7
Peshawar,2023-04-25T22:00:00Z,29.64,0,43.44,402.92
Karachi,2023-04-26T00:00:00Z,7.9,3.52,81.69,401.72
Lahore,2023-04-26T02:00:00Z,26.22,0.8,75.35,423.46
Islamabad,2023-04-26T04:00:00Z,48.44,0,36.11,403.39
Quetta,2023-04-26T06:00:00Z,3.52,0,84.62,402.9
Peshawar,2023-04-26T08:00:00Z,39.96,0,43.44,385.51
Karachi,2023-04-26T10:00:00Z,35.56,12.27,77.11,438.87
Lahore,2023-04-26T12:00:00Z,11.9,0,48.69,409.6
Islamabad,2023-04-26T14:00:00Z,46.52,0.11,52.39,414.91
Quetta,2023-04-26T16:00:00Z,20.25,6.61,39.66,413.63
Peshawar,2023-04-26T18:00:00Z,39.9,4.64,72.02,417.1
Karachi,2023-04-26T20:00:00Z,29.37,0,39.09,437.65
Lahore,2023-04-26T22:00:00Z,26.86,0,59.7,397.91
Islamabad,2023-04-27T00:00:00Z,34.79,0,47.99,423.53
Quetta,2023-04-27T02:00:00Z,17.96,0.83,79.24,403.02
Peshawar,2023-04-27T04:00:00Z,30.44,0,53.43,429.46
Karachi,2023-04-27T06:00:00Z,31.96,0.19,87.01,414.87
Lahore,2023-04-27T08:00:00Z,26.08,0.77,65.49,418.23
Islamabad,2023-04-27T10:00:00Z,19.06,5.79,30.84,418.08
Quetta,2023-04-27T12:00:00Z,21.52,16.44,76.61,409.26
Peshawar,2023-04-27T14:00:00Z,18.18,4.72,79.38,401.46
Karachi,2023-04-27T16:00:00Z,28.04,3.01,85.7,408.97
Lahore,2023-04-27T18:00:00Z,9.36,0.57,48.75,391.21
Islamabad,2023-04-27T20:00:00Z,33.12,2.99,75.62,398.14
Quetta,2023-04-27T22:00:00Z,22.42,0,45.52,390.43
Peshawar,2023-04-28T00:00:00Z,37.83,10.33,77.3,418.75
Karachi,2023-04-28T02:00:00Z,24.41,0.8,36.62,414.92
Lahore,2023-04-28T04:00:00Z,25.87,7.78,65.0,436.02
Islamabad,2023-04-28T06:00:00Z,30.04,3.14,38.23,407.68
Quetta,2023-04-28T08:00:00Z,27.71,0.8,88.19,400.5
Peshawar,2023-04-28T10:00:00Z,19.56,1.38,83.17,422.46
Karachi,2023-04-28T12:00:00Z,34.69,0,51.24,406.28
Lahore,2023-04-28T14:00:00Z,38.75,0,44.54,392.69
Islamabad,2023-04-28T16:00:00Z,27.67,0,75.21,389.19
Quetta,2023-04-28T18:00:00Z,18.3,6.47,37.91,410.08
Peshawar,2023-04-28T20:00:00Z,20.03,1.13,80.68,407.98
Karachi,2023-04-28T22:00:00Z,28.29,0,79.12,411.03
Lahore,2023-04-29T00:00:00Z,15.57,5.68,56.33,409.04
Islamabad,2023-04-29T02:00:00Z,31.77,5.42,83.82,413.47
Quetta,2023-04-29T04:00:00Z,30.07,1.63,71.69,408.62
Peshawar,2023-04-29T06:00:00Z,27.37,0,38.86,420.46
Karachi,2023-04-29T08:00:00Z,27.46,6.54,71.76,407.26
Lahore,2023-04-29T10:00:00Z,23.63,8.28,77.63,400.75
Islamabad,2023-04-29T12:00:00Z,19.9,0,64.96,386.44
Quetta,2023-04-29T14:00:00Z,19.64,0,69.38,427.06
Peshawar,2023-04-29T16:00:00Z,26.16,4.4,81.7,406.9
Karachi,2023-04-29T18:00:00Z,34.48,0,58.34,418.39
Lahore,2023-04-29T20:00:00Z,27.85,0.96,34.77,430.29
Islamabad,2023-04-29T22:00:00Z,25.26,0,79.69,374.1
Quetta,2023-04-30T00:00:00Z,36.41,0,44.36,407.5
Peshawar,2023-04-30T02:00:00Z,15.88,4.57,68.14,415.56
Karachi,2023-04-30T04:00:00Z,26.39,0.49,68.59,411.03
Lahore,2023-04-30T06:00:00Z,41.95,0.07,43.16,412.91
Islamabad,2023-04-30T08:00:00Z,26.03,3.68,77.39,409.7
Quetta,2023-04-30T10:00:00Z,21.33,3.18,37.21,427.86
Peshawar,2023-04-30T12:00:00Z,20.79,0.46,77.27,404.95
Karachi,2023-04-30T14:00:00Z,26.94,2.98,42.74,415.34
Lahore,2023-04-30T16:00:00Z,12.77,0,79.28,387.02
Islamabad,2023-04-30T18:00:00Z,20.29,0,88.91,415.39
Quetta,2023-04-30T20:00:00Z,32.55,0,44.77,441.46
Peshawar,2023-04-30T22:00:00Z,41.37,2.42,71.74,437.38
Karachi,2023-05-01T00:00:00Z,38.91,2.69,70.79,424.13
Lahore,2023-05-01T02:00:00Z,31.44,2.91,49.28,411.96
Islamabad,2023-05-01T04:00:00Z,18.88,4.5,87.43,396.58
Quetta,2023-05-01T06:00:00Z,29.41,3.99,68.58,398.5
Peshawar,2023-05-01T08:00:00Z,23.7,13.62,34.08,423.42
Karachi,2023-05-01T10:00:00Z,40.34,0.78,43.78,376.65
Lahore,2023-05-01T12:00:00Z,26.75,0,76.96,402.38
Islamabad,2023-05-01T14:00:00Z,30.47,0,81.69,442.47
Quetta,2023-05-01T16:00:00Z,27.5,0,65.0,418.15
Peshawar,2023-05-01T18:00:00Z,27.63,5.36,52.41,414.18
Karachi,2023-05-01T20:00:00Z,34.4,0,59.18,413.26
Lahore,2023-05-01T22:00:00Z,29.58,0,43.13,453.41
Islamabad,2023-05-02T00:00:00Z,30.42,1.15,37.63,415.03
Quetta,2023-05-02T02:00:00Z,24.12,2.96,58.28,388.63
Peshawar,2023-05-02T04:00:00Z,23.97,6.14,51.76,425.12
Karachi,2023-05-02T06:00:00Z,21.3,0,66.23,392.11
Lahore,2023-05-02T08:00:00Z,18.58,0,67.99,400.13
Islamabad,2023-05-02T10:00:00Z,29.69,0,36.92,417.07
Quetta,2023-05-02T12:00:00Z,19.87,1.83,86.96,391.58
Peshawar,2023-05-02T14:00:00Z,13.2,2.34,61.24,422.17
Karachi,2023-05-02T16:00:00Z,37.58,0,61.3,410.92
Lahore,2023-05-02T18:00:00Z,30.73,0,63.19,390.15
Islamabad,2023-05-02T20:00:00Z,27.87,2.64,76.93,400.13
Quetta,2023-05-02T22:00:00Z,27.59,0,39.59,413.43
Peshawar,2023-05-03T00:00:00Z,10.1,0,56.77,397.67
Karachi,2023-05-03T02:00:00Z,27.72,10.46,72.84,405.98
Lahore,2023-05-03T04:00:00Z,37.87,5.48,73.71,408.61
Islamabad,2023-05-03T06:00:00Z,31.07,8.02,45.4,436.3
Quetta,2023-05-03T08:00:00Z,25.31,3.89,32.29,395.16
Peshawar,2023-05-03T10:00:00Z,30.25,2.82,60.78,422.14
Karachi,2023-05-03T12:00:00Z,29.3,0,65.19,417.37
Lahore,2023-05-03T14:00:00Z,23.18,7.85,75.05,412.85
Islamabad,2023-05-03T16:00:00Z,34.77,0,69.14,402.97
Quetta,2023-05-03T18:00:00Z,35.39,3.41,87.41,452.5
Peshawar,2023-05-03T20:00:00Z,33.11,0,35.21,413.99
Karachi,2023-05-03T22:00:00Z,26.2,0,69.04,416.47
Lahore,2023-05-04T00:00:00Z,44.0,3.97,54.84,436.09
Islamabad,2023-05-04T02:00:00Z,37.85,3.96,52.61,404.42
Quetta,2023-05-04T04:00:00Z,45.68,0,58.45,409.19
Peshawar,2023-05-04T06:00:00Z,28.96,5.03,51.71,398.77
Karachi,2023-05-04T08:00:00Z,9.85,8.02,39.06,419.02
Lahore,2023-05-04T10:00:00Z,22.4,2.61,45.03,405.69
Islamabad,2023-05-04T12:00:00Z,33.08,5.5,57.35,416.56
Quetta,2023-05-04T14:00:00Z,13.61,9.14,78.3,424.03
Peshawar,2023-05-04T16:00:00Z,21.71,6.74,45.48,420.25
Karachi,2023-05-04T18:00:00Z,26.0,0,80.06,440.55
Lahore,2023-05-04T20:00:00Z,7.15,1.25,34.09,427.97
Islamabad,2023-05-04T22:00:00Z,24.42,0,46.02,407.71
Quetta,2023-05-05T00:00:00Z,24.42,8.55,85.87,446.38
Peshawar,2023-05-05T02:00:00Z,20.87,0,57.91,380.32
Karachi,2023-05-05T04:00:00Z,35.05,0,41.13,405.64
Lahore,2023-05-05T06:00:00Z,26.32,10.92,82.12,411.77
Islamabad,2023-05-05T08:00:00Z,24.82,5.89,49.77,401.33
Quetta,2023-05-05T10:00:00Z,22.17,1.63,66.52,410.23
Peshawar,2023-05-05T12:00:00Z,29.72,4.87,40.22,417.82
Karachi,2023-05-05T14:00:00Z,30.7,5.4,51.76,379.7
Lahore,2023-05-05T16:00:00Z,20.25,0,42.83,426.74
Islamabad,2023-05-05T18:00:00Z,24.36,0,65.26,400.97
Quetta,2023-05-05T20:00:00Z,29.73,0,61.07,424.97
Peshawar,2023-05-05T22:00:00Z,26.05,0,75.19,436.65
Karachi,2023-05-06T00:00:00Z,30.83,6.67,59.86,423.61
Lahore,2023-05-06T02:00:00Z,30.34,11.18,33.29,416.25
Islamabad,2023-05-06T04:00:00Z,30.93,0,83.21,398.75
Quetta,2023-05-06T06:00:00Z,39.16,0,59.24,417.85
Peshawar,2023-05-06T08:00:00Z,26.21,6.13,55.41,418.19
Karachi,2023-05-06T10:00:00Z,37.32,0,63.99,387.58
Lahore,2023-05-06T12:00:00Z,32.1,0,74.97,395.92
Islamabad,2023-05-06T14:00:00Z,25.98,5.9,62.32,386.76
Quetta,2023-05-06T16:00:00Z,26.6,0.19,49.1,396.71
Peshawar,2023-05-06T18:00:00Z,26.79,1.71,30.92,423.03
Karachi,2023-05-06T20:00:00Z,30.99,0,72.57,423.87
Lahore,2023-05-06T22:00:00Z,23.4,0,34.48,435.76
Islamabad,2023-05-07T00:00:00Z,23.14,0,73.69,382.28
Quetta,2023-05-07T02:00:00Z,35.37,10.05,46.11,404.35
Peshawar,2023-05-07T04:00:00Z,30.47,0.3,84.26,391.05
Karachi,2023-05-07T06:00:00Z,17.41,7.92,66.92,425.16
Lahore,2023-05-07T08:00:00Z,35.42,6.41,73.93,406.4
Islamabad,2023-05-07T10:00:00Z,28.55,0.85,57.42,386.6
Quetta,2023-05-07T12:00:00Z,48.72,8.37,80.15,420.15
Peshawar,2023-05-07T14:00:00Z,13.95,0,30.86,434.42
Karachi,2023-05-07T16:00:00Z,30.81,7.31,61.33,419.31
Lahore,2023-05-07T18:00:00Z,21.96,7.96,37.71,397.43
Islamabad,2023-05-07T20:00:00Z,24.83,0.2,49.13,398.27
Quetta,2023-05-07T22:00:00Z,26.4,0,88.82,415.17
Peshawar,2023-05-08T00:00:00Z,24.74,0,39.66,408.84
Karachi,2023-05-08T02:00:00Z,14.82,2.8,86.56,414.64
Lahore,2023-05-08T04:00:00Z,21.21,0,36.85,392.53
Islamabad,2023-05-08T06:00:00Z,27.25,6.79,75.6,430.55
Quetta,2023-05-08T08:00:00Z,39.24,0,64.24,389.04
Peshawar,2023-05-08T10:00:00Z,35.85,0,76.02,417.11
Karachi,2023-05-08T12:00:00Z,25.9,11.12,35.91,388.99
Lahore,2023-05-08T14:00:00Z,28.16,9.81,40.07,408.71
Islamabad,2023-05-08T16:00:00Z,30.08,2.09,30.39,403.38
Quetta,2023-05-08T18:00:00Z,23.9,0.95,46.35,436.78
Peshawar,2023-05-08T20:00:00Z,27.28,1.04,45.89,420.87
Karachi,2023-05-08T22:00:00Z,30.49,1.91,50.08,408.27
Lahore,2023-05-09T00:00:00Z,41.98,4.17,79.52,408.88
Islamabad,2023-05-09T02:00:00Z,34.79,7.19,86.9,398.99
Quetta,2023-05-09T04:00:00Z,31.98,0,87.35,414.54
Peshawar,2023-05-09T06:00:00Z,35.27,5.22,50.72,412.7
Karachi,2023-05-09T08:00:00Z,33.52,0,69.59,443.89
Lahore,2023-05-09T10:00:00Z,11.42,3.81,32.76,444.33
Islamabad,2023-05-09T12:00:00Z,10.9,4.64,85.4,409.13
Quetta,2023-05-09T14:00:00Z,7.13,0.92,54.55,388.35
Peshawar,2023-05-09T16:00:00Z,21.81,10.51,89.47,432.92
Karachi,2023-05-09T18:00:00Z,16.95,3.35,89.08,420.81
Lahore,2023-05-09T20:00:00Z,19.91,2.88,89.47,420.7
Islamabad,2023-05-09T22:00:00Z,41.69,7.67,37.21,401.19
Quetta,2023-05-10T00:00:00Z,25.78,6.89,76.61,434.67
Peshawar,2023-05-10T02:00:00Z,12.33,5.03,75.43,418.51
Karachi,2023-05-10T04:00:00Z,30.44,7.36,33.31,417.08
Lahore,2023-05-10T06:00:00Z,24.64,1.41,34.12,378.66
Islamabad,2023-05-10T08:00:00Z,24.85,0,49.81,412.85
Quetta,2023-05-10T10:00:00Z,20.5,6.11,58.03,369.26
Peshawar,2023-05-10T12:00:00Z,21.0,9.54,51.34,389.65
Karachi,2023-05-10T14:00:00Z,32.55,2.32,65.74,421.33
Lahore,2023-05-10T16:00:00Z,30.95,5.25,61.94,417.87
Islamabad,2023-05-10T18:00:00Z,34.45,9.4,85.88,410.2
Quetta,2023-05-10T20:00:00Z,24.69,7.16,55.03,405.52
Peshawar,2023-05-10T22:00:00Z,46.65,1.9,69.03,452.53
Karachi,2023-05-11T00:00:00Z,50.83,0.58,50.6,370.43
Lahore,2023-05-11T02:00:00Z,21.6,0,34.42,410.24
Islamabad,2023-05-11T04:00:00Z,43.8,0,33.22,416.79
Quetta,2023-05-11T06:00:00Z,34.8,0,86.21,418.99
Peshawar,2023-05-11T08:00:00Z,18.82,3.26,74.34,405.05
Karachi,2023-05-11T10:00:00Z,44.01,0.65,45.79,403.64
Lahore,2023-05-11T12:00:00Z,25.48,0,53.03,417.04
Islamabad,2023-05-11T14:00:00Z,26.42,8.44,77.94,387.43
Quetta,2023-05-11T16:00:00Z,28.17,8.13,41.99,402.06
Peshawar,2023-05-11T18:00:00Z,35.59,0,53.51,428.99
Karachi,2023-05-11T20:00:00Z,31.08,2.38,73.21,402.37
Lahore,2023-05-11T22:00:00Z,29.58,3.11,75.87,420.93
Islamabad,2023-05-12T00:00:00Z,45.49,2.22,81.63,385.77
Quetta,2023-05-12T02:00:00Z,19.9,1.81,61.92,402.71
Peshawar,2023-05-12T04:00:00Z,24.8,4.99,36.85,380.76
Karachi,2023-05-12T06:00:00Z,20.99,8.51,89.0,406.23
Lahore,2023-05-12T08:00:00Z,41.8,2.03,32.67,412.46
Islamabad,2023-05-12T10:00:00Z,33.87,4.83,72.98,418.35
Quetta,2023-05-12T12:00:00Z,19.99,2.82,43.68,372.02
Peshawar,2023-05-12T14:00:00Z,39.69,11.28,87.45,414.82
Karachi,2023-05-12T16:00:00Z,21.83,0,69.69,414.21
Lahore,2023-05-12T18:00:00Z,24.09,2.68,55.14,427.8
Islamabad,2023-05-12T20:00:00Z,30.08,11.7,64.17,427.91
Quetta,2023-05-12T22:00:00Z,21.62,1.23,38.56,427.6
Peshawar,2023-05-13T00:00:00Z,24.35,1.72,62.73,411.29
Karachi,2023-05-13T02:00:00Z,26.83,0,62.98,425.08
Lahore,2023-05-13T04:00:00Z,55.94,3.64,43.29,394.27
Islamabad,2023-05-13T06:00:00Z,11.19,0.92,80.45,433.27
Quetta,2023-05-13T08:00:00Z,37.01,5.77,53.72,420.31
Peshawar,2023-05-13T10:00:00Z,31.29,4.16,41.61,427.01
Karachi,2023-05-13T12:00:00Z,24.55,5.17,46.12,400.72
Lahore,2023-05-13T14:00:00Z,17.51,8.16,38.24,421.86
Islamabad,2023-05-13T16:00:00Z,34.24,1.28,77.01,429.46
Quetta,2023-05-13T18:00:00Z,30.71,8.04,76.15,424.63
Peshawar,2023-05-13T20:00:00Z,32.92,1.78,46.35,400.93
Karachi,2023-05-13T22:00:00Z,36.41,4.95,32.64,395.13
Lahore,2023-05-14T00:00:00Z,23.29,0,50.87,427.76
Islamabad,2023-05-14T02:00:00Z,35.02,0,50.52,391.64
Quetta,2023-05-14T04:00:00Z,27.66,7.65,63.59,394.46
Peshawar,2023-05-14T06:00:00Z,37.23,0,32.3,404.45
Karachi,2023-05-14T08:00:00Z,39.83,0,38.41,415.83
Lahore,2023-05-14T10:00:00Z,35.07,0,87.1,384.58
Islamabad,2023-05-14T12:00:00Z,29.6,1.07,73.93,414.88
Quetta,2023-05-14T14:00:00Z,34.73,3.8,31.03,429.28
Peshawar,2023-05-14T16:00:00Z,23.71,2.09,72.81,404.17
Karachi,2023-05-14T18:00:00Z,16.72,6.73,50.58,437.7
Lahore,2023-05-14T20:00:00Z,27.12,8.64,33.35,398.43
Islamabad,2023-05-14T22:00:00Z,27.34,3.76,79.82,448.31
Quetta,2023-05-15T00:00:00Z,25.57,0,82.15,404.49
Peshawar,2023-05-15T02:00:00Z,31.28,2.75,46.3,426.85
Karachi,2023-05-15T04:00:00Z,32.42,5.16,77.74,419.52
Lahore,2023-05-15T06:00:00Z,17.62,3.68,86.5,433.35
Islamabad,2023-05-15T08:00:00Z,28.07,12.57,41.3,425.61
Quetta,2023-05-15T10:00:00Z,22.36,0.45,53.91,432.9
Peshawar,2023-05-15T12:00:00Z,15.2,4.5,87.11,414.96
Karachi,2023-05-15T14:00:00Z,19.56,9.54,66.27,387.49
Lahore,2023-05-15T16:00:00Z,25.23,2.03,67.52,415.29
Islamabad,2023-05-15T18:00:00Z,24.49,4.92,88.0,388.2
Quetta,2023-05-15T20:00:00Z,23.75,0,52.87,418.67
Peshawar,2023-05-15T22:00:00Z,38.97,6.37,81.58,393.63
Karachi,2023-05-16T00:00:00Z,34.94,6.35,74.76,418.27
Lahore,2023-05-16T02:00:00Z,34.51,0,61.89,417.8
Islamabad,2023-05-16T04:00:00Z,19.37,2.06,49.51,395.99
Quetta,2023-05-16T06:00:00Z,31.09,0,47.28,399.46
Peshawar,2023-05-16T08:00:00Z,26.73,0,58.73,426.13
Karachi,2023-05-16T10:00:00Z,23.79,0,55.34,409.05
Lahore,2023-05-16T12:00:00Z,33.51,2.11,67.5,400.29
Islamabad,2023-05-16T14:00:00Z,36.41,0,75.39,407.55
Quetta,2023-05-16T16:00:00Z,41.42,4.96,31.02,432.33
Peshawar,2023-05-16T18:00:00Z,11.3,0,86.84,407.06
Karachi,2023-05-16T20:00:00Z,12.72,2.77,33.98,430.91
Lahore,2023-05-16T22:00:00Z,17.62,11.74,42.84,387.21
Islamabad,2023-05-17T00:00:00Z,34.37,4.08,87.43,412.66
Quetta,2023-05-17T02:00:00Z,40.88,0,57.71,391.93
Peshawar,2023-05-17T04:00:00Z,19.78,5.8,33.96,407.71
Karachi,2023-05-17T06:00:00Z,25.39,0,36.32,409.28
Lahore,2023-05-17T08:00:00Z,33.99,2.91,32.03,382.23
Islamabad,2023-05-17T10:00:00Z,17.44,5.39,55.1,423.46
Quetta,2023-05-17T12:00:00Z,37.35,0,48.23,398.4
Peshawar,2023-05-17T14:00:00Z,36.47,5.28,57.63,403.9
Karachi,2023-05-17T16:00:00Z,23.66,1.11,36.36,401.09
Lahore,2023-05-17T18:00:00Z,26.68,0.82,56.88,410.84
Islamabad,2023-05-17T20:00:00Z,29.93,0,35.81,421.23
Quetta,2023-05-17T22:00:00Z,26.17,0,82.58,444.68
Peshawar,2023-05-18T00:00:00Z,40.71,0,64.18,414.08
Karachi,2023-05-18T02:00:00Z,27.07,1.81,64.22,396.11
Lahore,2023-05-18T04:00:00Z,27.47,0,50.28,393.38
Islamabad,2023-05-18T06:00:00Z,18.19,4.18,89.95,424.37
Quetta,2023-05-18T08:00:00Z,29.26,16.76,86.98,392.61
Peshawar,2023-05-18T10:00:00Z,18.41,4.64,78.11,400.99
Karachi,2023-05-18T12:00:00Z,23.82,6.2,65.52,439.48
Lahore,2023-05-18T14:00:00Z,16.78,13.8,47.91,394.83
Islamabad,2023-05-18T16:00:00Z,16.47,0,41.32,404.29
Quetta,2023-05-18T18:00:00Z,26.26,0.94,31.4,412.57
Peshawar,2023-05-18T20:00:00Z,33.47,7.01,47.18,442.73
Karachi,2023-05-18T22:00:00Z,22.87,7.68,43.89,370.06
Lahore,2023-05-19T00:00:00Z,35.97,0,65.62,400.94
Islamabad,2023-05-19T02:00:00Z,34.35,6.44,55.13,411.95
Quetta,2023-05-19T04:00:00Z,44.15,0,70.39,393.47
Peshawar,2023-05-19T06:00:00Z,28.07,0,61.66,416.62
Karachi,2023-05-19T08:00:00Z,26.2,9.01,73.68,408.2
Lahore,2023-05-19T10:00:00Z,20.66,0,65.89,388.81
Islamabad,2023-05-19T12:00:00Z,20.36,0,54.84,393.17
Quetta,2023-05-19T14:00:00Z,35.36,6.4,55.11,430.34
Peshawar,2023-05-19T16:00:00Z,34.48,0,71.67,397.93
Karachi,2023-05-19T18:00:00Z,24.14,4.35,71.21,437.72
Lahore,2023-05-19T20:00:00Z,36.58,0.49,31.11,415.13
Islamabad,2023-05-19T22:00:00Z,25.84,1.22,44.25,410.44
Quetta,2023-05-20T00:00:00Z,25.18,0,86.94,390.77
Peshawar,2023-05-20T02:00:00Z,20.48,0,82.06,423.18
Karachi,2023-05-20T04:00:00Z,29.95,9.76,73.25,391.1
Lahore,2023-05-20T06:00:00Z,42.07,5.36,59.76,433.17
Islamabad,2023-05-20T08:00:00Z,32.94,0,85.38,410.53
Quetta,2023-05-20T10:00:00Z,24.57,4.41,51.83,368.66
Peshawar,2023-05-20T12:00:00Z,19.22,0,79.53,404.64
Karachi,2023-05-20T14:00:00Z,27.22,5.6,73.18,414.93
Lahore,2023-05-20T16:00:00Z,32.12,2.33,77.87,410.53
Islamabad,2023-05-20T18:00:00Z,25.04,7.24,64.35,425.64
Quetta,2023-05-20T20:00:00Z,42.96,14.11,47.07,398.87
Peshawar,2023-05-20T22:00:00Z,22.35,2.02,33.23,406.48
Karachi,2023-05-21T00:00:00Z,27.35,2.37,43.89,405.62
Lahore,2023-05-21T02:00:00Z,37.4,9.08,64.62,415.72
Islamabad,2023-05-21T04:00:00Z,30.7,1.41,74.18,404.24
Quetta,2023-05-21T06:00:00Z,22.69,4.87,68.45,405.89
Peshawar,2023-05-21T08:00:00Z,16.34,4.41,68.16,433.26
Karachi,2023-05-21T10:00:00Z,30.18,0.46,34.12,422.76
Lahore,2023-05-21T12:00:00Z,31.31,0,60.84,401.89
Islamabad,2023-05-21T14:00:00Z,23.9,2.04,32.36,438.88
Quetta,2023-05-21T16:00:00Z,25.48,0,34.33,402.43
Peshawar,2023-05-21T18:00:00Z,38.15,5.42,42.69,377.08
Karachi,2023-05-21T20:00:00Z,36.62,0,58.72,390.28
Lahore,2023-05-21T22:00:00Z,27.12,11.82,44.2,411.49
Islamabad,2023-05-22T00:00:00Z,26.66,3.42,63.68,389.58
Quetta,2023-05-22T02:00:00Z,38.67,4.47,62.37,411.6
Peshawar,2023-05-22T04:00:00Z,16.48,0,69.59,412.25
Karachi,2023-05-22T06:00:00Z,15.61,3.35,49.4,417.23
Lahore,2023-05-22T08:00:00Z,26.47,0,75.89,425.74
Islamabad,2023-05-22T10:00:00Z,28.55,3.04,41.1,398.44
Quetta,2023-05-22T12:00:00Z,33.57,5.86,60.35,407.42
Peshawar,2023-05-22T14:00:00Z,36.66,4.57,89.44,413.47
Karachi,2023-05-22T16:00:00Z,15.66,3.43,33.31,410.94
Lahore,2023-05-22T18:00:00Z,31.14,2.89,40.02,387.0
Islamabad,2023-05-22T20:00:00Z,21.72,0,47.58,414.31
Quetta,2023-05-22T22:00:00Z,38.16,6.18,82.14,403.57
Peshawar,2023-05-23T00:00:00Z,37.21,0,46.94,386.89
Karachi,2023-05-23T02:00:00Z,24.94,3.69,62.24,412.4
Lahore,2023-05-23T04:00:00Z,17.57,0,60.36,408.92
Islamabad,2023-05-23T06:00:00Z,40.92,3.27,51.8,408.87
Quetta,2023-05-23T08:00:00Z,28.76,9.91,89.86,404.88
Peshawar,2023-05-23T10:00:00Z,28.86,4.55,88.45,411.24
Karachi,2023-05-23T12:00:00Z,32.62,2.84,82.43,408.77
Lahore,2023-05-23T14:00:00Z,35.11,3.02,66.6,402.72
Islamabad,2023-05-23T16:00:00Z,24.91,7.03,56.0,383.78
Quetta,2023-05-23T18:00:00Z,10.63,0,48.49,404.47
Peshawar,2023-05-23T20:00:00Z,29.72,0,47.37,401.46
Karachi,2023-05-23T22:00:00Z,23.08,8.0,39.33,411.44
Lahore,2023-05-24T00:00:00Z,43.47,0,43.25,401.54
Islamabad,2023-05-24T02:00:00Z,21.16,0,81.71,438.13
Quetta,2023-05-24T04:00:00Z,32.73,9.28,77.58,425.7
Peshawar,2023-05-24T06:00:00Z,34.34,4.52,78.58,428.81
Karachi,2023-05-24T08:00:00Z,21.77,6.75,36.98,409.04
Lahore,2023-05-24T10:00:00Z,23.37,4.82,49.22,404.09
Islamabad,2023-05-24T12:00:00Z,27.21,8.65,46.61,398.76
Quetta,2023-05-24T14:00:00Z,26.9,0,69.35,402.2
Peshawar,2023-05-24T16:00:00Z,23.01,0,66.73,416.94
Karachi,2023-05-24T18:00:00Z,29.81,4.45,78.44,385.02
Lahore,2023-05-24T20:00:00Z,20.12,3.76,56.66,420.58
Islamabad,2023-05-24T22:00:00Z,29.15,1.64,78.23,395.67
Quetta,2023-05-25T00:00:00Z,32.65,4.73,41.84,405.25
Peshawar,2023-05-25T02:00:00Z,13.37,0.2,49.76,406.35
Karachi,2023-05-25T04:00:00Z,32.52,0,62.35,422.3
Lahore,2023-05-25T06:00:00Z,38.38,6.09,72.01,405.47
Islamabad,2023-05-25T08:00:00Z,19.55,3.5,72.24,402.39
Quetta,2023-05-25T10:00:00Z,30.09,0,66.68,424.01
Peshawar,2023-05-25T12:00:00Z,19.18,2.49,39.64,416.16
Karachi,2023-05-25T14:00:00Z,36.86,1.74,33.68,403.77
Lahore,2023-05-25T16:00:00Z,33.47,4.5,74.3,385.26
Islamabad,2023-05-25T18:00:00Z,27.38,8.03,66.83,419.23
Quetta,2023-05-25T20:00:00Z,27.93,8.34,71.55,419.82
Peshawar,2023-05-25T22:00:00Z,34.47,0.41,83.92,419.15
Karachi,2023-05-26T00:00:00Z,19.16,1.62,87.7,418.91
Lahore,2023-05-26T02:00:00Z,21.48,4.77,45.87,390.46
Islamabad,2023-05-26T04:00:00Z,14.32,1.68,48.1,399.73
Quetta,2023-05-26T06:00:00Z,33.54,2.94,88.3,416.03
Peshawar,2023-05-26T08:00:00Z,17.67,0,80.19,416.1
Karachi,2023-05-26T10:00:00Z,32.72,0,88.02,410.76
Lahore,2023-05-26T12:00:00Z,39.93,3.51,82.21,418.11
Islamabad,2023-05-26T14:00:00Z,30.57,2.25,30.48,419.05
Quetta,2023-05-26T16:00:00Z,39.31,0,64.75,405.06
Peshawar,2023-05-26T18:00:00Z,30.67,10.89,31.65,405.4
Karachi,2023-05-26T20:00:00Z,36.03,6.66,48.96,398.68
Lahore,2023-05-26T22:00:00Z,17.39,1.15,57.54,396.51
Islamabad,2023-05-27T00:00:00Z,12.46,0,40.95,397.36
Quetta,2023-05-27T02:00:00Z,26.82,1.08,85.79,386.88
Peshawar,2023-05-27T04:00:00Z,33.79,1.81,62.48,422.55
Karachi,2023-05-27T06:00:00Z,33.81,3.16,66.07,399.78
Lahore,2023-05-27T08:00:00Z,34.57,1.76,89.21,410.63
Islamabad,2023-05-27T10:00:00Z,22.21,0,75.66,401.52
Quetta,2023-05-27T12:00:00Z,22.0,0,75.75,363.83
Peshawar,2023-05-27T14:00:00Z,15.36,2.55,52.56,415.9
Karachi,2023-05-27T16:00:00Z,17.33,6.14,32.12,421.72
Lahore,2023-05-27T18:00:00Z,26.5,8.4,43.86,400.54
Islamabad,2023-05-27T20:00:00Z,25.54,0,53.41,413.81
Quetta,2023-05-27T22:00:00Z,22.97,7.09,34.04,417.85
Peshawar,2023-05-28T00:00:00Z,43.48,5.05,58.84,400.36
Karachi,2023-05-28T02:00:00Z,25.2,3.83,84.1,402.12
Lahore,2023-05-28T04:00:00Z,35.03,4.34,45.75,401.36
Islamabad,2023-05-28T06:00:00Z,37.63,7.48,86.37,383.82
Quetta,2023-05-28T08:00:00Z,25.88,4.64,83.66,411.34
Peshawar,2023-05-28T10:00:00Z,19.59,2.9,80.09,407.85
Karachi,2023-05-28T12:00:00Z,36.65,9.34,54.53,455.06
Lahore,2023-05-28T14:00:00Z,28.97,0,84.44,385.4
Islamabad,2023-05-28T16:00:00Z,21.68,2.19,82.04,400.58
Quetta,2023-05-28T18:00:00Z,43.34,4.02,69.95,416.68
Peshawar,2023-05-28T20:00:00Z,22.52,0.75,52.03,400.62
Karachi,2023-05-28T22:00:00Z,35.42,0,36.08,419.64
Lahore,2023-05-29T00:00:00Z,44.62,5.75,80.79,446.82
Islamabad,2023-05-29T02:00:00Z,18.06,0,62.33,399.53
Quetta,2023-05-29T04:00:00Z,28.95,8.28,59.7,389.07
Peshawar,2023-05-29T06:00:00Z,26.77,2.61,50.61,394.27
Karachi,2023-05-29T08:00:00Z,48.77,12.29,51.1,398.91
Lahore,2023-05-29T10:00:00Z,17.93,9.55,44.49,421.73
Islamabad,2023-05-29T12:00:00Z,37.1,3.12,59.33,393.18
Quetta,2023-05-29T14:00:00Z,23.51,0,83.61,413.16
Peshawar,2023-05-29T16:00:00Z,25.23,0,46.78,406.64
Karachi,2023-05-29T18:00:00Z,24.64,0,50.3,433.54
Lahore,2023-05-29T20:00:00Z,10.8,7.69,77.97,417.69
Islamabad,2023-05-29T22:00:00Z,20.07,1.81,65.33,420.08
Quetta,2023-05-30T00:00:00Z,27.18,5.41,88.88,397.15
Peshawar,2023-05-30T02:00:00Z,34.24,0,54.01,429.85
Karachi,2023-05-30T04:00:00Z,36.02,5.64,58.17,395.65
Lahore,2023-05-30T06:00:00Z,23.34,6.95,69.58,413.25
Islamabad,2023-05-30T08:00:00Z,31.4,4.36,70.99,388.57
Quetta,2023-05-30T10:00:00Z,36.12,0,46.43,385.06
Peshawar,2023-05-30T12:00:00Z,19.57,12.03,53.1,411.08
Karachi,2023-05-30T14:00:00Z,30.81,0,67.02,432.23
Lahore,2023-05-30T16:00:00Z,43.09,0,33.62,417.92
Islamabad,2023-05-30T18:00:00Z,21.45,6.02,40.77,417.33
Quetta,2023-05-30T20:00:00Z,30.3,0,56.7,417.7
Peshawar,2023-05-30T22:00:00Z,17.32,2.92,42.85,394.23
Karachi,2023-05-31T00:00:00Z,24.17,0,46.29,389.55
Lahore,2023-05-31T02:00:00Z,26.37,1.32,34.81,414.45
Islamabad,2023-05-31T04:00:00Z,18.3,0,56.57,390.01
Quetta,2023-05-31T06:00:00Z,22.09,5.9,75.07,397.99
Peshawar,2023-05-31T08:00:00Z,31.26,0.91,62.7,423.56
Karachi,2023-05-31T10:00:00Z,29.11,11.77,66.6,397.5
Lahore,2023-05-31T12:00:00Z,17.43,8.82,61.76,396.8
Islamabad,2023-05-31T14:00:00Z,13.99,3.71,58.97,419.48
Quetta,2023-05-31T16:00:00Z,33.32,6.66,63.57,441.86
Peshawar,2023-05-31T18:00:00Z,28.44,2.32,35.08,417.2
Karachi,2023-05-31T20:00:00Z,23.82,4.82,76.76,403.15
Lahore,2023-05-31T22:00:00Z,36.36,10.15,39.13,409.73
Islamabad,2023-06-01T00:00:00Z,18.98,7.76,70.47,393.33
Quetta,2023-06-01T02:00:00Z,36.22,5.05,79.16,411.18
Peshawar,2023-06-01T04:00:00Z,37.27,4.3,51.39,432.53
Karachi,2023-06-01T06:00:00Z,27.0,0,31.09,424.08
Lahore,2023-06-01T08:00:00Z,16.86,8.9,49.91,409.41
Islamabad,2023-06-01T10:00:00Z,15.0,0,44.14,402.06
Quetta,2023-06-01T12:00:00Z,25.18,8.67,63.71,390.87
Peshawar,2023-06-01T14:00:00Z,27.37,0,88.06,424.55
Karachi,2023-06-01T16:00:00Z,24.28,0,81.83,407.54
Lahore,2023-06-01T18:00:00Z,12.3,4.47,89.79,409.36
Islamabad,2023-06-01T20:00:00Z,23.13,6.29,58.02,403.62
Quetta,2023-06-01T22:00:00Z,40.0,0,74.78,417.82
Peshawar,2023-06-02T00:00:00Z,19.05,0,49.99,436.2
Karachi,2023-06-02T02:00:00Z,20.52,0.76,64.86,396.02
Lahore,2023-06-02T04:00:00Z,34.04,0,83.78,394.67
Islamabad,2023-06-02T06:00:00Z,12.48,1.81,62.28,405.8
Quetta,2023-06-02T08:00:00Z,15.66,2.93,47.58,415.22
Peshawar,2023-06-02T10:00:00Z,21.87,0,34.43,388.57
Karachi,2023-06-02T12:00:00Z,22.23,2.95,64.31,389.05
Lahore,2023-06-02T14:00:00Z,27.09,9.82,81.09,416.46
Islamabad,2023-06-02T16:00:00Z,32.21,2.55,32.81,395.99
Quetta,2023-06-02T18:00:00Z,29.09,3.27,48.24,426.63
Peshawar,2023-06-02T20:00:00Z,22.81,4.87,46.93,447.96
Karachi,2023-06-02T22:00:00Z,40.58,6.24,83.48,396.85
Lahore,2023-06-03T00:00:00Z,18.15,1.11,68.04,422.12
Islamabad,2023-06-03T02:00:00Z,21.09,0,33.9,405.31
Quetta,2023-06-03T04:00:00Z,31.96,0,77.57,429.69
Peshawar,2023-06-03T06:00:00Z,27.0,3.22,39.67,400.01
Karachi,2023-06-03T08:00:00Z,35.88,0,45.72,408.31
Lahore,2023-06-03T10:00:00Z,33.58,5.49,85.78,403.74
Islamabad,2023-06-03T12:00:00Z,36.04,0,88.32,442.92
Quetta,2023-06-03T14:00:00Z,32.84,8.28,34.68,414.91
Peshawar,2023-06-03T16:00:00Z,42.36,3.44,63.28,405.9
Karachi,2023-06-03T18:00:00Z,32.9,1.77,42.07,432.78
Lahore,2023-06-03T20:00:00Z,22.68,0,46.95,420.96
Islamabad,2023-06-03T22:00:00Z,34.08,0.72,32.24,406.97
Quetta,2023-06-04T00:00:00Z,27.75,5.01,85.72,414.54
Peshawar,2023-06-04T02:00:00Z,26.55,1.77,38.4,420.32
Karachi,2023-06-04T04:00:00Z,26.39,2.07,75.85,422.38
Lahore,2023-06-04T06:00:00Z,25.53,1.4,84.82,418.88
Islamabad,2023-06-04T08:00:00Z,32.06,7.15,78.03,414.53
Quetta,2023-06-04T10:00:00Z,26.07,1.66,41.19,447.29
Peshawar,2023-06-04T12:00:00Z,30.19,6.98,40.71,403.21
Karachi,2023-06-04T14:00:00Z,17.81,3.54,55.19,407.24
Lahore,2023-06-04T16:00:00Z,32.34,3.82,37.42,411.77
Islamabad,2023-06-04T18:00:00Z,11.09,0,88.97,403.96
Quetta,2023-06-04T20:00:00Z,29.78,5.74,37.67,411.64
Peshawar,2023-06-04T22:00:00Z,32.77,0,75.42,376.33
Karachi,2023-06-05T00:00:00Z,26.95,1.38,42.73,389.7
Lahore,2023-06-05T02:00:00Z,38.23,16.04,86.05,395.74
Islamabad,2023-06-05T04:00:00Z,31.78,2.39,44.57,410.62
Quetta,2023-06-05T06:00:00Z,39.36,14.06,63.74,410.98
Peshawar,2023-06-05T08:00:00Z,30.65,3.13,61.78,448.52
Karachi,2023-06-05T10:00:00Z,20.0,1.57,54.79,388.38
Lahore,2023-06-05T12:00:00Z,12.69,0,81.46,401.88
Islamabad,2023-06-05T14:00:00Z,17.31,0,66.64,407.32
Quetta,2023-06-05T16:00:00Z,29.25,4.39,64.34,421.54
Peshawar,2023-06-05T18:00:00Z,19.59,3.36,32.06,409.16
Karachi,2023-06-05T20:00:00Z,22.65,8.16,55.06,398.18
Lahore,2023-06-05T22:00:00Z,12.91,6.03,31.57,411.92
Islamabad,2023-06-06T00:00:00Z,24.93,0,72.67,398.71
Quetta,2023-06-06T02:00:00Z,14.07,2.14,42.53,412.01
Peshawar,2023-06-06T04:00:00Z,29.66,2.21,31.47,430.66
Karachi,2023-06-06T06:00:00Z,33.0,6.01,87.35,406.35
Lahore,2023-06-06T08:00:00Z,28.66,4.82,84.3,413.67
Islamabad,2023-06-06T10:00:00Z,28.4,0,33.93,397.92
Quetta,2023-06-06T12:00:00Z,21.09,1.91,79.35,416.65
Peshawar,2023-06-06T14:00:00Z,23.63,0,55.2,426.5
Karachi,2023-06-06T16:00:00Z,29.37,0,35.54,409.11
Lahore,2023-06-06T18:00:00Z,28.5,0.11,39.27,413.43
Islamabad,2023-06-06T20:00:00Z,32.4,0,85.72,405.99
Quetta,2023-06-06T22:00:00Z,18.36,3.14,63.95,404.46
Peshawar,2023-06-07T00:00:00Z,26.04,0,53.25,400.28
Karachi,2023-06-07T02:00:00Z,32.99,0.16,56.96,403.88
Lahore,2023-06-07T04:00:00Z,25.4,0,70.76,411.61
Islamabad,2023-06-07T06:00:00Z,27.46,6.0,58.24,435.11
Quetta,2023-06-07T08:00:00Z,32.93,4.28,71.74,421.66
Peshawar,2023-06-07T10:00:00Z,28.57,0,82.25,402.02
Karachi,2023-06-07T12:00:00Z,33.48,11.14,40.99,395.34
Lahore,2023-06-07T14:00:00Z,34.06,0,88.7,410.71
Islamabad,2023-06-07T16:00:00Z,44.9,2.2,32.17,376.0
Quetta,2023-06-07T18:00:00Z,25.11,4.37,61.77,409.07
Peshawar,2023-06-07T20:00:00Z,33.28,0,61.16,396.62
Karachi,2023-06-07T22:00:00Z,22.51,0,71.18,413.97
Lahore,2023-06-08T00:00:00Z,25.54,0.85,67.58,407.14
Islamabad,2023-06-08T02:00:00Z,25.5,0,43.94,387.44
Quetta,2023-06-08T04:00:00Z,38.67,8.63,52.41,434.45
Peshawar,2023-06-08T06:00:00Z,20.95,3.05,49.9,390.89
Karachi,2023-06-08T08:00:00Z,20.04,0.38,61.35,423.14
Lahore,2023-06-08T10:00:00Z,24.65,0.93,55.23,393.38
Islamabad,2023-06-08T12:00:00Z,33.79,2.63,45.88,423.49
Quetta,2023-06-08T14:00:00Z,20.0,0.6,33.64,387.1
Peshawar,2023-06-08T16:00:00Z,24.93,1.9,75.37,424.47
Karachi,2023-06-08T18:00:00Z,15.02,2.65,82.1,378.5
Lahore,2023-06-08T20:00:00Z,23.74,0,51.71,426.61
Islamabad,2023-06-08T22:00:00Z,32.24,2.59,81.27,417.91
Quetta,2023-06-09T00:00:00Z,28.27,1.13,67.88,389.05
Peshawar,2023-06-09T02:00:00Z,38.29,1.13,88.78,418.94
Karachi,2023-06-09T04:00:00Z,30.11,4.52,76.07,402.09
Lahore,2023-06-09T06:00:00Z,37.4,6.03,83.88,433.52
Islamabad,2023-06-09T08:00:00Z,21.95,1.66,53.15,418.33
Quetta,2023-06-09T10:00:00Z,35.38,2.99,68.93,394.23
Peshawar,2023-06-09T12:00:00Z,13.13,0,46.06,395.67
Karachi,2023-06-09T14:00:00Z,36.97,3.01,77.95,393.38
Lahore,2023-06-09T16:00:00Z,24.44,0,44.64,405.43
Islamabad,2023-06-09T18:00:00Z,45.08,5.99,31.81,388.21
Quetta,2023-06-09T20:00:00Z,27.73,0,43.57,423.13
Peshawar,2023-06-09T22:00:00Z,23.75,8.82,39.31,425.63
Karachi,2023-06-10T00:00:00Z,18.81,0,58.63,439.33
Lahore,2023-06-10T02:00:00Z,31.48,0,45.58,411.14
Islamabad,2023-06-10T04:00:00Z,19.91,4.31,69.44,384.24
Quetta,2023-06-10T06:00:00Z,35.39,0,71.25,393.4
Peshawar,2023-06-10T08:00:00Z,17.13,0,81.62,403.67
Karachi,2023-06-10T10:00:00Z,15.79,0,86.41,409.68
Lahore,2023-06-10T12:00:00Z,40.65,4.07,73.81,423.63
Islamabad,2023-06-10T14:00:00Z,17.04,6.82,66.02,409.35
Quetta,2023-06-10T16:00:00Z,21.29,0.3,46.55,393.05
Peshawar,2023-06-10T18:00:00Z,26.85,0,73.22,421.21
Karachi,2023-06-10T20:00:00Z,34.77,4.07,53.2,419.9
Lahore,2023-06-10T22:00:00Z,20.39,5.76,68.34,397.41
Islamabad,2023-06-11T00:00:00Z,14.44,0,43.89,423.35
Quetta,2023-06-11T02:00:00Z,44.62,1.82,64.32,403.42
Peshawar,2023-06-11T04:00:00Z,34.3,7.97,65.8,409.42
Karachi,2023-06-11T06:00:00Z,18.35,11.3,32.44,397.25
Lahore,2023-06-11T08:00:00Z,30.63,5.64,57.48,392.74
Islamabad,2023-06-11T10:00:00Z,18.24,0,48.91,385.99
Quetta,2023-06-11T12:00:00Z,16.4,4.63,63.68,413.01
Peshawar,2023-06-11T14:00:00Z,32.38,2.95,70.27,423.19
Karachi,2023-06-11T16:00:00Z,24.34,10.41,43.77,422.22
Lahore,2023-06-11T18:00:00Z,30.55,0,76.55,409.13
Islamabad,2023-06-11T20:00:00Z,37.94,0,41.41,400.17
Quetta,2023-06-11T22:00:00Z,32.58,0.11,67.38,409.11
Peshawar,2023-06-12T00:00:00Z,34.84,0,79.1,421.41
Karachi,2023-06-12T02:00:00Z,20.84,4.06,42.68,398.37
Lahore,2023-06-12T04:00:00Z,18.73,4.62,39.53,437.88
Islamabad,2023-06-12T06:00:00Z,33.58,0.5,61.91,405.15
Quetta,2023-06-12T08:00:00Z,20.42,3.06,86.95,398.1
Peshawar,2023-06-12T10:00:00Z,26.21,6.2,59.63,395.57
Karachi,2023-06-12T12:00:00Z,29.58,7.33,60.17,391.83
Lahore,2023-06-12T14:00:00Z,30.96,7.61,81.18,407.66
Islamabad,2023-06-12T16:00:00Z,14.11,9.58,31.95,389.03
Quetta,2023-06-12T18:00:00Z,30.09,4.39,50.98,398.97
Peshawar,2023-06-12T20:00:00Z,26.38,8.03,34.28,406.18
Karachi,2023-06-12T22:00:00Z,22.65,0,30.62,397.59
Lahore,2023-06-13T00:00:00Z,23.21,3.6,57.9,417.61
Islamabad,2023-06-13T02:00:00Z,24.32,1.3,60.25,443.84
Quetta,2023-06-13T04:00:00Z,33.38,8.75,70.88,414.27
Peshawar,2023-06-13T06:00:00Z,55.81,6.95,83.69,421.85
Karachi,2023-06-13T08:00:00Z,23.83,3.85,83.75,427.1
Lahore,2023-06-13T10:00:00Z,46.05,0,78.92,396.05
Islamabad,2023-06-13T12:00:00Z,17.85,0,66.55,413.79
Quetta,2023-06-13T14:00:00Z,37.86,2.57,71.94,390.69
Peshawar,2023-06-13T16:00:00Z,17.59,0,85.64,410.91
Karachi,2023-06-13T18:00:00Z,24.76,0,80.86,382.3
Lahore,2023-06-13T20:00:00Z,38.24,12.74,57.24,390.67
Islamabad,2023-06-13T22:00:00Z,15.32,0,51.47,409.48
Quetta,2023-06-14T00:00:00Z,21.17,0,33.14,390.05
Peshawar,2023-06-14T02:00:00Z,18.89,0,36.88,409.37
Karachi,2023-06-14T04:00:00Z,22.22,3.69,53.19,409.96
Lahore,2023-06-14T06:00:00Z,24.57,1.91,57.13,408.78
Islamabad,2023-06-14T08:00:00Z,29.14,1.48,50.69,428.88
Quetta,2023-06-14T10:00:00Z,25.27,0,46.57,400.89
Peshawar,2023-06-14T12:00:00Z,28.08,0,54.79,416.55
Karachi,2023-06-14T14:00:00Z,14.63,5.1,74.43,400.1
Lahore,2023-06-14T16:00:00Z,23.35,0,52.09,406.18
Islamabad,2023-06-14T18:00:00Z,17.55,2.67,37.0,424.47
Quetta,2023-06-14T20:00:00Z,33.57,0.16,72.68,429.03
Peshawar,2023-06-14T22:00:00Z,34.95,7.13,53.12,428.63
Karachi,2023-06-15T00:00:00Z,24.14,0,31.1,418.51
Lahore,2023-06-15T02:00:00Z,44.27,0,74.3,433.18
Islamabad,2023-06-15T04:00:00Z,31.21,0,48.42,403.3
Quetta,2023-06-15T06:00:00Z,39.6,0.47,88.39,420.54
Peshawar,2023-06-15T08:00:00Z,17.59,0,82.92,429.2
Karachi,2023-06-15T10:00:00Z,19.86,8.02,75.27,425.15
Lahore,2023-06-15T12:00:00Z,37.1,3.7,55.14,387.39
Islamabad,2023-06-15T14:00:00Z,37.71,9.43,87.27,437.75
Quetta,2023-06-15T16:00:00Z,30.44,0,46.62,406.74
Peshawar,2023-06-15T18:00:00Z,31.95,4.3,46.26,390.09
Karachi,2023-06-15T20:00:00Z,28.94,0,33.69,389.05
Lahore,2023-06-15T22:00:00Z,32.75,8.18,52.89,416.68
Islamabad,2023-06-16T00:00:00Z,24.4,4.62,37.91,423.51
Quetta,2023-06-16T02:00:00Z,35.6,0,67.87,413.94
Peshawar,2023-06-16T04:00:00Z,31.97,3.05,76.18,418.89
Karachi,2023-06-16T06:00:00Z,22.81,0,34.49,398.41
Lahore,2023-06-16T08:00:00Z,18.72,6.1,64.79,414.57
Islamabad,2023-06-16T10:00:00Z,33.43,7.09,70.27,419.63
Quetta,2023-06-16T12:00:00Z,32.46,8.13,47.68,408.97
Peshawar,2023-06-16T14:00:00Z,22.83,3.36,70.91,391.29
Karachi,2023-06-16T16:00:00Z,25.44,4.25,60.62,413.26
Lahore,2023-06-16T18:00:00Z,20.01,0,73.75,402.29
Islamabad,2023-06-16T20:00:00Z,24.69,7.02,85.69,421.88
Quetta,2023-06-16T22:00:00Z,29.38,0,45.51,404.78
Peshawar,2023-06-17T00:00:00Z,25.61,4.15,76.41,405.08
Karachi,2023-06-17T02:00:00Z,19.92,4.54,83.83,400.08
Lahore,2023-06-17T04:00:00Z,25.47,2.35,56.31,400.75
Islamabad,2023-06-17T06:00:00Z,26.09,4.67,65.67,406.84
Quetta,2023-06-17T08:00:00Z,26.01,0,66.5,412.24
Peshawar,2023-06-17T10:00:00Z,26.24,3.51,50.06,392.64
Karachi,2023-06-17T12:00:00Z,24.92,1.99,65.67,382.68
Lahore,2023-06-17T14:00:00Z,18.09,0,61.66,390.76
Islamabad,2023-06-17T16:00:00Z,28.25,12.01,59.08,428.49
Quetta,2023-06-17T18:00:00Z,19.13,9.21,61.96,421.38
Peshawar,2023-06-17T20:00:00Z,36.41,13.82,78.36,407.6
Karachi,2023-06-17T22:00:00Z,41.8,0,67.25,414.9
Lahore,2023-06-18T00:00:00Z,24.57,4.6,60.74,432.66
Islamabad,2023-06-18T02:00:00Z,25.05,0,49.43,385.16
Quetta,2023-06-18T04:00:00Z,33.36,2.0,64.14,389.9
Peshawar,2023-06-18T06:00:00Z,41.7,8.18,87.89,387.12
Karachi,2023-06-18T08:00:00Z,32.82,1.69,65.38,400.24
Lahore,2023-06-18T10:00:00Z,14.44,0,78.67,409.23
Islamabad,2023-06-18T12:00:00Z,37.02,5.91,53.25,407.68
Quetta,2023-06-18T14:00:00Z,30.23,8.05,64.66,414.78
Peshawar,2023-06-18T16:00:00Z,34.43,2.61,68.21,418.69
Karachi,2023-06-18T18:00:00Z,18.54,0,67.56,400.96
Lahore,2023-06-18T20:00:00Z,26.37,13.8,83.51,404.42
Islamabad,2023-06-18T22:00:00Z,30.76,9.44,75.22,399.91
Quetta,2023-06-19T00:00:00Z,28.1,4.65,53.37,392.92
Peshawar,2023-06-19T02:00:00Z,28.6,0.15,67.55,410.69
Karachi,2023-06-19T04:00:00Z,23.13,0,70.85,400.6
Lahore,2023-06-19T06:00:00Z,22.82,0,48.99,418.29
Islamabad,2023-06-19T08:00:00Z,42.26,2.42,45.73,409.33
Quetta,2023-06-19T10:00:00Z,27.82,2.88,81.43,398.3
Peshawar,2023-06-19T12:00:00Z,34.92,2.07,58.08,392.99
Karachi,2023-06-19T14:00:00Z,24.82,7.84,43.27,375.84
Lahore,2023-06-19T16:00:00Z,30.56,0,55.4,428.62
Islamabad,2023-06-19T18:00:00Z,45.0,0,34.79,389.4
Quetta,2023-06-19T20:00:00Z,16.4,0,37.0,408.08
Peshawar,2023-06-19T22:00:00Z,30.57,0,34.98,416.97
Karachi,2023-06-20T00:00:00Z,24.34,6.38,38.76,429.27
Lahore,2023-06-20T02:00:00Z,28.67,3.51,55.93,421.41
Islamabad,2023-06-20T04:00:00Z,17.49,5.02,83.13,392.77
Quetta,2023-06-20T06:00:00Z,24.78,0,43.45,395.86
Peshawar,2023-06-20T08:00:00Z,24.34,6.22,79.44,421.49
Karachi,2023-06-20T10:00:00Z,38.95,7.69,44.85,424.21
Lahore,2023-06-20T12:00:00Z,24.62,5.48,47.23,422.92
Islamabad,2023-06-20T14:00:00Z,9.29,7.37,32.4,405.02
Quetta,2023-06-20T16:00:00Z,23.12,13.4,83.18,401.3
Peshawar,2023-06-20T18:00:00Z,27.58,4.72,60.57,416.92
Karachi,2023-06-20T20:00:00Z,27.84,0,54.82,399.52
Lahore,2023-06-20T22:00:00Z,31.83,3.39,31.37,403.98
Islamabad,2023-06-21T00:00:00Z,30.53,4.26,89.8,395.66
Quetta,2023-06-21T02:00:00Z,22.73,1.91,81.29,393.08
Peshawar,2023-06-21T04:00:00Z,11.81,0,85.85,434.6
Karachi,2023-06-21T06:00:00Z,33.09,0.62,74.01,443.83
Lahore,2023-06-21T08:00:00Z,33.44,0,74.32,447.21
Islamabad,2023-06-21T10:00:00Z,23.85,10.45,74.16,385.94
Quetta,2023-06-21T12:00:00Z,30.54,0,50.58,420.57
Peshawar,2023-06-21T14:00:00Z,33.51,2.54,40.02,403.53
Karachi,2023-06-21T16:00:00Z,34.89,0.39,82.25,420.09
Lahore,2023-06-21T18:00:00Z,32.65,6.26,48.33,417.11
Islamabad,2023-06-21T20:00:00Z,21.0,6.66,81.32,438.61
Quetta,2023-06-21T22:00:00Z,37.18,1.26,57.78,409.91
Peshawar,2023-06-22T00:00:00Z,26.22,3.11,41.03,433.03
Karachi,2023-06-22T02:00:00Z,32.31,5.23,63.31,403.43
Lahore,2023-06-22T04:00:00Z,21.97,2.59,82.61,394.26
Islamabad,2023-06-22T06:00:00Z,26.28,8.14,35.55,401.8
Quetta,2023-06-22T08:00:00Z,17.05,7.38,32.83,400.63
Peshawar,2023-06-22T10:00:00Z,51.21,0,44.72,394.88
Karachi,2023-06-22T12:00:00Z,17.44,4.37,85.28,439.36
Lahore,2023-06-22T14:00:00Z,32.93,2.81,62.2,409.65
Islamabad,2023-06-22T16:00:00Z,32.08,4.32,38.64,427.25
Quetta,2023-06-22T18:00:00Z,13.43,11.09,44.7,396.42
Peshawar,2023-06-22T20:00:00Z,36.69,11.54,66.8,414.93
Karachi,2023-06-22T22:00:00Z,29.28,0,44.55,422.09
Lahore,2023-06-23T00:00:00Z,14.13,0,41.61,392.32
Islamabad,2023-06-23T02:00:00Z,25.32,0,78.55,388.02
Quetta,2023-06-23T04:00:00Z,23.18,6.93,36.76,407.47
Peshawar,2023-06-23T06:00:00Z,37.84,5.14,75.49,408.39
Karachi,2023-06-23T08:00:00Z,30.66,3.67,57.98,402.69
Lahore,2023-06-23T10:00:00Z,34.12,0,48.55,425.9
Islamabad,2023-06-23T12:00:00Z,41.14,0,40.92,411.85
Quetta,2023-06-23T14:00:00Z,33.05,0,85.95,391.51
Peshawar,2023-06-23T16:00:00Z,34.75,0,89.68,411.97
Karachi,2023-06-23T18:00:00Z,36.43,0,42.64,409.32
Lahore,2023-06-23T20:00:00Z,24.77,2.67,38.11,408.22
Islamabad,2023-06-23T22:00:00Z,24.93,1.96,64.79,398.7
Quetta,2023-06-24T00:00:00Z,28.41,2.92,56.82,421.53
Peshawar,2023-06-24T02:00:00Z,39.97,0.39,55.48,427.38
Karachi,2023-06-24T04:00:00Z,17.21,4.35,57.14,377.6
Lahore,2023-06-24T06:00:00Z,25.28,6.95,72.81,408.45
Islamabad,2023-06-24T08:00:00Z,38.2,4.17,53.96,389.71
Quetta,2023-06-24T10:00:00Z,26.97,5.2,62.99,411.34
Peshawar,2023-06-24T12:00:00Z,19.67,0.1,82.38,410.56
Karachi,2023-06-24T14:00:00Z,41.34,0,30.57,420.3
Lahore,2023-06-24T16:00:00Z,29.85,0,80.28,434.95
Islamabad,2023-06-24T18:00:00Z,38.39,3.27,81.14,414.95
Quetta,2023-06-24T20:00:00Z,12.75,0,66.12,419.51
Peshawar,2023-06-24T22:00:00Z,29.19,7.99,63.12,404.18
Karachi,2023-06-25T00:00:00Z,30.2,0,50.75,407.23
Lahore,2023-06-25T02:00:00Z,36.56,13.33,89.13,398.15
Islamabad,2023-06-25T04:00:00Z,35.97,0.7,69.6,391.83
Quetta,2023-06-25T06:00:00Z,27.49,0,59.42,403.98
Peshawar,2023-06-25T08:00:00Z,28.39,1.68,80.18,406.87
Karachi,2023-06-25T10:00:00Z,35.99,7.57,56.9,412.33
Lahore,2023-06-25T12:00:00Z,24.03,0,58.46,421.02
Islamabad,2023-06-25T14:00:00Z,18.11,1.76,55.83,432.65
Quetta,2023-06-25T16:00:00Z,13.77,6.26,32.07,372.5
Peshawar,2023-06-25T18:00:00Z,20.36,4.76,76.4,425.53
Karachi,2023-06-25T20:00:00Z,32.55,1.28,56.62,414.76
Lahore,2023-06-25T22:00:00Z,34.83,0,82.38,403.86
Islamabad,2023-06-26T00:00:00Z,28.72,1.62,44.21,421.55
Quetta,2023-06-26T02:00:00Z,26.74,0,46.66,390.37
Peshawar,2023-06-26T04:00:00Z,30.86,1.85,45.24,407.61
Karachi,2023-06-26T06:00:00Z,26.55,0,62.87,414.16
Lahore,2023-06-26T08:00:00Z,17.25,7.41,82.25,402.39
Islamabad,2023-06-26T10:00:00Z,16.76,0,59.72,404.09
Quetta,2023-06-26T12:00:00Z,11.23,2.54,39.86,426.98
Peshawar,2023-06-26T14:00:00Z,27.4,0.26,77.17,419.31
Karachi,2023-06-26T16:00:00Z,29.9,0,52.81,444.03
Lahore,2023-06-26T18:00:00Z,25.02,1.83,63.13,419.37
Islamabad,2023-06-26T20:00:00Z,37.05,9.4,85.47,398.92
Quetta,2023-06-26T22:00:00Z,22.12,0,52.38,404.47
Peshawar,2023-06-27T00:00:00Z,34.8,4.29,63.13,410.02
Karachi,2023-06-27T02:00:00Z,31.34,4.58,45.84,392.4
Lahore,2023-06-27T04:00:00Z,18.49,5.43,59.11,419.63
Islamabad,2023-06-27T06:00:00Z,33.55,7.69,83.65,391.63
Quetta,2023-06-27T08:00:00Z,12.57,7.89,38.15,409.49
Peshawar,2023-06-27T10:00:00Z,29.31,4.68,78.06,412.6
Karachi,2023-06-27T12:00:00Z,28.26,1.59,73.33,396.05
Lahore,2023-06-27T14:00:00Z,33.04,2.9,58.79,402.49
Islamabad,2023-06-27T16:00:00Z,19.27,8.86,54.33,394.92
Quetta,2023-06-27T18:00:00Z,24.08,13.11,80.18,428.59
Peshawar,2023-06-27T20:00:00Z,27.43,2.65,59.6,405.79
Karachi,2023-06-27T22:00:00Z,27.08,0,30.11,371.43
Lahore,2023-06-28T00:00:00Z,31.44,0,50.17,428.16
Islamabad,2023-06-28T02:00:00Z,30.29,6.21,55.32,406.96
Quetta,2023-06-28T04:00:00Z,31.8,0.85,38.72,383.25
Peshawar,2023-06-28T06:00:00Z,22.62,2.67,34.39,393.73
Karachi,2023-06-28T08:00:00Z,41.33,0,63.03,383.84
Lahore,2023-06-28T10:00:00Z,30.88,0,58.02,380.15
Islamabad,2023-06-28T12:00:00Z,29.62,0,60.56,416.67
Quetta,2023-06-28T14:00:00Z,18.54,0,84.88,406.79
Peshawar,2023-06-28T16:00:00Z,25.17,2.7,44.33,416.49
Karachi,2023-06-28T18:00:00Z,27.18,0,64.25,428.75
Lahore,2023-06-28T20:00:00Z,24.19,5.66,81.22,416.09
Islamabad,2023-06-28T22:00:00Z,33.37,2.72,86.28,417.5
Quetta,2023-06-29T00:00:00Z,20.47,0,69.67,394.98
Peshawar,2023-06-29T02:00:00Z,41.96,0.71,86.23,413.97
Karachi,2023-06-29T04:00:00Z,34.58,2.82,75.07,412.21
Lahore,2023-06-29T06:00:00Z,28.64,3.85,41.38,415.07
Islamabad,2023-06-29T08:00:00Z,25.2,10.08,79.26,410.91
Quetta,2023-06-29T10:00:00Z,19.67,0,87.38,408.94
Peshawar,2023-06-29T12:00:00Z,30.31,2.51,35.53,429.15
Karachi,2023-06-29T14:00:00Z,28.69,0,85.71,425.62
Lahore,2023-06-29T16:00:00Z,31.12,2.84,81.07,410.22
Islamabad,2023-06-29T18:00:00Z,22.85,0,45.75,394.44
Quetta,2023-06-29T20:00:00Z,22.98,7.19,67.27,384.08
Peshawar,2023-06-29T22:00:00Z,34.26,6.39,38.48,405.65
Karachi,2023-06-30T00:00:00Z,24.78,6.54,81.93,414.7
Lahore,2023-06-30T02:00:00Z,1.92,0.85,59.37,407.24
Islamabad,2023-06-30T04:00:00Z,19.45,0.12,46.29,424.61
Quetta,2023-06-30T06:00:00Z,36.44,11.15,70.98,421.86
Peshawar,2023-06-30T08:00:00Z,20.86,0,46.61,427.63
Karachi,2023-06-30T10:00:00Z,42.66,0,45.79,390.99
Lahore,2023-06-30T12:00:00Z,32.01,2.56,82.81,390.43
Islamabad,2023-06-30T14:00:00Z,26.42,0,72.61,422.59
Quetta,2023-06-30T16:00:00Z,34.52,6.06,71.67,425.59
Peshawar,2023-06-30T18:00:00Z,34.34,0,64.29,400.68
Karachi,2023-06-30T20:00:00Z,25.46,0,73.37,393.69
Lahore,2023-06-30T22:00:00Z,28.49,0,59.54,414.99
Islamabad,2023-07-01T00:00:00Z,39.21,0,40.85,428.33
Quetta,2023-07-01T02:00:00Z,30.94,0,81.99,408.33
Peshawar,2023-07-01T04:00:00Z,11.85,5.51,50.85,409.68
Karachi,2023-07-01T06:00:00Z,35.8,0,72.75,411.47
Lahore,2023-07-01T08:00:00Z,24.12,9.98,40.89,416.33
Islamabad,2023-07-01T10:00:00Z,15.65,5.14,33.4,422.6
Quetta,2023-07-01T12:00:00Z,36.44,3.01,45.82,423.75
Peshawar,2023-07-01T14:00:00Z,27.32,6.36,42.09,398.35
Karachi,2023-07-01T16:00:00Z,27.77,0,52.43,404.51
Lahore,2023-07-01T18:00:00Z,36.61,0.18,53.71,412.47
Islamabad,2023-07-01T20:00:00Z,22.5,0,71.52,402.15
Quetta,2023-07-01T22:00:00Z,40.67,0,31.56,419.8
Peshawar,2023-07-02T00:00:00Z,11.83,0.22,67.04,423.04
Karachi,2023-07-02T02:00:00Z,36.49,0,75.42,424.33
Lahore,2023-07-02T04:00:00Z,33.7,3.56,66.59,412.66
Islamabad,2023-07-02T06:00:00Z,31.42,6.24,43.1,414.59
Quetta,2023-07-02T08:00:00Z,18.44,0,78.18,400.72
Peshawar,2023-07-02T10:00:00Z,28.24,3.91,88.61,391.71
Karachi,2023-07-02T12:00:00Z,32.69,3.37,51.74,406.97
Lahore,2023-07-02T14:00:00Z,18.27,0,86.92,415.37
Islamabad,2023-07-02T16:00:00Z,26.43,3.0,49.2,454.36
Quetta,2023-07-02T18:00:00Z,25.37,0,30.2,379.74
Peshawar,2023-07-02T20:00:00Z,29.06,4.01,34.71,433.08
Karachi,2023-07-02T22:00:00Z,39.23,0,61.43,409.65
Lahore,2023-07-03T00:00:00Z,19.61,1.65,50.78,398.47
Islamabad,2023-07-03T02:00:00Z,16.17,6.13,62.16,415.49
Quetta,2023-07-03T04:00:00Z,26.91,0,36.11,428.31
Peshawar,2023-07-03T06:00:00Z,23.33,0,32.16,406.58
Karachi,2023-07-03T08:00:00Z,22.07,1.76,45.19,397.95
Lahore,2023-07-03T10:00:00Z,21.45,3.85,88.13,409.02
Islamabad,2023-07-03T12:00:00Z,32.9,4.54,69.66,415.93
Quetta,2023-07-03T14:00:00Z,32.75,3.7,63.05,419.71
Peshawar,2023-07-03T16:00:00Z,30.8,3.87,68.45,403.46
Karachi,2023-07-03T18:00:00Z,25.73,0,53.15,395.3
Lahore,2023-07-03T20:00:00Z,18.65,3.73,47.01,438.72
Islamabad,2023-07-03T22:00:00Z,28.45,1.88,77.23,410.76
Quetta,2023-07-04T00:00:00Z,15.81,5.27,35.25,405.14
Peshawar,2023-07-04T02:00:00Z,26.19,2.03,35.67,406.85
Karachi,2023-07-04T04:00:00Z,22.95,3.34,44.88,425.65
Lahore,2023-07-04T06:00:00Z,31.39,10.13,53.02,433.33
Islamabad,2023-07-04T08:00:00Z,13.27,8.82,42.98,420.53
Quetta,2023-07-04T10:00:00Z,38.43,0,30.24,422.83
Peshawar,2023-07-04T12:00:00Z,32.76,0,71.86,399.43
Karachi,2023-07-04T14:00:00Z,34.95,4.85,61.37,420.8
Lahore,2023-07-04T16:00:00Z,34.4,4.3,78.31,416.62
Islamabad,2023-07-04T18:00:00Z,32.09,5.35,67.01,399.82
Quetta,2023-07-04T20:00:00Z,31.02,5.38,73.53,400.82
Peshawar,2023-07-04T22:00:00Z,30.65,5.47,73.28,418.84
Karachi,2023-07-05T00:00:00Z,39.53,0,78.16,415.37
Lahore,2023-07-05T02:00:00Z,45.39,0,74.68,432.85
Islamabad,2023-07-05T04:00:00Z,20.82,7.55,34.13,410.4
Quetta,2023-07-05T06:00:00Z,27.9,4.05,85.89,416.9
Peshawar,2023-07-05T08:00:00Z,16.67,4.08,64.95,416.88
Karachi,2023-07-05T10:00:00Z,35.57,0,55.7,400.87
Lahore,2023-07-05T12:00:00Z,25.87,0,73.46,427.17
Islamabad,2023-07-05T14:00:00Z,33.36,0.72,40.84,404.98
Quetta,2023-07-05T16:00:00Z,39.43,9.13,45.13,393.59
Peshawar,2023-07-05T18:00:00Z,24.95,0.87,66.13,402.61
Karachi,2023-07-05T20:00:00Z,42.25,0,30.84,434.92
Lahore,2023-07-05T22:00:00Z,35.91,4.84,72.48,428.98
Islamabad,2023-07-06T00:00:00Z,18.93,0,65.4,400.11
Quetta,2023-07-06T02:00:00Z,25.43,4.87,75.32,415.13
Peshawar,2023-07-06T04:00:00Z,22.49,5.12,78.28,436.58
Karachi,2023-07-06T06:00:00Z,22.71,6.36,62.32,415.63
Lahore,2023-07-06T08:00:00Z,16.03,0,40.47,435.61
Islamabad,2023-07-06T10:00:00Z,31.29,6.4,73.21,402.89
Quetta,2023-07-06T12:00:00Z,19.54,1.66,44.8,402.04
Peshawar,2023-07-06T14:00:00Z,19.15,2.29,80.56,420.13
Karachi,2023-07-06T16:00:00Z,36.15,4.63,65.78,386.93
Lahore,2023-07-06T18:00:00Z,19.28,2.66,53.98,399.0
Islamabad,2023-07-06T20:00:00Z,26.56,0,54.43,382.49
Quetta,2023-07-06T22:00:00Z,32.67,5.36,88.13,418.19
Peshawar,2023-07-07T00:00:00Z,32.41,0,54.65,396.72
Karachi,2023-07-07T02:00:00Z,32.36,0,81.89,404.22
Lahore,2023-07-07T04:00:00Z,35.67,4.65,55.33,391.16
Islamabad,2023-07-07T06:00:00Z,26.38,10.36,49.46,404.77
Quetta,2023-07-07T08:00:00Z,14.83,6.84,44.59,431.39
Peshawar,2023-07-07T10:00:00Z,19.89,2.86,73.71,431.12
Karachi,2023-07-07T12:00:00Z,28.49,2.88,56.34,391.55
Lahore,2023-07-07T14:00:00Z,20.37,0.15,77.1,416.76
Islamabad,2023-07-07T16:00:00Z,48.78,3.72,32.67,429.82
Quetta,2023-07-07T18:00:00Z,30.54,0.6,37.92,427.24
Peshawar,2023-07-07T20:00:00Z,10.44,0,89.79,401.48
Karachi,2023-07-07T22:00:00Z,34.33,5.19,47.76,421.61
Lahore,2023-07-08T00:00:00Z,15.12,0,32.83,406.18
Islamabad,2023-07-08T02:00:00Z,26.8,0,76.36,402.38
Quetta,2023-07-08T04:00:00Z,36.36,0,49.64,394.44
Peshawar,2023-07-08T06:00:00Z,22.36,0,61.09,412.08
Karachi,2023-07-08T08:00:00Z,29.55,9.06,71.27,381.55
Lahore,2023-07-08T10:00:00Z,27.43,0,81.87,403.62
Islamabad,2023-07-08T12:00:00Z,21.85,0,82.14,399.88
Quetta,2023-07-08T14:00:00Z,34.1,1.37,79.88,404.59
Peshawar,2023-07-08T16:00:00Z,30.82,1.05,45.9,406.8
Karachi,2023-07-08T18:00:00Z,22.25,3.1,63.46,429.11
Lahore,2023-07-08T20:00:00Z,34.87,1.75,75.02,379.47
Islamabad,2023-07-08T22:00:00Z,25.46,0,52.19,383.15
Quetta,2023-07-09T00:00:00Z,23.18,5.29,86.88,386.47
Peshawar,2023-07-09T02:00:00Z,24.82,0,49.09,422.35
Karachi,2023-07-09T04:00:00Z,33.65,1.73,69.28,419.34
Lahore,2023-07-09T06:00:00Z,38.24,3.76,81.16,395.74
Islamabad,2023-07-09T08:00:00Z,21.59,6.05,60.71,422.96
Quetta,2023-07-09T10:00:00Z,32.26,5.59,49.25,382.97
Peshawar,2023-07-09T12:00:00Z,37.64,0,71.07,418.67
Karachi,2023-07-09T14:00:00Z,16.59,0,81.46,435.79
Lahore,2023-07-09T16:00:00Z,25.82,0,82.44,426.82
Islamabad,2023-07-09T18:00:00Z,29.2,7.03,73.89,413.78
Quetta,2023-07-09T20:00:00Z,26.36,7.96,55.11,386.15
Peshawar,2023-07-09T22:00:00Z,20.4,0,54.67,428.46
Karachi,2023-07-10T00:00:00Z,33.75,8.75,66.14,409.7
Lahore,2023-07-10T02:00:00Z,16.76,3.79,49.16,433.76
Islamabad,2023-07-10T04:00:00Z,35.51,1.4,76.21,413.46
Quetta,2023-07-10T06:00:00Z,30.02,0.01,30.05,416.58
Peshawar,2023-07-10T08:00:00Z,16.01,2.06,89.1,395.45
Karachi,2023-07-10T10:00:00Z,38.29,0,64.95,403.26
Lahore,2023-07-10T12:00:00Z,29.37,12.07,52.71,397.44
Islamabad,2023-07-10T14:00:00Z,35.56,5.76,56.61,409.82
Quetta,2023-07-10T16:00:00Z,26.29,0,61.52,391.39
Peshawar,2023-07-10T18:00:00Z,36.71,5.69,69.34,403.41
Karachi,2023-07-10T20:00:00Z,31.0,13.33,87.01,419.76
Lahore,2023-07-10T22:00:00Z,29.37,7.31,70.09,420.69
Islamabad,2023-07-11T00:00:00Z,29.66,4.35,66.31,430.82
Quetta,2023-07-11T02:00:00Z,17.53,0,52.95,406.73
Peshawar,2023-07-11T04:00:00Z,29.42,1.7,71.44,424.78
Karachi,2023-07-11T06:00:00Z,37.97,0,82.24,396.89
Lahore,2023-07-11T08:00:00Z,26.7,4.42,69.52,406.74
Islamabad,2023-07-11T10:00:00Z,47.39,7.12,72.56,427.39
Quetta,2023-07-11T12:00:00Z,35.52,8.05,89.7,427.43
Peshawar,2023-07-11T14:00:00Z,27.22,0,41.35,391.87
Karachi,2023-07-11T16:00:00Z,30.03,14.62,79.84,398.57
Lahore,2023-07-11T18:00:00Z,19.66,1.79,63.91,402.5
Islamabad,2023-07-11T20:00:00Z,24.17,4.48,49.7,420.31
Quetta,2023-07-11T22:00:00Z,48.65,6.64,67.82,409.42
Peshawar,2023-07-12T00:00:00Z,31.13,3.05,81.43,409.66
Karachi,2023-07-12T02:00:00Z,10.33,7.93,50.01,439.31
Lahore,2023-07-12T04:00:00Z,29.77,5.95,30.8,448.12
Islamabad,2023-07-12T06:00:00Z,45.2,0,38.4,406.45
Quetta,2023-07-12T08:00:00Z,16.32,0,89.29,422.6
Peshawar,2023-07-12T10:00:00Z,11.18,2.0,41.37,398.09
Karachi,2023-07-12T12:00:00Z,27.85,5.16,62.95,421.06
Lahore,2023-07-12T14:00:00Z,34.03,0,33.44,425.34
Islamabad,2023-07-12T16:00:00Z,33.67,0,80.53,409.72
Quetta,2023-07-12T18:00:00Z,32.37,0.93,82.37,410.02
Peshawar,2023-07-12T20:00:00Z,28.16,5.83,88.36,420.25
Karachi,2023-07-12T22:00:00Z,42.24,0,37.39,419.57
Lahore,2023-07-13T00:00:00Z,32.42,2.08,76.56,407.2
Islamabad,2023-07-13T02:00:00Z,23.53,5.94,81.42,414.64
Quetta,2023-07-13T04:00:00Z,15.5,1.69,47.83,408.56
Peshawar,2023-07-13T06:00:00Z,36.38,4.01,38.14,405.56
Karachi,2023-07-13T08:00:00Z,19.38,5.21,53.44,414.02
Lahore,2023-07-13T10:00:00Z,25.02,1.91,82.41,414.36
Islamabad,2023-07-13T12:00:00Z,25.7,2.37,48.95,405.71
Quetta,2023-07-13T14:00:00Z,27.36,5.66,38.55,383.65
Peshawar,2023-07-13T16:00:00Z,37.0,0,54.58,389.43
Karachi,2023-07-13T18:00:00Z,21.58,0.3,81.56,416.74
Lahore,2023-07-13T20:00:00Z,38.28,9.02,77.55,397.36
Islamabad,2023-07-13T22:00:00Z,31.58,6.0,32.9,386.93
Quetta,2023-07-14T00:00:00Z,31.59,1.71,63.03,413.8
Peshawar,2023-07-14T02:00:00Z,32.82,0.86,67.42,425.74
Karachi,2023-07-14T04:00:00Z,20.81,0,32.1,402.97
Lahore,2023-07-14T06:00:00Z,32.95,10.27,68.68,401.52
Islamabad,2023-07-14T08:00:00Z,44.29,0,65.31,369.64
Quetta,2023-07-14T10:00:00Z,29.87,3.19,74.76,410.14
Peshawar,2023-07-14T12:00:00Z,30.02,1.94,86.26,432.43
Karachi,2023-07-14T14:00:00Z,20.87,0.0,82.65,418.88
Lahore,2023-07-14T16:00:00Z,40.68,0.28,69.76,417.84
Islamabad,2023-07-14T18:00:00Z,38.13,5.15,75.92,415.5
Quetta,2023-07-14T20:00:00Z,23.54,15.95,80.63,411.7
Peshawar,2023-07-14T22:00:00Z,32.77,0.58,79.04,422.4
Karachi,2023-07-15T00:00:00Z,26.88,1.72,33.82,405.22
Lahore,2023-07-15T02:00:00Z,28.13,0.34,84.55,391.16
Islamabad,2023-07-15T04:00:00Z,20.51,2.89,52.44,421.19
Quetta,2023-07-15T06:00:00Z,17.88,1.58,52.31,395.0
Peshawar,2023-07-15T08:00:00Z,30.97,9.77,82.04,428.35
Karachi,2023-07-15T10:00:00Z,27.33,5.24,61.47,419.39
Lahore,2023-07-15T12:00:00Z,39.17,6.34,32.8,404.08
Islamabad,2023-07-15T14:00:00Z,30.47,9.36,84.99,419.6
Quetta,2023-07-15T16:00:00Z,15.91,0,34.9,389.86
Peshawar,2023-07-15T18:00:00Z,32.82,9.89,32.78,400.23
Karachi,2023-07-15T20:00:00Z,18.38,0,30.33,425.83
Lahore,2023-07-15T22:00:00Z,27.75,6.74,31.65,389.81
Islamabad,2023-07-16T00:00:00Z,27.76,0,31.04,395.84
Quetta,2023-07-16T02:00:00Z,22.28,0,86.25,388.31
Peshawar,2023-07-16T04:00:00Z,30.82,0,36.44,410.47
Karachi,2023-07-16T06:00:00Z,30.35,7.05,65.17,376.57
Lahore,2023-07-16T08:00:00Z,43.57,5.01,32.56,427.93
Islamabad,2023-07-16T10:00:00Z,31.21,2.79,63.27,399.69
Quetta,2023-07-16T12:00:00Z,24.92,8.99,46.46,416.03
Peshawar,2023-07-16T14:00:00Z,42.29,0,85.13,415.52
Karachi,2023-07-16T16:00:00Z,25.29,5.39,86.98,395.9
Lahore,2023-07-16T18:00:00Z,23.03,0,77.62,390.29
Islamabad,2023-07-16T20:00:00Z,9.95,5.12,63.75,412.06
Quetta,2023-07-16T22:00:00Z,28.83,14.94,60.46,393.46
Peshawar,2023-07-17T00:00:00Z,21.45,3.84,63.32,420.94
Karachi,2023-07-17T02:00:00Z,29.91,2.23,35.05,431.49
Lahore,2023-07-17T04:00:00Z,28.86,0.3,43.44,418.63
Islamabad,2023-07-17T06:00:00Z,34.38,7.55,40.8,391.23
Quetta,2023-07-17T08:00:00Z,30.79,0,48.33,420.32
Peshawar,2023-07-17T10:00:00Z,32.33,1.73,50.51,411.9
Karachi,2023-07-17T12:00:00Z,33.42,3.77,81.91,402.15
Lahore,2023-07-17T14:00:00Z,34.38,7.55,46.51,415.91
Islamabad,2023-07-17T16:00:00Z,33.37,9.04,72.79,414.36
Quetta,2023-07-17T18:00:00Z,35.91,0.84,49.83,417.6
Peshawar,2023-07-17T20:00:00Z,19.46,0,32.05,385.97
Karachi,2023-07-17T22:00:00Z,37.31,3.4,30.96,403.94
Lahore,2023-07-18T00:00:00Z,33.44,4.96,66.12,394.49
Islamabad,2023-07-18T02:00:00Z,28.94,2.0,73.65,409.16
Quetta,2023-07-18T04:00:00Z,29.21,0,35.07,412.66
Peshawar,2023-07-18T06:00:00Z,25.35,1.69,42.46,410.68
Karachi,2023-07-18T08:00:00Z,25.4,0,34.02,417.12
Lahore,2023-07-18T10:00:00Z,18.19,6.47,52.58,393.19
Islamabad,2023-07-18T12:00:00Z,12.98,8.04,32.07,410.47
Quetta,2023-07-18T14:00:00Z,17.97,0,33.66,399.42
Peshawar,2023-07-18T16:00:00Z,29.42,5.59,60.54,421.34
Karachi,2023-07-18T18:00:00Z,17.73,3.05,55.99,411.76
Lahore,2023-07-18T20:00:00Z,9.86,0,33.12,390.65
Islamabad,2023-07-18T22:00:00Z,23.1,0,75.54,411.78
Quetta,2023-07-19T00:00:00Z,29.4,7.42,31.82,388.63
Peshawar,2023-07-19T02:00:00Z,24.2,0.75,35.3,412.38
Karachi,2023-07-19T04:00:00Z,26.16,0,86.68,425.5
Lahore,2023-07-19T06:00:00Z,19.8,0.57,55.32,415.7
Islamabad,2023-07-19T08:00:00Z,39.48,3.44,45.28,432.04
Quetta,2023-07-19T10:00:00Z,27.23,3.74,41.71,401.46
Peshawar,2023-07-19T12:00:00Z,20.18,2.29,62.5,414.42
Karachi,2023-07-19T14:00:00Z,36.6,1.74,32.32,414.27
Lahore,2023-07-19T16:00:00Z,37.84,12.21,87.39,415.12
Islamabad,2023-07-19T18:00:00Z,29.51,0,35.15,409.67
Quetta,2023-07-19T20:00:00Z,27.28,7.4,39.45,405.4
Peshawar,2023-07-19T22:00:00Z,17.06,3.34,82.95,414.0
Karachi,2023-07-20T00:00:00Z,22.94,1.6,41.23,409.99
Lahore,2023-07-20T02:00:00Z,21.25,1.51,63.13,409.65
Islamabad,2023-07-20T04:00:00Z,6.56,4.78,51.17,420.22
Quetta,2023-07-20T06:00:00Z,18.97,0,59.36,401.44
Peshawar,2023-07-20T08:00:00Z,35.1,0,89.05,414.08
Karachi,2023-07-20T10:00:00Z,36.3,0,78.01,403.84
Lahore,2023-07-20T12:00:00Z,34.38,0,76.96,407.25
Islamabad,2023-07-20T14:00:00Z,28.88,0.4,88.03,389.32
Quetta,2023-07-20T16:00:00Z,26.68,0.3,39.1,408.73
Peshawar,2023-07-20T18:00:00Z,35.33,0,82.65,410.57
Karachi,2023-07-20T20:00:00Z,18.03,1.41,54.27,394.92
Lahore,2023-07-20T22:00:00Z,18.04,7.06,80.36,389.57
Islamabad,2023-07-21T00:00:00Z,20.13,2.83,74.24,407.49
Quetta,2023-07-21T02:00:00Z,29.95,0,75.41,401.76
Peshawar,2023-07-21T04:00:00Z,27.96,0,42.14,381.98
Karachi,2023-07-21T06:00:00Z,31.0,4.27,46.5,391.75
Lahore,2023-07-21T08:00:00Z,29.39,4.48,73.71,393.11
Islamabad,2023-07-21T10:00:00Z,31.19,2.52,39.06,430.26
Quetta,2023-07-21T12:00:00Z,32.44,7.47,32.08,429.89
Peshawar,2023-07-21T14:00:00Z,17.1,0,34.42,404.6
Karachi,2023-07-21T16:00:00Z,35.6,1.5,58.75,403.69
Lahore,2023-07-21T18:00:00Z,9.98,7.73,78.9,386.25
Islamabad,2023-07-21T20:00:00Z,44.42,12.54,77.43,396.47
Quetta,2023-07-21T22:00:00Z,29.76,7.56,77.16,426.03
Peshawar,2023-07-22T00:00:00Z,28.64,2.49,56.76,408.99
Karachi,2023-07-22T02:00:00Z,11.32,8.14,43.49,433.49
Lahore,2023-07-22T04:00:00Z,42.3,6.29,68.07,413.2
Islamabad,2023-07-22T06:00:00Z,18.2,0,53.02,433.45
Quetta,2023-07-22T08:00:00Z,9.09,0,64.52,404.04
Peshawar,2023-07-22T10:00:00Z,22.07,5.76,79.79,420.77
Karachi,2023-07-22T12:00:00Z,35.47,0,54.04,400.87
Lahore,2023-07-22T14:00:00Z,11.91,8.24,88.17,406.91
Islamabad,2023-07-22T16:00:00Z,35.08,6.19,87.5,421.5
Quetta,2023-07-22T18:00:00Z,31.35,3.06,87.59,433.49
Peshawar,2023-07-22T20:00:00Z,43.51,0,41.12,412.94
Karachi,2023-07-22T22:00:00Z,25.3,0,88.51,416.91
Lahore,2023-07-23T00:00:00Z,12.2,0.03,66.83,418.5
Islamabad,2023-07-23T02:00:00Z,32.85,4.16,61.36,411.95
Quetta,2023-07-23T04:00:00Z,33.64,1.63,79.96,392.11
Peshawar,2023-07-23T06:00:00Z,27.85,0,63.47,410.02
Karachi,2023-07-23T08:00:00Z,7.14,7.67,75.36,399.31
Lahore,2023-07-23T10:00:00Z,31.56,0,88.59,432.72
Islamabad,2023-07-23T12:00:00Z,25.82,16.58,43.6,405.0
Quetta,2023-07-23T14:00:00Z,27.5,2.01,67.74,380.78
Peshawar,2023-07-23T16:00:00Z,26.1,0,88.12,413.72
Karachi,2023-07-23T18:00:00Z,34.46,0.19,67.82,421.92
Lahore,2023-07-23T20:00:00Z,19.93,13.53,71.27,405.25
Islamabad,2023-07-23T22:00:00Z,35.47,0,45.7,422.07
Quetta,2023-07-24T00:00:00Z,33.33,2.0,60.95,408.12
Peshawar,2023-07-24T02:00:00Z,32.57,0,85.34,409.06
Karachi,2023-07-24T04:00:00Z,21.26,9.81,30.28,405.45
Lahore,2023-07-24T06:00:00Z,44.72,3.71,67.97,413.03
Islamabad,2023-07-24T08:00:00Z,20.63,6.09,57.41,399.57
Quetta,2023-07-24T10:00:00Z,35.91,2.8,47.91,404.43
Peshawar,2023-07-24T12:00:00Z,16.46,2.92,58.93,370.92
Karachi,2023-07-24T14:00:00Z,40.47,8.28,31.61,425.62
Lahore,2023-07-24T16:00:00Z,32.51,0,71.03,433.39
Islamabad,2023-07-24T18:00:00Z,29.68,4.57,38.26,424.8
Quetta,2023-07-24T20:00:00Z,21.8,0,83.32,435.47
Peshawar,2023-07-24T22:00:00Z,29.58,6.49,58.87,409.98
Karachi,2023-07-25T00:00:00Z,24.95,1.49,65.51,453.1
Lahore,2023-07-25T02:00:00Z,29.37,0.65,87.01,413.94
Islamabad,2023-07-25T04:00:00Z,23.66,2.2,30.66,418.9
Quetta,2023-07-25T06:00:00Z,30.42,0,37.5,426.94
Peshawar,2023-07-25T08:00:00Z,36.42,0,51.86,415.95
Karachi,2023-07-25T10:00:00Z,20.7,14.15,73.92,415.57
Lahore,2023-07-25T12:00:00Z,19.71,7.4,43.68,444.86
Islamabad,2023-07-25T14:00:00Z,20.71,3.04,68.88,415.66
Quetta,2023-07-25T16:00:00Z,27.37,7.03,61.88,412.0
Peshawar,2023-07-25T18:00:00Z,32.99,2.1,54.28,407.34
Karachi,2023-07-25T20:00:00Z,7.88,7.56,69.48,436.06
Lahore,2023-07-25T22:00:00Z,35.25,7.62,63.95,402.36
Islamabad,2023-07-26T00:00:00Z,31.33,1.06,36.59,440.1
Quetta,2023-07-26T02:00:00Z,29.38,7.39,62.17,401.61
Peshawar,2023-07-26T04:00:00Z,35.25,0,46.56,401.01
Karachi,2023-07-26T06:00:00Z,12.19,0,68.42,427.75
Lahore,2023-07-26T08:00:00Z,34.66,10.84,88.19,416.29
Islamabad,2023-07-26T10:00:00Z,35.96,0,75.2,403.16
Quetta,2023-07-26T12:00:00Z,19.62,2.22,77.89,416.66
Peshawar,2023-07-26T14:00:00Z,30.82,2.59,75.44,425.09
Karachi,2023-07-26T16:00:00Z,14.48,9.21,34.02,420.85
Lahore,2023-07-26T18:00:00Z,30.49,1.3,78.86,419.14
Islamabad,2023-07-26T20:00:00Z,3.67,2.62,68.8,386.91
Quetta,2023-07-26T22:00:00Z,28.13,0,81.84,391.92
Peshawar,2023-07-27T00:00:00Z,32.88,6.63,84.39,386.59
Karachi,2023-07-27T02:00:00Z,40.7,4.59,76.55,407.32
Lahore,2023-07-27T04:00:00Z,38.29,0,49.69,426.45
Islamabad,2023-07-27T06:00:00Z,20.31,0.02,48.19,409.95
Quetta,2023-07-27T08:00:00Z,31.99,3.0,88.82,395.61
Peshawar,2023-07-27T10:00:00Z,20.55,5.76,62.35,399.97
Karachi,2023-07-27T12:00:00Z,20.81,14.39,89.84,413.92
Lahore,2023-07-27T14:00:00Z,24.09,3.3,65.55,385.91
Islamabad,2023-07-27T16:00:00Z,13.25,0,49.01,395.63
Quetta,2023-07-27T18:00:00Z,21.55,4.55,54.05,424.49
Peshawar,2023-07-27T20:00:00Z,26.27,4.79,86.33,415.22
Karachi,2023-07-27T22:00:00Z,43.68,0,72.74,395.85
Lahore,2023-07-28T00:00:00Z,29.61,4.97,70.5,408.37
Islamabad,2023-07-28T02:00:00Z,28.57,0,75.98,409.06
Quetta,2023-07-28T04:00:00Z,30.2,5.07,75.3,398.06
Peshawar,2023-07-28T06:00:00Z,38.86,13.14,54.41,402.42
Karachi,2023-07-28T08:00:00Z,26.61,1.74,54.88,390.36
Lahore,2023-07-28T10:00:00Z,36.85,0.38,38.94,401.36
Islamabad,2023-07-28T12:00:00Z,36.97,4.11,43.11,409.0
Quetta,2023-07-28T14:00:00Z,32.93,1.81,61.06,426.75
Peshawar,2023-07-28T16:00:00Z,36.11,4.95,40.43,389.64
Karachi,2023-07-28T18:00:00Z,19.83,0,58.01,388.37
Lahore,2023-07-28T20:00:00Z,39.15,0.44,89.83,422.17
Islamabad,2023-07-28T22:00:00Z,30.33,3.74,81.74,428.66
Quetta,2023-07-29T00:00:00Z,28.12,0,46.89,417.69
Peshawar,2023-07-29T02:00:00Z,29.79,1.91,65.12,399.14
Karachi,2023-07-29T04:00:00Z,25.97,1.25,67.06,416.58
Lahore,2023-07-29T06:00:00Z,15.15,6.48,74.35,410.48
Islamabad,2023-07-29T08:00:00Z,27.35,0,84.52,406.57
Quetta,2023-07-29T10:00:00Z,26.86,0,37.14,437.05
Peshawar,2023-07-29T12:00:00Z,24.18,1.93,46.12,409.67
Karachi,2023-07-29T14:00:00Z,33.27,5.96,38.78,415.18
Lahore,2023-07-29T16:00:00Z,34.49,2.1,85.43,445.23
Islamabad,2023-07-29T18:00:00Z,35.83,1.3,38.21,400.81
Quetta,2023-07-29T20:00:00Z,29.33,0,64.54,402.37
Peshawar,2023-07-29T22:00:00Z,15.62,0,49.8,407.13
Karachi,2023-07-30T00:00:00Z,48.59,0,46.32,383.42
Lahore,2023-07-30T02:00:00Z,35.19,0,88.39,436.55
Islamabad,2023-07-30T04:00:00Z,36.31,8.14,58.91,411.97
Quetta,2023-07-30T06:00:00Z,44.11,5.05,84.43,413.35
Peshawar,2023-07-30T08:00:00Z,35.31,0,43.88,408.01
Karachi,2023-07-30T10:00:00Z,36.05,0,75.37,416.95
Lahore,2023-07-30T12:00:00Z,37.11,0,82.33,386.56
Islamabad,2023-07-30T14:00:00Z,34.63,7.03,45.29,403.19
Quetta,2023-07-30T16:00:00Z,18.73,8.82,66.61,388.6
Peshawar,2023-07-30T18:00:00Z,31.19,4.45,73.25,430.4
Karachi,2023-07-30T20:00:00Z,30.43,0.67,53.97,408.62
Lahore,2023-07-30T22:00:00Z,43.19,4.44,32.49,402.12
Islamabad,2023-07-31T00:00:00Z,24.91,0,84.53,403.7
Quetta,2023-07-31T02:00:00Z,26.65,0,51.55,394.3
Peshawar,2023-07-31T04:00:00Z,30.41,0,62.08,402.44
Karachi,2023-07-31T06:00:00Z,28.16,0,60.88,405.84
Lahore,2023-07-31T08:00:00Z,14.87,1.67,40.68,403.9
Islamabad,2023-07-31T10:00:00Z,25.47,4.58,72.27,411.77
Quetta,2023-07-31T12:00:00Z,33.74,10.83,52.88,399.01
Peshawar,2023-07-31T14:00:00Z,23.38,4.39,49.78,423.63
Karachi,2023-07-31T16:00:00Z,30.61,1.16,59.63,401.8
Lahore,2023-07-31T18:00:00Z,15.02,0,60.5,400.63
Islamabad,2023-07-31T20:00:00Z,25.31,0,43.46,429.27
Quetta,2023-07-31T22:00:00Z,31.85,7.17,88.17,411.28
Peshawar,2023-08-01T00:00:00Z,43.24,0,40.2,422.59
Karachi,2023-08-01T02:00:00Z,24.3,0.89,52.02,417.07
Lahore,2023-08-01T04:00:00Z,34.57,1.62,43.76,430.04
Islamabad,2023-08-01T06:00:00Z,23.13,2.61,68.99,440.92
Quetta,2023-08-01T08:00:00Z,23.91,0,48.88,405.44
Peshawar,2023-08-01T10:00:00Z,23.49,6.13,68.74,398.76
Karachi,2023-08-01T12:00:00Z,31.82,6.86,69.6,403.12
Lahore,2023-08-01T14:00:00Z,25.39,11.45,77.11,428.98
Islamabad,2023-08-01T16:00:00Z,35.0,8.29,39.1,400.39
Quetta,2023-08-01T18:00:00Z,32.95,1.04,40.74,410.31
Peshawar,2023-08-01T20:00:00Z,14.03,0.49,68.15,395.24
Karachi,2023-08-01T22:00:00Z,27.48,3.31,49.89,375.86
Lahore,2023-08-02T00:00:00Z,24.72,3.27,75.18,425.07
Islamabad,2023-08-02T02:00:00Z,25.39,3.68,66.16,406.32
Quetta,2023-08-02T04:00:00Z,46.23,0.37,67.81,427.62
Peshawar,2023-08-02T06:00:00Z,31.6,6.42,85.34,402.17
Karachi,2023-08-02T08:00:00Z,33.01,10.36,74.3,424.8
Lahore,2023-08-02T10:00:00Z,23.98,10.06,53.78,391.48
Islamabad,2023-08-02T12:00:00Z,29.81,0,59.74,416.35
Quetta,2023-08-02T14:00:00Z,29.94,5.97,37.78,424.07
Peshawar,2023-08-02T16:00:00Z,26.43,6.23,66.21,390.9
Karachi,2023-08-02T18:00:00Z,21.93,6.79,76.85,405.18
Lahore,2023-08-02T20:00:00Z,17.35,12.72,61.61,403.45
Islamabad,2023-08-02T22:00:00Z,25.15,1.74,44.77,401.18
Quetta,2023-08-03T00:00:00Z,26.4,1.7,49.58,375.76
Peshawar,2023-08-03T02:00:00Z,14.9,7.76,87.24,431.48
Karachi,2023-08-03T04:00:00Z,46.42,1.98,68.45,420.92
Lahore,2023-08-03T06:00:00Z,20.72,3.84,87.75,384.27
Islamabad,2023-08-03T08:00:00Z,19.77,0.58,84.18,406.91
Quetta,2023-08-03T10:00:00Z,13.69,6.58,45.71,379.01
Peshawar,2023-08-03T12:00:00Z,29.28,0.92,68.15,405.44
Karachi,2023-08-03T14:00:00Z,35.21,7.25,44.16,423.12
Lahore,2023-08-03T16:00:00Z,10.2,1.43,75.35,416.42
Islamabad,2023-08-03T18:00:00Z,24.06,1.91,66.99,409.28
Quetta,2023-08-03T20:00:00Z,34.04,1.04,39.78,422.76
Peshawar,2023-08-03T22:00:00Z,30.59,0,58.65,426.54
Karachi,2023-08-04T00:00:00Z,20.59,7.3,40.91,376.1
Lahore,2023-08-04T02:00:00Z,31.8,3.89,83.55,432.14
Islamabad,2023-08-04T04:00:00Z,26.29,4.9,44.81,398.03
Quetta,2023-08-04T06:00:00Z,21.82,8.18,69.94,414.36
Peshawar,2023-08-04T08:00:00Z,29.51,7.3,70.22,385.48
Karachi,2023-08-04T10:00:00Z,17.68,9.24,53.65,417.18
Lahore,2023-08-04T12:00:00Z,31.83,0,53.67,411.55
Islamabad,2023-08-04T14:00:00Z,27.73,7.69,40.96,397.84
Quetta,2023-08-04T16:00:00Z,33.93,2.88,55.52,387.07
Peshawar,2023-08-04T18:00:00Z,29.61,1.26,43.73,389.31
Karachi,2023-08-04T20:00:00Z,28.88,10.38,40.59,432.84
Lahore,2023-08-04T22:00:00Z,33.14,8.83,64.08,381.83
Islamabad,2023-08-05T00:00:00Z,39.22,0.82,59.49,409.12
Quetta,2023-08-05T02:00:00Z,29.86,8.49,77.25,418.09
Peshawar,2023-08-05T04:00:00Z,40.78,1.93,55.62,393.27
Karachi,2023-08-05T06:00:00Z,37.98,4.65,73.8,398.03
Lahore,2023-08-05T08:00:00Z,30.68,6.46,59.95,429.07
Islamabad,2023-08-05T10:00:00Z,32.29,0,38.91,404.76
Quetta,2023-08-05T12:00:00Z,33.69,0.92,47.79,410.96
Peshawar,2023-08-05T14:00:00Z,30.69,6.22,57.79,437.52
Karachi,2023-08-05T16:00:00Z,34.54,3.49,51.22,417.09
Lahore,2023-08-05T18:00:00Z,37.93,2.3,77.2,413.18
Islamabad,2023-08-05T20:00:00Z,21.54,0,62.18,424.82
Quetta,2023-08-05T22:00:00Z,34.09,4.31,32.23,427.41
Peshawar,2023-08-06T00:00:00Z,26.43,5.82,82.04,431.31
Karachi,2023-08-06T02:00:00Z,18.85,5.35,42.97,430.23
Lahore,2023-08-06T04:00:00Z,45.66,0,68.18,409.45
Islamabad,2023-08-06T06:00:00Z,23.7,6.8,70.36,416.49
Quetta,2023-08-06T08:00:00Z,41.81,4.94,63.34,412.47
Peshawar,2023-08-06T10:00:00Z,28.37,0,66.36,408.94
Karachi,2023-08-06T12:00:00Z,45.95,0.15,84.41,398.62
Lahore,2023-08-06T14:00:00Z,25.19,2.24,40.37,418.27
Islamabad,2023-08-06T16:00:00Z,26.66,11.27,62.82,413.36
Quetta,2023-08-06T18:00:00Z,27.31,2.46,71.75,389.36
Peshawar,2023-08-06T20:00:00Z,16.23,3.82,35.39,404.03
Karachi,2023-08-06T22:00:00Z,12.39,3.28,43.04,413.77
Lahore,2023-08-07T00:00:00Z,34.5,9.8,50.03,406.11
Islamabad,2023-08-07T02:00:00Z,39.82,10.0,61.15,408.97
Quetta,2023-08-07T04:00:00Z,24.8,2.11,69.34,435.56
Peshawar,2023-08-07T06:00:00Z,38.9,0,69.17,420.66
Karachi,2023-08-07T08:00:00Z,37.36,0,39.94,399.22
Lahore,2023-08-07T10:00:00Z,26.6,11.18,72.9,396.24
Islamabad,2023-08-07T12:00:00Z,21.19,4.32,78.68,417.18
Quetta,2023-08-07T14:00:00Z,42.15,0.31,86.28,381.46
Peshawar,2023-08-07T16:00:00Z,27.91,5.21,43.79,408.86
Karachi,2023-08-07T18:00:00Z,30.81,0,83.27,386.44
Lahore,2023-08-07T20:00:00Z,24.47,0,59.42,398.25
Islamabad,2023-08-07T22:00:00Z,35.94,5.33,86.83,394.96
Quetta,2023-08-08T00:00:00Z,21.86,0,82.98,406.11
Peshawar,2023-08-08T02:00:00Z,28.85,0,80.09,402.93
Karachi,2023-08-08T04:00:00Z,32.9,0.6,78.14,415.92
Lahore,2023-08-08T06:00:00Z,19.32,6.62,41.41,429.35
Islamabad,2023-08-08T08:00:00Z,19.57,8.47,42.6,422.54
Quetta,2023-08-08T10:00:00Z,28.52,0,41.94,410.32
Peshawar,2023-08-08T12:00:00Z,20.23,2.1,56.24,423.84
Karachi,2023-08-08T14:00:00Z,27.45,0,84.18,395.23
Lahore,2023-08-08T16:00:00Z,24.45,9.49,78.15,421.08
Islamabad,2023-08-08T18:00:00Z,31.94,0.25,75.35,390.03
Quetta,2023-08-08T20:00:00Z,36.51,7.27,84.87,406.51
Peshawar,2023-08-08T22:00:00Z,15.51,4.27,70.09,433.02
Karachi,2023-08-09T00:00:00Z,11.99,0.36,77.91,420.28
Lahore,2023-08-09T02:00:00Z,34.34,7.91,42.6,383.42
Islamabad,2023-08-09T04:00:00Z,25.35,0.89,60.06,428.1
Quetta,2023-08-09T06:00:00Z,19.95,1.3,80.6,400.51
Peshawar,2023-08-09T08:00:00Z,16.22,2.37,37.23,414.8
Karachi,2023-08-09T10:00:00Z,32.38,6.59,72.87,407.54
Lahore,2023-08-09T12:00:00Z,19.9,0.56,76.61,395.16
Islamabad,2023-08-09T14:00:00Z,42.07,4.21,38.11,429.24
Quetta,2023-08-09T16:00:00Z,26.24,1.16,59.35,426.35
Peshawar,2023-08-09T18:00:00Z,26.16,6.27,61.08,405.77
Karachi,2023-08-09T20:00:00Z,17.22,3.67,39.08,411.28
Lahore,2023-08-09T22:00:00Z,30.38,0.86,68.58,436.36
Islamabad,2023-08-10T00:00:00Z,25.04,1.87,78.97,392.82
Quetta,2023-08-10T02:00:00Z,36.18,0.17,31.47,402.69
Peshawar,2023-08-10T04:00:00Z,36.32,4.69,42.49,390.73
Karachi,2023-08-10T06:00:00Z,27.53,0,88.83,388.08
Lahore,2023-08-10T08:00:00Z,33.38,0,40.33,451.41
Islamabad,2023-08-10T10:00:00Z,35.82,9.17,67.93,430.47
Quetta,2023-08-10T12:00:00Z,36.84,0,61.46,407.07
Peshawar,2023-08-10T14:00:00Z,25.1,0,73.4,398.92
Karachi,2023-08-10T16:00:00Z,14.4,3.13,56.47,374.32
Lahore,2023-08-10T18:00:00Z,35.36,0,66.68,448.48
Islamabad,2023-08-10T20:00:00Z,20.79,0,42.65,380.5
Quetta,2023-08-10T22:00:00Z,33.17,0,51.13,413.92
Peshawar,2023-08-11T00:00:00Z,25.23,1.33,37.46,430.37
Karachi,2023-08-11T02:00:00Z,41.18,1.93,82.96,400.47
Lahore,2023-08-11T04:00:00Z,27.53,4.63,66.52,427.09
Islamabad,2023-08-11T06:00:00Z,29.92,0,72.04,425.65
Quetta,2023-08-11T08:00:00Z,34.7,0,79.79,412.69
Peshawar,2023-08-11T10:00:00Z,20.73,2.65,81.03,428.57
Karachi,2023-08-11T12:00:00Z,26.37,5.11,54.12,410.4
Lahore,2023-08-11T14:00:00Z,26.91,0,62.01,398.62
Islamabad,2023-08-11T16:00:00Z,12.48,7.95,33.09,414.82
Quetta,2023-08-11T18:00:00Z,38.01,0,55.14,398.87
Peshawar,2023-08-11T20:00:00Z,8.9,0,61.01,406.25
Karachi,2023-08-11T22:00:00Z,25.78,5.13,78.81,425.16
Lahore,2023-08-12T00:00:00Z,40.4,1.22,34.01,434.27
Islamabad,2023-08-12T02:00:00Z,21.35,6.75,73.28,429.57
Quetta,2023-08-12T04:00:00Z,32.62,0,86.03,414.08
Peshawar,2023-08-12T06:00:00Z,31.3,2.38,68.92,425.49
Karachi,2023-08-12T08:00:00Z,19.68,0,32.64,438.34
Lahore,2023-08-12T10:00:00Z,6.61,7.51,37.8,408.51
Islamabad,2023-08-12T12:00:00Z,37.26,0,68.51,402.51
Quetta,2023-08-12T14:00:00Z,30.44,2.82,46.91,392.02
Peshawar,2023-08-12T16:00:00Z,36.7,12.48,61.06,414.22
Karachi,2023-08-12T18:00:00Z,19.13,7.68,81.25,397.88
Lahore,2023-08-12T20:00:00Z,38.47,7.59,32.26,403.7
Islamabad,2023-08-12T22:00:00Z,24.3,9.26,33.49,405.12
Quetta,2023-08-13T00:00:00Z,28.19,2.67,79.86,404.86
Peshawar,2023-08-13T02:00:00Z,24.45,0,84.63,415.73
Karachi,2023-08-13T04:00:00Z,33.44,0,75.76,426.4
Lahore,2023-08-13T06:00:00Z,22.44,3.39,32.72,417.6
Islamabad,2023-08-13T08:00:00Z,18.17,0,34.32,412.29
Quetta,2023-08-13T10:00:00Z,18.38,0,65.18,414.57
Peshawar,2023-08-13T12:00:00Z,32.33,2.07,52.75,400.29
Karachi,2023-08-13T14:00:00Z,26.25,0,40.85,410.2
Lahore,2023-08-13T16:00:00Z,22.76,0,49.45,394.45
Islamabad,2023-08-13T18:00:00Z,37.23,10.2,50.13,398.61
Quetta,2023-08-13T20:00:00Z,16.13,0,32.31,401.24
Peshawar,2023-08-13T22:00:00Z,45.4,0.07,35.29,409.76
Karachi,2023-08-14T00:00:00Z,29.15,5.07,44.81,431.12
Lahore,2023-08-14T02:00:00Z,27.0,1.72,30.58,415.61
Islamabad,2023-08-14T04:00:00Z,35.79,1.84,69.34,388.51
Quetta,2023-08-14T06:00:00Z,23.23,14.2,53.84,396.77
Peshawar,2023-08-14T08:00:00Z,21.38,9.98,41.78,409.18
Karachi,2023-08-14T10:00:00Z,24.19,0,47.56,408.01
Lahore,2023-08-14T12:00:00Z,32.85,0.97,64.07,404.09
Islamabad,2023-08-14T14:00:00Z,42.52,0,68.72,391.71
Quetta,2023-08-14T16:00:00Z,34.95,3.17,88.21,393.66
Peshawar,2023-08-14T18:00:00Z,13.62,5.33,81.54,402.3
Karachi,2023-08-14T20:00:00Z,30.36,6.55,49.75,397.73
Lahore,2023-08-14T22:00:00Z,27.57,2.76,54.53,419.17
Islamabad,2023-08-15T00:00:00Z,32.79,5.33,40.11,396.2
Quetta,2023-08-15T02:00:00Z,30.75,2.88,62.55,397.8
Peshawar,2023-08-15T04:00:00Z,34.48,7.97,76.94,432.64
Karachi,2023-08-15T06:00:00Z,30.2,0,42.27,400.85
Lahore,2023-08-15T08:00:00Z,26.83,2.41,35.49,411.15
Islamabad,2023-08-15T10:00:00Z,17.72,6.54,79.56,441.03
Quetta,2023-08-15T12:00:00Z,28.13,10.42,70.7,411.92
Peshawar,2023-08-15T14:00:00Z,17.27,0.77,71.82,413.65
Karachi,2023-08-15T16:00:00Z,24.44,0,84.11,403.7
Lahore,2023-08-15T18:00:00Z,20.61,4.22,84.98,398.71
Islamabad,2023-08-15T20:00:00Z,28.42,0,58.74,404.24
Quetta,2023-08-15T22:00:00Z,32.68,0,41.19,391.22
Peshawar,2023-08-16T00:00:00Z,27.81,0,54.58,442.06
Karachi,2023-08-16T02:00:00Z,27.54,7.75,39.41,409.47
Lahore,2023-08-16T04:00:00Z,17.71,0.57,50.2,377.93
Islamabad,2023-08-16T06:00:00Z,29.23,0,62.93,421.02
Quetta,2023-08-16T08:00:00Z,34.36,6.1,48.68,413.69
Peshawar,2023-08-16T10:00:00Z,27.28,0.75,34.99,408.88
Karachi,2023-08-16T12:00:00Z,23.82,0,71.92,403.02
Lahore,2023-08-16T14:00:00Z,13.22,3.97,68.67,415.06
Islamabad,2023-08-16T16:00:00Z,33.69,0.53,88.56,411.23
Quetta,2023-08-16T18:00:00Z,32.66,3.26,44.13,381.86
Peshawar,2023-08-16T20:00:00Z,35.93,5.77,59.07,402.44
Karachi,2023-08-16T22:00:00Z,25.37,3.02,67.81,411.71
Lahore,2023-08-17T00:00:00Z,25.72,0.48,65.71,413.45
Islamabad,2023-08-17T02:00:00Z,21.92,0,30.78,414.2
Quetta,2023-08-17T04:00:00Z,20.62,4.96,70.86,403.36
Peshawar,2023-08-17T06:00:00Z,33.78,1.46,86.52,432.03
Karachi,2023-08-17T08:00:00Z,27.78,4.29,63.26,443.98
Lahore,2023-08-17T10:00:00Z,31.45,0,75.91,391.12
Islamabad,2023-08-17T12:00:00Z,34.9,6.14,62.39,423.49
Quetta,2023-08-17T14:00:00Z,28.18,5.14,46.65,432.39
Peshawar,2023-08-17T16:00:00Z,5.09,0.58,55.92,428.87
Karachi,2023-08-17T18:00:00Z,17.24,0,34.98,431.66
Lahore,2023-08-17T20:00:00Z,30.76,1.64,34.73,394.83
Islamabad,2023-08-17T22:00:00Z,25.69,0,81.65,404.44
Quetta,2023-08-18T00:00:00Z,49.35,2.76,74.6,422.56
Peshawar,2023-08-18T02:00:00Z,15.41,0,61.87,413.67
Karachi,2023-08-18T04:00:00Z,25.06,0.38,39.52,432.2
Lahore,2023-08-18T06:00:00Z,27.66,0,68.93,407.72
Islamabad,2023-08-18T08:00:00Z,14.82,0.48,37.18,417.75
Quetta,2023-08-18T10:00:00Z,31.54,4.38,72.17,424.46
Peshawar,2023-08-18T12:00:00Z,35.78,0,45.27,395.47
Karachi,2023-08-18T14:00:00Z,23.04,4.2,45.59,404.43
Lahore,2023-08-18T16:00:00Z,13.19,10.01,66.73,420.54
Islamabad,2023-08-18T18:00:00Z,32.89,0.98,73.95,404.46
Quetta,2023-08-18T20:00:00Z,39.39,2.84,49.94,395.55
Peshawar,2023-08-18T22:00:00Z,27.7,4.46,49.72,408.95
Karachi,2023-08-19T00:00:00Z,9.35,0,56.72,386.09
Lahore,2023-08-19T02:00:00Z,27.78,4.33,54.98,406.34
Islamabad,2023-08-19T04:00:00Z,30.69,0.05,56.9,414.85
Quetta,2023-08-19T06:00:00Z,29.54,0,44.61,391.35
Peshawar,2023-08-19T08:00:00Z,29.23,1.86,80.87,397.06
Karachi,2023-08-19T10:00:00Z,30.76,0,89.19,396.24
Lahore,2023-08-19T12:00:00Z,38.27,5.83,38.17,407.32
Islamabad,2023-08-19T14:00:00Z,34.94,0,47.2,424.21
Quetta,2023-08-19T16:00:00Z,33.83,0,41.41,403.71
Peshawar,2023-08-19T18:00:00Z,19.11,4.24,57.79,424.34
Karachi,2023-08-19T20:00:00Z,22.13,3.45,64.03,385.03
Lahore,2023-08-19T22:00:00Z,30.34,4.46,60.62,408.02
Islamabad,2023-08-20T00:00:00Z,32.42,1.66,76.77,411.91
Quetta,2023-08-20T02:00:00Z,18.52,0.46,88.08,424.05
Peshawar,2023-08-20T04:00:00Z,25.01,5.31,59.59,416.11
Karachi,2023-08-20T06:00:00Z,20.45,0,41.6,401.56
Lahore,2023-08-20T08:00:00Z,39.29,0,53.86,417.73
Islamabad,2023-08-20T10:00:00Z,35.29,0,41.09,382.67
Quetta,2023-08-20T12:00:00Z,21.71,0,68.37,427.79
Peshawar,2023-08-20T14:00:00Z,28.35,0,36.56,403.9
Karachi,2023-08-20T16:00:00Z,16.09,0,49.9,404.61
Lahore,2023-08-20T18:00:00Z,28.87,9.72,59.79,431.97
Islamabad,2023-08-20T20:00:00Z,33.3,6.07,72.8,397.29
Quetta,2023-08-20T22:00:00Z,22.29,0.25,76.83,429.5
Peshawar,2023-08-21T00:00:00Z,34.23,0,51.5,405.13
Karachi,2023-08-21T02:00:00Z,42.16,5.15,68.33,415.8
Lahore,2023-08-21T04:00:00Z,37.05,0,40.54,428.4
Islamabad,2023-08-21T06:00:00Z,24.17,0,31.05,401.12
Quetta,2023-08-21T08:00:00Z,31.6,0,56.47,410.35
Peshawar,2023-08-21T10:00:00Z,29.51,0,83.15,438.06
Karachi,2023-08-21T12:00:00Z,28.67,0,44.21,413.19
Lahore,2023-08-21T14:00:00Z,31.01,10.81,86.67,434.95
Islamabad,2023-08-21T16:00:00Z,18.85,0,49.31,405.55
Quetta,2023-08-21T18:00:00Z,24.26,5.02,63.08,392.78
Peshawar,2023-08-21T20:00:00Z,14.73,16.66,88.23,405.09
Karachi,2023-08-21T22:00:00Z,30.54,0,77.97,415.05
Lahore,2023-08-22T00:00:00Z,13.1,4.37,57.6,413.0
Islamabad,2023-08-22T02:00:00Z,20.72,7.55,64.54,413.83
Quetta,2023-08-22T04:00:00Z,26.26,7.38,78.17,405.21
Peshawar,2023-08-22T06:00:00Z,30.25,3.74,72.56,414.72
Karachi,2023-08-22T08:00:00Z,20.45,1.69,46.75,418.5
Lahore,2023-08-22T10:00:00Z,33.77,0,78.87,408.74
Islamabad,2023-08-22T12:00:00Z,27.58,0,84.78,411.7
Quetta,2023-08-22T14:00:00Z,27.89,0,78.0,402.5
Peshawar,2023-08-22T16:00:00Z,40.74,0,59.92,393.33
Karachi,2023-08-22T18:00:00Z,36.54,0,58.5,395.01
Lahore,2023-08-22T20:00:00Z,18.65,2.54,69.36,410.45
Islamabad,2023-08-22T22:00:00Z,21.32,0.19,31.22,405.05
Quetta,2023-08-23T00:00:00Z,30.52,0,75.76,398.73
Peshawar,2023-08-23T02:00:00Z,22.41,1.51,85.46,407.78
Karachi,2023-08-23T04:00:00Z,19.53,0,54.77,422.59
Lahore,2023-08-23T06:00:00Z,39.81,6.26,61.34,407.53
Islamabad,2023-08-23T08:00:00Z,30.32,1.34,86.93,419.46
Quetta,2023-08-23T10:00:00Z,23.53,5.23,60.04,415.08
Peshawar,2023-08-23T12:00:00Z,33.07,3.14,31.53,429.27
Karachi,2023-08-23T14:00:00Z,14.12,2.8,41.64,398.43
Lahore,2023-08-23T16:00:00Z,47.58,1.55,38.72,417.39
Islamabad,2023-08-23T18:00:00Z,28.05,2.11,86.76,422.29
Quetta,2023-08-23T20:00:00Z,36.14,8.17,47.35,414.41
Peshawar,2023-08-23T22:00:00Z,33.22,0,36.6,412.02
Karachi,2023-08-24T00:00:00Z,18.15,0,72.53,394.67
Lahore,2023-08-24T02:00:00Z,23.4,0,71.82,401.4
Islamabad,2023-08-24T04:00:00Z,24.23,0,76.69,418.13
Quetta,2023-08-24T06:00:00Z,51.43,0,84.61,405.45
Peshawar,2023-08-24T08:00:00Z,24.16,0,86.77,396.69
Karachi,2023-08-24T10:00:00Z,39.46,0.5,62.29,430.67
Lahore,2023-08-24T12:00:00Z,26.58,0,30.24,401.3
Islamabad,2023-08-24T14:00:00Z,21.06,3.52,40.56,429.27
Quetta,2023-08-24T16:00:00Z,25.8,0,31.07,419.33
Peshawar,2023-08-24T18:00:00Z,31.24,0,63.34,397.4
Karachi,2023-08-24T20:00:00Z,29.83,0.87,55.77,423.35
Lahore,2023-08-24T22:00:00Z,21.66,0.17,53.59,405.32
Islamabad,2023-08-25T00:00:00Z,37.68,0,89.66,397.13
Quetta,2023-08-25T02:00:00Z,26.84,0,39.58,416.25
Peshawar,2023-08-25T04:00:00Z,27.39,0,71.66,387.37
Karachi,2023-08-25T06:00:00Z,22.51,15.6,88.42,409.56
Lahore,2023-08-25T08:00:00Z,32.37,5.55,87.58,399.92
Islamabad,2023-08-25T10:00:00Z,31.83,9.85,59.44,402.02
Quetta,2023-08-25T12:00:00Z,21.29,0,57.38,387.9
Peshawar,2023-08-25T14:00:00Z,32.52,13.2,45.62,370.86
Karachi,2023-08-25T16:00:00Z,32.95,0,87.68,426.32
Lahore,2023-08-25T18:00:00Z,34.96,3.58,49.78,420.46
Islamabad,2023-08-25T20:00:00Z,34.77,4.46,67.66,400.39
Quetta,2023-08-25T22:00:00Z,18.42,7.97,31.37,416.55
Peshawar,2023-08-26T00:00:00Z,38.05,0,72.66,422.31
Karachi,2023-08-26T02:00:00Z,31.87,6.25,63.17,397.79
Lahore,2023-08-26T04:00:00Z,29.23,0,85.11,414.87
Islamabad,2023-08-26T06:00:00Z,28.07,10.86,61.75,413.35
Quetta,2023-08-26T08:00:00Z,36.18,3.5,81.18,388.84
Peshawar,2023-08-26T10:00:00Z,38.44,5.52,89.23,435.47
Karachi,2023-08-26T12:00:00Z,35.29,6.51,45.48,428.98
Lahore,2023-08-26T14:00:00Z,30.66,3.35,47.92,416.12
Islamabad,2023-08-26T16:00:00Z,23.8,0,44.72,385.72
Quetta,2023-08-26T18:00:00Z,28.45,1.33,33.29,413.95
Peshawar,2023-08-26T20:00:00Z,34.91,8.92,64.56,413.89
Karachi,2023-08-26T22:00:00Z,38.58,0,60.87,400.66
Lahore,2023-08-27T00:00:00Z,24.35,0,85.07,402.28
Islamabad,2023-08-27T02:00:00Z,3.64,0,71.92,393.25
Quetta,2023-08-27T04:00:00Z,32.03,4.2,60.14,433.57
Peshawar,2023-08-27T06:00:00Z,32.0,9.1,60.15,414.74
Karachi,2023-08-27T08:00:00Z,22.53,3.63,58.1,401.23
Lahore,2023-08-27T10:00:00Z,36.68,15.14,62.18,422.62
Islamabad,2023-08-27T12:00:00Z,15.16,5.92,47.27,417.25
Quetta,2023-08-27T14:00:00Z,35.82,0,64.33,423.29
Peshawar,2023-08-27T16:00:00Z,30.53,0,64.43,402.48
Karachi,2023-08-27T18:00:00Z,33.52,6.66,74.34,413.9
Lahore,2023-08-27T20:00:00Z,32.19,1.32,74.07,389.41
Islamabad,2023-08-27T22:00:00Z,34.52,4.58,49.05,406.77
Quetta,2023-08-28T00:00:00Z,16.98,9.67,80.89,420.43
Peshawar,2023-08-28T02:00:00Z,25.79,1.45,89.91,435.75
Karachi,2023-08-28T04:00:00Z,31.53,1.53,53.06,397.34
Lahore,2023-08-28T06:00:00Z,24.03,0,40.33,380.78
Islamabad,2023-08-28T08:00:00Z,36.55,4.8,69.23,420.39
Quetta,2023-08-28T10:00:00Z,37.28,0,60.61,409.68
Peshawar,2023-08-28T12:00:00Z,30.69,2.33,44.57,423.33
Karachi,2023-08-28T14:00:00Z,35.01,0,45.81,412.23
Lahore,2023-08-28T16:00:00Z,29.23,0,52.62,429.28
Islamabad,2023-08-28T18:00:00Z,31.98,0,82.61,427.16
Quetta,2023-08-28T20:00:00Z,28.89,3.46,54.51,399.65
Peshawar,2023-08-28T22:00:00Z,26.43,0,66.81,394.66
Karachi,2023-08-29T00:00:00Z,28.41,0,48.1,406.29
Lahore,2023-08-29T02:00:00Z,26.09,4.3,53.4,379.51
Islamabad,2023-08-29T04:00:00Z,15.83,1.34,89.09,414.26
Quetta,2023-08-29T06:00:00Z,17.13,0,78.21,396.13
Peshawar,2023-08-29T08:00:00Z,24.98,2.06,37.98,394.07
Karachi,2023-08-29T10:00:00Z,27.02,11.24,89.94,403.12
Lahore,2023-08-29T12:00:00Z,35.02,0,47.21,443.97
Islamabad,2023-08-29T14:00:00Z,25.53,4.64,81.84,410.38
Quetta,2023-08-29T16:00:00Z,31.93,1.16,34.5,407.91
Peshawar,2023-08-29T18:00:00Z,40.68,0,58.38,416.3
Karachi,2023-08-29T20:00:00Z,32.37,1.36,39.19,427.37
Lahore,2023-08-29T22:00:00Z,47.86,0,61.85,422.26
Islamabad,2023-08-30T00:00:00Z,26.19,1.88,76.25,422.41
Quetta,2023-08-30T02:00:00Z,14.07,12.95,58.56,423.65
Peshawar,2023-08-30T04:00:00Z,19.17,0.86,47.92,407.63
Karachi,2023-08-30T06:00:00Z,33.91,0,80.97,391.14
Lahore,2023-08-30T08:00:00Z,30.72,4.33,31.67,430.03
Islamabad,2023-08-30T10:00:00Z,25.97,0.97,56.27,418.28
Quetta,2023-08-30T12:00:00Z,44.39,1.18,63.76,403.85
Peshawar,2023-08-30T14:00:00Z,35.82,2.34,46.2,414.61
Karachi,2023-08-30T16:00:00Z,44.36,0,52.45,419.0
Lahore,2023-08-30T18:00:00Z,25.36,0.97,67.75,398.86
Islamabad,2023-08-30T20:00:00Z,45.34,4.0,48.05,422.99
Quetta,2023-08-30T22:00:00Z,28.59,0,83.34,401.35
Peshawar,2023-08-31T00:00:00Z,45.48,0,34.27,433.76
Karachi,2023-08-31T02:00:00Z,29.44,0,39.26,407.63
Lahore,2023-08-31T04:00:00Z,24.93,0,76.4,413.47
Islamabad,2023-08-31T06:00:00Z,32.51,0,55.03,410.48
Quetta,2023-08-31T08:00:00Z,29.56,0,66.81,414.94
Peshawar,2023-08-31T10:00:00Z,18.98,0,86.25,426.72
Karachi,2023-08-31T12:00:00Z,27.22,5.53,89.52,404.33
Lahore,2023-08-31T14:00:00Z,23.94,0,85.52,416.03
Islamabad,2023-08-31T16:00:00Z,23.2,7.1,89.19,431.37
Quetta,2023-08-31T18:00:00Z,27.81,15.86,50.89,385.05
Peshawar,2023-08-31T20:00:00Z,9.17,3.21,51.1,431.61
Karachi,2023-08-31T22:00:00Z,25.87,0.95,43.61,407.98
Lahore,2023-09-01T00:00:00Z,37.01,3.73,51.85,404.37
Islamabad,2023-09-01T02:00:00Z,31.24,4.15,56.47,403.51
Quetta,2023-09-01T04:00:00Z,37.21,0,73.23,412.81
Peshawar,2023-09-01T06:00:00Z,32.92,4.5,70.77,436.03
Karachi,2023-09-01T08:00:00Z,33.28,7.18,74.96,400.16
Lahore,2023-09-01T10:00:00Z,20.84,0,37.32,421.15
Islamabad,2023-09-01T12:00:00Z,5.99,0,85.2,408.06
Quetta,2023-09-01T14:00:00Z,28.32,7.48,58.47,415.25
Peshawar,2023-09-01T16:00:00Z,18.32,1.8,80.69,383.93
Karachi,2023-09-01T18:00:00Z,15.26,0,78.28,394.86
Lahore,2023-09-01T20:00:00Z,45.54,0.77,65.83,403.32
Islamabad,2023-09-01T22:00:00Z,13.44,0,52.86,420.54
Quetta,2023-09-02T00:00:00Z,23.56,0,87.04,402.78
Peshawar,2023-09-02T02:00:00Z,30.43,2.76,31.53,417.55
Karachi,2023-09-02T04:00:00Z,17.63,3.17,43.63,421.78
Lahore,2023-09-02T06:00:00Z,20.62,1.27,57.36,421.82
Islamabad,2023-09-02T08:00:00Z,36.62,0.37,65.18,370.48
Quetta,2023-09-02T10:00:00Z,29.97,0,81.43,419.65
Peshawar,2023-09-02T12:00:00Z,11.6,0,56.77,395.4
Karachi,2023-09-02T14:00:00Z,26.56,4.4,45.27,434.78
Lahore,2023-09-02T16:00:00Z,15.28,7.45,85.37,388.43
Islamabad,2023-09-02T18:00:00Z,43.93,0,59.95,400.21
Quetta,2023-09-02T20:00:00Z,30.04,0,71.69,435.19
Peshawar,2023-09-02T22:00:00Z,28.11,0,39.21,412.04
Karachi,2023-09-03T00:00:00Z,19.48,0,56.07,402.47
Lahore,2023-09-03T02:00:00Z,25.22,6.19,42.06,391.16
Islamabad,2023-09-03T04:00:00Z,32.11,0,65.62,392.21
Quetta,2023-09-03T06:00:00Z,31.71,3.53,54.04,394.68
Peshawar,2023-09-03T08:00:00Z,17.31,1.39,89.79,415.58
Karachi,2023-09-03T10:00:00Z,21.74,15.18,57.66,402.04
Lahore,2023-09-03T12:00:00Z,30.89,4.96,53.69,431.66
Islamabad,2023-09-03T14:00:00Z,18.18,0,88.04,424.49
Quetta,2023-09-03T16:00:00Z,35.9,1.11,55.55,426.28
Peshawar,2023-09-03T18:00:00Z,27.9,2.6,64.37,381.71
Karachi,2023-09-03T20:00:00Z,30.53,0.76,33.94,406.18
Lahore,2023-09-03T22:00:00Z,19.14,0,80.02,416.83
Islamabad,2023-09-04T00:00:00Z,28.04,0,75.97,414.41
Quetta,2023-09-04T02:00:00Z,18.15,0,44.64,409.96
Peshawar,2023-09-04T04:00:00Z,40.33,0.21,74.62,406.9
Karachi,2023-09-04T06:00:00Z,32.22,0.94,44.15,418.84
Lahore,2023-09-04T08:00:00Z,34.62,0.51,84.7,398.97
Islamabad,2023-09-04T10:00:00Z,38.16,9.62,75.51,413.4
Quetta,2023-09-04T12:00:00Z,20.68,0,50.94,441.76
Peshawar,2023-09-04T14:00:00Z,18.99,5.62,39.86,411.69
Karachi,2023-09-04T16:00:00Z,46.38,3.2,38.88,394.67
Lahore,2023-09-04T18:00:00Z,24.92,7.25,67.88,424.72
Islamabad,2023-09-04T20:00:00Z,38.25,3.92,51.23,409.17
Quetta,2023-09-04T22:00:00Z,26.72,0,56.63,416.61
Peshawar,2023-09-05T00:00:00Z,23.65,0,31.84,386.79
Karachi,2023-09-05T02:00:00Z,40.49,0,39.0,417.33
Lahore,2023-09-05T04:00:00Z,25.96,0,80.53,416.2
Islamabad,2023-09-05T06:00:00Z,20.58,5.47,79.47,409.15
Quetta,2023-09-05T08:00:00Z,24.68,5.39,43.86,398.31
Peshawar,2023-09-05T10:00:00Z,37.64,4.17,86.58,398.03
Karachi,2023-09-05T12:00:00Z,27.24,0,53.48,401.12
Lahore,2023-09-05T14:00:00Z,18.49,0,88.58,409.54
Islamabad,2023-09-05T16:00:00Z,14.75,10.45,43.68,415.9
Quetta,2023-09-05T18:00:00Z,13.73,2.97,39.18,406.16
Peshawar,2023-09-05T20:00:00Z,21.39,0,34.6,386.73
Karachi,2023-09-05T22:00:00Z,41.23,4.9,36.35,411.43
Lahore,2023-09-06T00:00:00Z,25.42,0,64.43,384.54
Islamabad,2023-09-06T02:00:00Z,30.73,5.56,66.53,419.04
Quetta,2023-09-06T04:00:00Z,21.76,0,34.22,410.46
Peshawar,2023-09-06T06:00:00Z,43.08,5.39,84.2,413.03
Karachi,2023-09-06T08:00:00Z,22.96,0,83.88,402.08
Lahore,2023-09-06T10:00:00Z,23.6,2.5,68.77,402.07
Islamabad,2023-09-06T12:00:00Z,39.73,0.35,44.14,423.01
Quetta,2023-09-06T14:00:00Z,26.05,4.37,47.02,392.43
Peshawar,2023-09-06T16:00:00Z,24.04,10.42,37.74,423.72
Karachi,2023-09-06T18:00:00Z,23.12,0.46,32.21,436.05
Lahore,2023-09-06T20:00:00Z,32.3,0,63.47,430.81
Islamabad,2023-09-06T22:00:00Z,35.75,0.85,36.17,415.91
Quetta,2023-09-07T00:00:00Z,27.03,10.11,87.48,397.18
Peshawar,2023-09-07T02:00:00Z,18.21,10.84,89.09,411.32
Karachi,2023-09-07T04:00:00Z,16.77,3.95,45.33,440.69
Lahore,2023-09-07T06:00:00Z,34.57,9.02,75.99,390.6
Islamabad,2023-09-07T08:00:00Z,14.99,10.8,85.81,398.25
Quetta,2023-09-07T10:00:00Z,36.3,6.72,79.68,387.12
Peshawar,2023-09-07T12:00:00Z,24.56,0,35.48,412.95
Karachi,2023-09-07T14:00:00Z,30.85,7.75,45.39,409.08
Lahore,2023-09-07T16:00:00Z,17.14,1.16,52.62,418.85
Islamabad,2023-09-07T18:00:00Z,19.42,0,38.61,421.89
Quetta,2023-09-07T20:00:00Z,28.2,0,49.05,398.55
Peshawar,2023-09-07T22:00:00Z,31.78,0.72,37.89,391.95
Karachi,2023-09-08T00:00:00Z,32.75,10.87,60.95,385.73
Lahore,2023-09-08T02:00:00Z,20.15,0,54.61,426.03
Islamabad,2023-09-08T04:00:00Z,24.12,0,43.82,414.14
Quetta,2023-09-08T06:00:00Z,39.05,0,61.72,408.93
Peshawar,2023-09-08T08:00:00Z,38.94,2.37,57.24,434.67
Karachi,2023-09-08T10:00:00Z,22.71,6.35,89.13,403.03
Lahore,2023-09-08T12:00:00Z,21.7,4.03,30.15,440.84
Islamabad,2023-09-08T14:00:00Z,13.07,0,51.33,417.23
Quetta,2023-09-08T16:00:00Z,21.52,3.09,56.5,420.4
Peshawar,2023-09-08T18:00:00Z,29.52,4.05,66.56,409.12
Karachi,2023-09-08T20:00:00Z,38.3,7.41,65.96,399.31
Lahore,2023-09-08T22:00:00Z,28.12,3.3,73.89,425.46
Islamabad,2023-09-09T00:00:00Z,20.99,9.2,51.34,395.06
Quetta,2023-09-09T02:00:00Z,23.84,0,89.82,406.99
Peshawar,2023-09-09T04:00:00Z,24.08,2.77,32.34,432.16
Karachi,2023-09-09T06:00:00Z,28.67,1.31,37.95,397.74
Lahore,2023-09-09T08:00:00Z,26.56,0,79.6,429.85
Islamabad,2023-09-09T10:00:00Z,33.82,0.19,65.67,413.05
Quetta,2023-09-09T12:00:00Z,28.92,3.7,73.58,404.33
Peshawar,2023-09-09T14:00:00Z,38.07,0.83,44.36,433.96
Karachi,2023-09-09T16:00:00Z,26.34,2.18,46.48,431.59
Lahore,2023-09-09T18:00:00Z,24.09,0.28,57.12,419.59
Islamabad,2023-09-09T20:00:00Z,31.97,0,48.17,401.06
Quetta,2023-09-09T22:00:00Z,38.96,1.2,32.93,424.86
Peshawar,2023-09-10T00:00:00Z,29.75,0,74.65,433.88
Karachi,2023-09-10T02:00:00Z,24.52,0,30.73,408.32
Lahore,2023-09-10T04:00:00Z,29.85,3.2,89.43,400.64
Islamabad,2023-09-10T06:00:00Z,26.3,0,87.15,410.64
Quetta,2023-09-10T08:00:00Z,28.25,3.6,66.68,392.99
Peshawar,2023-09-10T10:00:00Z,22.36,6.02,48.24,399.13
Karachi,2023-09-10T12:00:00Z,27.23,5.07,85.14,422.21
Lahore,2023-09-10T14:00:00Z,15.74,4.38,73.09,409.48
Islamabad,2023-09-10T16:00:00Z,19.26,0.91,64.26,418.53
Quetta,2023-09-10T18:00:00Z,27.43,0.04,59.48,413.16
Peshawar,2023-09-10T20:00:00Z,17.95,5.21,46.39,412.59
Karachi,2023-09-10T22:00:00Z,37.64,4.22,79.21,392.44
Lahore,2023-09-11T00:00:00Z,27.84,1.81,60.62,428.5
Islamabad,2023-09-11T02:00:00Z,30.15,0,64.6,399.93
Quetta,2023-09-11T04:00:00Z,36.13,1.01,83.27,418.68
Peshawar,2023-09-11T06:00:00Z,20.43,0,34.13,433.04
Karachi,2023-09-11T08:00:00Z,29.55,5.32,57.81,432.96
Lahore,2023-09-11T10:00:00Z,39.34,0,60.73,394.07
Islamabad,2023-09-11T12:00:00Z,23.03,0,54.61,375.48
Quetta,2023-09-11T14:00:00Z,30.41,0.55,53.24,411.73
Peshawar,2023-09-11T16:00:00Z,31.08,0.05,87.81,386.69
Karachi,2023-09-11T18:00:00Z,40.24,4.85,47.7,419.79
Lahore,2023-09-11T20:00:00Z,20.78,1.25,72.82,408.27
Islamabad,2023-09-11T22:00:00Z,26.8,7.73,76.68,414.82
Quetta,2023-09-12T00:00:00Z,23.55,0,52.96,410.0
Peshawar,2023-09-12T02:00:00Z,28.83,0,65.35,422.89
Karachi,2023-09-12T04:00:00Z,48.76,9.68,63.29,405.26
Lahore,2023-09-12T06:00:00Z,21.57,5.22,85.05,402.28
Islamabad,2023-09-12T08:00:00Z,24.12,5.14,82.22,395.84
Quetta,2023-09-12T10:00:00Z,31.39,0,82.91,403.53
Peshawar,2023-09-12T12:00:00Z,29.22,0,69.02,402.74
Karachi,2023-09-12T14:00:00Z,14.5,3.92,80.52,410.82
Lahore,2023-09-12T16:00:00Z,20.6,0,68.25,389.59
Islamabad,2023-09-12T18:00:00Z,35.05,1.78,38.03,402.07
Quetta,2023-09-12T20:00:00Z,24.49,4.38,36.79,412.82
Peshawar,2023-09-12T22:00:00Z,35.98,0.79,43.83,426.86
Karachi,2023-09-13T00:00:00Z,28.9,0,48.17,414.72
Lahore,2023-09-13T02:00:00Z,14.93,0,73.39,418.4
Islamabad,2023-09-13T04:00:00Z,44.53,2.81,49.95,406.29
Quetta,2023-09-13T06:00:00Z,30.93,3.13,77.86,399.18
Peshawar,2023-09-13T08:00:00Z,20.67,3.48,58.36,399.35
Karachi,2023-09-13T10:00:00Z,31.62,0,64.3,407.93
Lahore,2023-09-13T12:00:00Z,22.15,0,35.59,406.87
Islamabad,2023-09-13T14:00:00Z,24.02,0,34.53,403.54
Quetta,2023-09-13T16:00:00Z,31.81,0,78.9,376.74
Peshawar,2023-09-13T18:00:00Z,18.18,1.24,58.47,411.97
Karachi,2023-09-13T20:00:00Z,30.22,7.81,37.82,405.44
Lahore,2023-09-13T22:00:00Z,33.57,0.06,83.46,426.35
Islamabad,2023-09-14T00:00:00Z,28.9,0,59.58,392.63
Quetta,2023-09-14T02:00:00Z,16.99,6.45,33.94,390.21
Peshawar,2023-09-14T04:00:00Z,11.51,0.21,59.92,415.11
Karachi,2023-09-14T06:00:00Z,36.99,0,37.19,411.52
Lahore,2023-09-14T08:00:00Z,19.47,4.12,73.73,443.09
Islamabad,2023-09-14T10:00:00Z,34.99,5.13,58.22,411.01
Quetta,2023-09-14T12:00:00Z,28.67,11.44,42.02,416.88
Peshawar,2023-09-14T14:00:00Z,12.97,1.13,64.86,393.48
Karachi,2023-09-14T16:00:00Z,23.11,0,64.5,375.31
Lahore,2023-09-14T18:00:00Z,30.62,9.01,62.07,420.97
Islamabad,2023-09-14T20:00:00Z,23.4,1.01,44.05,419.16
Quetta,2023-09-14T22:00:00Z,34.47,6.55,55.47,397.58
Peshawar,2023-09-15T00:00:00Z,24.15,3.14,57.67,408.06
Karachi,2023-09-15T02:00:00Z,25.12,2.71,66.94,440.45
Lahore,2023-09-15T04:00:00Z,27.01,0,71.64,403.96
Islamabad,2023-09-15T06:00:00Z,29.22,0,76.34,392.48
Quetta,2023-09-15T08:00:00Z,27.19,1.73,73.39,413.78
Peshawar,2023-09-15T10:00:00Z,14.2,4.87,53.04,421.49
Karachi,2023-09-15T12:00:00Z,15.11,0,79.47,409.48
Lahore,2023-09-15T14:00:00Z,18.0,3.36,51.29,411.45
Islamabad,2023-09-15T16:00:00Z,34.31,0,84.04,416.36
Quetta,2023-09-15T18:00:00Z,37.22,0,86.38,412.68
Peshawar,2023-09-15T20:00:00Z,26.74,0,74.39,412.26
Karachi,2023-09-15T22:00:00Z,28.45,3.82,57.2,386.7
Lahore,2023-09-16T00:00:00Z,18.91,11.29,67.25,422.16
Islamabad,2023-09-16T02:00:00Z,13.86,0.22,83.87,434.76
Quetta,2023-09-16T04:00:00Z,35.7,0,65.7,408.19
Peshawar,2023-09-16T06:00:00Z,24.06,0,57.09,400.81
Karachi,2023-09-16T08:00:00Z,27.46,0.37,80.73,415.96
Lahore,2023-09-16T10:00:00Z,24.07,1.98,50.83,410.48
Islamabad,2023-09-16T12:00:00Z,35.6,1.86,71.15,407.55
Quetta,2023-09-16T14:00:00Z,39.25,7.18,56.92,429.44
Peshawar,2023-09-16T16:00:00Z,33.59,0,67.25,408.26
Karachi,2023-09-16T18:00:00Z,26.03,4.99,77.76,440.83
Lahore,2023-09-16T20:00:00Z,26.93,0,48.96,409.93
Islamabad,2023-09-16T22:00:00Z,32.58,0,66.7,418.44
Quetta,2023-09-17T00:00:00Z,34.03,0,75.44,400.46
Peshawar,2023-09-17T02:00:00Z,19.84,0,81.49,398.7
Karachi,2023-09-17T04:00:00Z,23.19,0,49.35,397.79
Lahore,2023-09-17T06:00:00Z,31.67,0.72,56.04,422.44
Islamabad,2023-09-17T08:00:00Z,22.79,0,67.8,409.54
Quetta,2023-09-17T10:00:00Z,21.29,8.01,81.06,424.28
Peshawar,2023-09-17T12:00:00Z,28.42,0.12,32.96,402.55
Karachi,2023-09-17T14:00:00Z,15.98,1.85,63.92,405.69
Lahore,2023-09-17T16:00:00Z,21.46,3.98,30.7,402.64
Islamabad,2023-09-17T18:00:00Z,31.09,0,47.79,406.64
Quetta,2023-09-17T20:00:00Z,26.17,0,72.1,417.95
Peshawar,2023-09-17T22:00:00Z,27.85,0,50.42,406.65
Karachi,2023-09-18T00:00:00Z,27.18,0,40.13,409.09
Lahore,2023-09-18T02:00:00Z,29.02,0,72.85,396.7
Islamabad,2023-09-18T04:00:00Z,30.77,4.36,38.47,421.31
Quetta,2023-09-18T06:00:00Z,21.96,0,33.92,412.76
Peshawar,2023-09-18T08:00:00Z,17.98,0,70.85,437.47
Karachi,2023-09-18T10:00:00Z,20.8,8.72,56.94,413.39
Lahore,2023-09-18T12:00:00Z,29.84,0,45.9,429.43
Islamabad,2023-09-18T14:00:00Z,31.53,0.13,70.31,410.44
Quetta,2023-09-18T16:00:00Z,37.51,0,76.72,399.77
Peshawar,2023-09-18T18:00:00Z,26.51,3.28,57.91,403.44
Karachi,2023-09-18T20:00:00Z,12.94,4.84,83.36,408.75
Lahore,2023-09-18T22:00:00Z,30.03,0.43,38.51,387.91
Islamabad,2023-09-19T00:00:00Z,27.39,4.2,65.22,403.58
Quetta,2023-09-19T02:00:00Z,25.13,0,46.75,414.0
Peshawar,2023-09-19T04:00:00Z,32.46,7.78,86.44,388.28
Karachi,2023-09-19T06:00:00Z,39.6,0,76.9,383.27
Lahore,2023-09-19T08:00:00Z,30.39,6.57,47.96,415.02
Islamabad,2023-09-19T10:00:00Z,35.72,0,86.67,390.81
Quetta,2023-09-19T12:00:00Z,14.52,2.21,47.56,422.82
Peshawar,2023-09-19T14:00:00Z,16.8,6.24,59.93,438.64
Karachi,2023-09-19T16:00:00Z,30.31,4.97,67.67,419.95
Lahore,2023-09-19T18:00:00Z,36.0,7.36,46.01,414.87
Islamabad,2023-09-19T20:00:00Z,23.33,0,75.58,401.12
Quetta,2023-09-19T22:00:00Z,34.02,0,84.45,399.96
Peshawar,2023-09-20T00:00:00Z,27.19,1.46,33.4,392.96
Karachi,2023-09-20T02:00:00Z,21.71,4.36,34.06,414.67
Lahore,2023-09-20T04:00:00Z,28.07,3.78,74.7,391.75
Islamabad,2023-09-20T06:00:00Z,29.93,3.14,59.23,421.76
Quetta,2023-09-20T08:00:00Z,38.19,0,60.51,410.58
Peshawar,2023-09-20T10:00:00Z,32.21,0.97,31.2,431.36
Karachi,2023-09-20T12:00:00Z,23.93,0,49.13,408.68
Lahore,2023-09-20T14:00:00Z,32.52,0,89.11,428.2
Islamabad,2023-09-20T16:00:00Z,35.62,1.52,30.88,380.56
Quetta,2023-09-20T18:00:00Z,35.65,0,50.35,417.45
Peshawar,2023-09-20T20:00:00Z,27.39,4.23,50.55,404.28
Karachi,2023-09-20T22:00:00Z,28.38,3.69,78.69,430.31
Lahore,2023-09-21T00:00:00Z,39.22,3.03,51.48,404.96
Islamabad,2023-09-21T02:00:00Z,32.04,0,37.04,395.08
Quetta,2023-09-21T04:00:00Z,23.93,3.9,71.08,395.85
Peshawar,2023-09-21T06:00:00Z,44.43,0.67,40.66,412.04
Karachi,2023-09-21T08:00:00Z,34.27,0,42.2,426.12
Lahore,2023-09-21T10:00:00Z,27.29,0,38.26,404.0
Islamabad,2023-09-21T12:00:00Z,26.19,1.98,71.0,405.61
Quetta,2023-09-21T14:00:00Z,34.22,0,60.2,412.02
Peshawar,2023-09-21T16:00:00Z,27.75,3.67,51.27,437.09
Karachi,2023-09-21T18:00:00Z,29.04,0.39,86.27,386.65
Lahore,2023-09-21T20:00:00Z,36.3,8.44,63.1,386.12
Islamabad,2023-09-21T22:00:00Z,28.12,11.52,35.57,414.0
Quetta,2023-09-22T00:00:00Z,31.03,3.78,39.15,403.65
Peshawar,2023-09-22T02:00:00Z,24.48,6.7,80.39,433.14
Karachi,2023-09-22T04:00:00Z,37.41,3.6,74.87,392.76
Lahore,2023-09-22T06:00:00Z,29.77,0,30.53,416.65
Islamabad,2023-09-22T08:00:00Z,34.39,0,56.14,434.47
Quetta,2023-09-22T10:00:00Z,29.89,4.76,84.97,415.75
Peshawar,2023-09-22T12:00:00Z,34.34,2.97,69.39,423.32
Karachi,2023-09-22T14:00:00Z,19.06,4.88,84.32,402.74
Lahore,2023-09-22T16:00:00Z,28.77,7.41,56.38,431.21
Islamabad,2023-09-22T18:00:00Z,40.46,0,72.43,412.87
Quetta,2023-09-22T20:00:00Z,19.65,12.69,30.93,381.69
Peshawar,2023-09-22T22:00:00Z,36.4,6.62,83.4,386.45
Karachi,2023-09-23T00:00:00Z,12.05,4.88,58.38,411.83
Lahore,2023-09-23T02:00:00Z,30.62,0,65.25,400.44
Islamabad,2023-09-23T04:00:00Z,29.37,4.28,54.44,418.14
Quetta,2023-09-23T06:00:00Z,16.54,6.39,35.94,394.08
Peshawar,2023-09-23T08:00:00Z,7.06,0.66,79.11,412.24
Karachi,2023-09-23T10:00:00Z,36.12,0,56.72,441.21
Lahore,2023-09-23T12:00:00Z,10.55,0,82.03,430.99
Islamabad,2023-09-23T14:00:00Z,25.41,7.6,42.61,404.51
Quetta,2023-09-23T16:00:00Z,27.23,5.04,78.11,381.18
Peshawar,2023-09-23T18:00:00Z,21.41,5.97,77.87,363.52
Karachi,2023-09-23T20:00:00Z,34.48,0,33.97,410.31
Lahore,2023-09-23T22:00:00Z,20.62,0,77.74,402.56
Islamabad,2023-09-24T00:00:00Z,37.52,0,38.68,397.23
Quetta,2023-09-24T02:00:00Z,34.83,0,76.42,425.34
Peshawar,2023-09-24T04:00:00Z,17.22,3.8,63.36,419.95
Karachi,2023-09-24T06:00:00Z,17.29,4.42,64.64,415.64
Lahore,2023-09-24T08:00:00Z,16.24,0,72.44,407.91
Islamabad,2023-09-24T10:00:00Z,24.38,3.56,33.44,396.03
Quetta,2023-09-24T12:00:00Z,28.66,1.58,83.1,424.15
Peshawar,2023-09-24T14:00:00Z,31.56,0.44,80.03,442.97
Karachi,2023-09-24T16:00:00Z,38.04,0,87.96,378.24
Lahore,2023-09-24T18:00:00Z,34.86,0,36.75,417.72
Islamabad,2023-09-24T20:00:00Z,33.6,4.3,31.7,412.43
Quetta,2023-09-24T22:00:00Z,31.02,5.45,79.0,417.03
Peshawar,2023-09-25T00:00:00Z,18.45,2.18,66.56,395.71
Karachi,2023-09-25T02:00:00Z,27.98,0,31.11,397.54
Lahore,2023-09-25T04:00:00Z,26.24,0,64.92,419.75
Islamabad,2023-09-25T06:00:00Z,36.58,5.95,40.13,397.79
Quetta,2023-09-25T08:00:00Z,20.21,5.77,88.06,421.24
Peshawar,2023-09-25T10:00:00Z,24.72,0.58,50.55,419.88
Karachi,2023-09-25T12:00:00Z,21.74,0,54.46,404.76
Lahore,2023-09-25T14:00:00Z,30.11,12.24,52.86,424.19
Islamabad,2023-09-25T16:00:00Z,24.15,5.3,60.78,405.86
Quetta,2023-09-25T18:00:00Z,27.01,1.46,77.35,409.6
Peshawar,2023-09-25T20:00:00Z,31.05,4.99,88.04,419.91
Karachi,2023-09-25T22:00:00Z,30.66,2.1,69.43,422.42
Lahore,2023-09-26T00:00:00Z,15.47,3.05,76.29,397.76
Islamabad,2023-09-26T02:00:00Z,32.57,0,74.27,424.05
Quetta,2023-09-26T04:00:00Z,31.0,14.43,79.13,401.73
Peshawar,2023-09-26T06:00:00Z,20.38,5.38,39.02,376.96
Karachi,2023-09-26T08:00:00Z,20.32,5.57,48.71,412.11
Lahore,2023-09-26T10:00:00Z,23.27,6.73,78.3,395.8
Islamabad,2023-09-26T12:00:00Z,31.85,9.36,47.54,423.72
Quetta,2023-09-26T14:00:00Z,33.96,2.32,85.03,415.97
Peshawar,2023-09-26T16:00:00Z,17.24,0,83.02,436.14
Karachi,2023-09-26T18:00:00Z,32.19,0,88.16,433.81
Lahore,2023-09-26T20:00:00Z,34.4,0,80.82,418.17
Islamabad,2023-09-26T22:00:00Z,36.56,8.2,74.84,437.92
Quetta,2023-09-27T00:00:00Z,22.61,7.37,65.15,436.95
Peshawar,2023-09-27T02:00:00Z,32.69,0.73,63.6,371.55
Karachi,2023-09-27T04:00:00Z,39.17,3.15,34.16,446.07
Lahore,2023-09-27T06:00:00Z,28.45,1.66,59.47,406.92
Islamabad,2023-09-27T08:00:00Z,31.63,0.82,69.3,421.07
Quetta,2023-09-27T10:00:00Z,20.39,3.78,48.78,442.79
Peshawar,2023-09-27T12:00:00Z,20.21,0,31.86,403.66
Karachi,2023-09-27T14:00:00Z,29.58,0,43.21,370.85
Lahore,2023-09-27T16:00:00Z,29.28,0,71.01,412.57
Islamabad,2023-09-27T18:00:00Z,32.65,1.06,30.14,388.14
Quetta,2023-09-27T20:00:00Z,30.53,1.57,65.81,395.86
Peshawar,2023-09-27T22:00:00Z,27.24,3.45,84.84,401.31
Karachi,2023-09-28T00:00:00Z,31.81,0,40.46,420.7
Lahore,2023-09-28T02:00:00Z,39.24,4.18,75.22,410.67
Islamabad,2023-09-28T04:00:00Z,17.86,0,67.7,421.34
Quetta,2023-09-28T06:00:00Z,23.99,13.07,30.63,418.1
Peshawar,2023-09-28T08:00:00Z,28.43,2.23,33.05,426.62
Karachi,2023-09-28T10:00:00Z,31.55,0,74.18,424.01
Lahore,2023-09-28T12:00:00Z,49.01,1.55,83.08,431.76
Islamabad,2023-09-28T14:00:00Z,37.43,4.65,34.22,413.47
Quetta,2023-09-28T16:00:00Z,26.32,11.79,48.9,406.55
Peshawar,2023-09-28T18:00:00Z,16.74,1.11,62.94,395.06
Karachi,2023-09-28T20:00:00Z,19.36,0,54.27,438.28
Lahore,2023-09-28T22:00:00Z,37.53,0.46,82.7,408.12
Islamabad,2023-09-29T00:00:00Z,22.57,0.95,76.18,374.22
Quetta,2023-09-29T02:00:00Z,22.06,0.64,56.84,410.48
Peshawar,2023-09-29T04:00:00Z,37.74,8.05,41.99,423.79
Karachi,2023-09-29T06:00:00Z,25.98,2.11,60.04,399.24
Lahore,2023-09-29T08:00:00Z,41.05,0,54.76,400.52
Islamabad,2023-09-29T10:00:00Z,35.52,0,47.65,445.65
Quetta,2023-09-29T12:00:00Z,31.24,2.45,80.95,417.88
Peshawar,2023-09-29T14:00:00Z,36.17,5.57,65.88,408.27
Karachi,2023-09-29T16:00:00Z,26.64,0.29,33.61,405.84
Lahore,2023-09-29T18:00:00Z,28.57,0,68.61,381.05
Islamabad,2023-09-29T20:00:00Z,34.39,1.71,41.42,420.67
Quetta,2023-09-29T22:00:00Z,29.23,2.72,57.05,414.95
Peshawar,2023-09-30T00:00:00Z,8.76,7.05,73.28,440.36
Karachi,2023-09-30T02:00:00Z,24.37,2.32,83.61,401.16
Lahore,2023-09-30T04:00:00Z,34.25,2.4,32.74,412.72
Islamabad,2023-09-30T06:00:00Z,38.21,9.41,84.55,404.17
Quetta,2023-09-30T08:00:00Z,33.19,0.01,50.47,404.59
Peshawar,2023-09-30T10:00:00Z,9.14,2.08,46.32,397.25
Karachi,2023-09-30T12:00:00Z,30.09,0,31.65,422.47
Lahore,2023-09-30T14:00:00Z,17.38,1.08,70.57,426.8
Islamabad,2023-09-30T16:00:00Z,19.07,1.64,87.51,416.09
Quetta,2023-09-30T18:00:00Z,34.42,9.26,30.93,423.02
Peshawar,2023-09-30T20:00:00Z,22.78,3.51,82.06,414.0
Karachi,2023-09-30T22:00:00Z,38.89,0,44.67,397.56
Lahore,2023-10-01T00:00:00Z,41.9,0,41.82,418.99
Islamabad,2023-10-01T02:00:00Z,31.82,7.64,58.26,419.38
Quetta,2023-10-01T04:00:00Z,40.79,2.16,45.8,403.31
Peshawar,2023-10-01T06:00:00Z,33.05,11.38,31.09,426.06
Karachi,2023-10-01T08:00:00Z,28.03,0,89.1,415.4
Lahore,2023-10-01T10:00:00Z,36.0,4.03,80.27,395.08
Islamabad,2023-10-01T12:00:00Z,38.29,8.78,80.0,391.26
Quetta,2023-10-01T14:00:00Z,28.67,0,75.7,394.05
Peshawar,2023-10-01T16:00:00Z,25.47,8.25,77.06,399.84
Karachi,2023-10-01T18:00:00Z,35.66,9.66,88.13,429.0
Lahore,2023-10-01T20:00:00Z,15.21,3.4,67.8,404.9
Islamabad,2023-10-01T22:00:00Z,31.0,0.68,60.63,412.54
Quetta,2023-10-02T00:00:00Z,18.08,6.11,62.89,401.85
Peshawar,2023-10-02T02:00:00Z,20.79,1.33,53.91,410.74
Karachi,2023-10-02T04:00:00Z,16.22,0.13,68.45,413.63
Lahore,2023-10-02T06:00:00Z,40.16,0,48.33,416.38
Islamabad,2023-10-02T08:00:00Z,38.55,0,63.62,438.31
Quetta,2023-10-02T10:00:00Z,24.33,1.35,80.58,418.39
Peshawar,2023-10-02T12:00:00Z,23.81,5.39,75.55,411.74
Karachi,2023-10-02T14:00:00Z,42.38,2.26,71.38,431.15
Lahore,2023-10-02T16:00:00Z,30.14,1.12,79.6,434.66
Islamabad,2023-10-02T18:00:00Z,22.57,0,86.18,425.88
Quetta,2023-10-02T20:00:00Z,18.68,5.02,89.57,397.72
Peshawar,2023-10-02T22:00:00Z,30.3,1.01,84.57,411.59
Karachi,2023-10-03T00:00:00Z,30.5,7.14,59.03,417.47
Lahore,2023-10-03T02:00:00Z,21.31,0,71.72,425.85
Islamabad,2023-10-03T04:00:00Z,32.01,0,49.75,413.64
Quetta,2023-10-03T06:00:00Z,46.26,5.21,48.89,431.93
Peshawar,2023-10-03T08:00:00Z,26.52,3.69,69.82,425.3
Karachi,2023-10-03T10:00:00Z,32.24,0,72.01,378.75
Lahore,2023-10-03T12:00:00Z,31.41,15.65,42.21,392.63
Islamabad,2023-10-03T14:00:00Z,35.05,0.43,59.76,402.48
Quetta,2023-10-03T16:00:00Z,26.1,5.17,54.57,393.73
Peshawar,2023-10-03T18:00:00Z,15.02,0,35.46,424.52
Karachi,2023-10-03T20:00:00Z,31.89,1.39,50.71,423.48
Lahore,2023-10-03T22:00:00Z,33.63,8.44,53.14,427.95
Islamabad,2023-10-04T00:00:00Z,38.12,0,41.49,418.24
Quetta,2023-10-04T02:00:00Z,40.55,9.63,63.48,426.96
Peshawar,2023-10-04T04:00:00Z,31.62,0,65.14,428.8
Karachi,2023-10-04T06:00:00Z,32.05,7.1,66.07,413.92
Lahore,2023-10-04T08:00:00Z,35.33,2.6,36.17,403.02
Islamabad,2023-10-04T10:00:00Z,33.01,4.88,70.68,405.26
Quetta,2023-10-04T12:00:00Z,22.96,0.62,33.97,401.1
Peshawar,2023-10-04T14:00:00Z,22.62,2.54,79.36,450.33
Karachi,2023-10-04T16:00:00Z,15.09,10.38,73.97,408.73
Lahore,2023-10-04T18:00:00Z,26.27,0,73.79,416.79
Islamabad,2023-10-04T20:00:00Z,26.68,4.93,82.45,430.68
Quetta,2023-10-04T22:00:00Z,24.96,0,81.27,400.38
Peshawar,2023-10-05T00:00:00Z,25.79,4.41,61.38,406.47
Karachi,2023-10-05T02:00:00Z,34.14,0,52.04,423.33
Lahore,2023-10-05T04:00:00Z,19.05,0,79.42,414.84
Islamabad,2023-10-05T06:00:00Z,13.03,6.02,38.07,428.25
Quetta,2023-10-05T08:00:00Z,30.01,7.16,70.25,406.39
Peshawar,2023-10-05T10:00:00Z,39.83,0,81.36,406.03
Karachi,2023-10-05T12:00:00Z,32.56,0,53.22,400.04
Lahore,2023-10-05T14:00:00Z,32.92,3.96,42.3,395.49
Islamabad,2023-10-05T16:00:00Z,30.7,0.26,38.28,414.95
Quetta,2023-10-05T18:00:00Z,20.84,0.27,42.59,416.68
Peshawar,2023-10-05T20:00:00Z,19.77,4.52,59.87,408.73
Karachi,2023-10-05T22:00:00Z,23.62,8.68,66.11,393.18
Lahore,2023-10-06T00:00:00Z,18.93,3.92,74.65,412.93
Islamabad,2023-10-06T02:00:00Z,29.83,0,88.73,430.06
Quetta,2023-10-06T04:00:00Z,24.79,0,70.79,410.97
Peshawar,2023-10-06T06:00:00Z,28.65,7.94,80.08,403.3
Karachi,2023-10-06T08:00:00Z,24.89,7.75,59.99,428.04
Lahore,2023-10-06T10:00:00Z,27.35,0,54.44,414.11
Islamabad,2023-10-06T12:00:00Z,15.37,0,88.38,406.51
Quetta,2023-10-06T14:00:00Z,15.85,4.64,60.12,387.96
Peshawar,2023-10-06T16:00:00Z,20.87,5.07,68.73,415.78
Karachi,2023-10-06T18:00:00Z,35.71,1.31,46.44,417.46
Lahore,2023-10-06T20:00:00Z,19.66,3.86,43.44,425.76
Islamabad,2023-10-06T22:00:00Z,42.73,0.45,57.43,401.49
Quetta,2023-10-07T00:00:00Z,28.0,4.62,36.09,407.12
Peshawar,2023-10-07T02:00:00Z,33.71,7.43,33.09,399.85
Karachi,2023-10-07T04:00:00Z,29.18,0.96,53.02,398.03
Lahore,2023-10-07T06:00:00Z,27.88,0,82.34,399.52
Islamabad,2023-10-07T08:00:00Z,28.75,0.68,77.25,433.41
Quetta,2023-10-07T10:00:00Z,43.35,1.99,66.3,402.02
Peshawar,2023-10-07T12:00:00Z,14.08,0,45.43,438.89
Karachi,2023-10-07T14:00:00Z,23.75,0,39.2,438.75
Lahore,2023-10-07T16:00:00Z,29.72,10.03,73.03,419.32
Islamabad,2023-10-07T18:00:00Z,40.35,0,75.03,413.62
Quetta,2023-10-07T20:00:00Z,19.22,6.06,86.22,405.0
Peshawar,2023-10-07T22:00:00Z,17.67,0,37.74,408.68
Karachi,2023-10-08T00:00:00Z,56.05,1.59,31.22,401.93
Lahore,2023-10-08T02:00:00Z,19.52,3.62,37.51,409.49
Islamabad,2023-10-08T04:00:00Z,32.4,0,65.72,434.22
Quetta,2023-10-08T06:00:00Z,18.23,4.36,48.33,394.79
Peshawar,2023-10-08T08:00:00Z,33.06,0,74.5,416.97
Karachi,2023-10-08T10:00:00Z,22.53,4.99,61.19,409.6
Lahore,2023-10-08T12:00:00Z,32.31,0,89.31,418.31
Islamabad,2023-10-08T14:00:00Z,29.4,0,47.65,393.24
Quetta,2023-10-08T16:00:00Z,26.6,0,32.91,435.01
Peshawar,2023-10-08T18:00:00Z,27.4,5.66,41.28,416.46
Karachi,2023-10-08T20:00:00Z,30.25,9.72,36.79,407.68
Lahore,2023-10-08T22:00:00Z,29.3,6.98,84.99,422.25
Islamabad,2023-10-09T00:00:00Z,17.19,8.6,51.35,393.5
Quetta,2023-10-09T02:00:00Z,33.64,6.75,62.49,415.55
Peshawar,2023-10-09T04:00:00Z,14.7,1.6,54.12,415.07
Karachi,2023-10-09T06:00:00Z,20.3,3.15,59.03,409.88
Lahore,2023-10-09T08:00:00Z,42.1,0,54.88,377.38
Islamabad,2023-10-09T10:00:00Z,39.52,0.01,80.26,427.65
Quetta,2023-10-09T12:00:00Z,43.3,0,36.73,396.16
Peshawar,2023-10-09T14:00:00Z,21.48,0,75.62,417.4
Karachi,2023-10-09T16:00:00Z,31.87,0,42.78,408.54
Lahore,2023-10-09T18:00:00Z,21.99,0,45.96,405.77
Islamabad,2023-10-09T20:00:00Z,41.36,2.1,81.68,405.92
Quetta,2023-10-09T22:00:00Z,28.65,4.0,79.08,408.98
Peshawar,2023-10-10T00:00:00Z,20.08,14.52,37.2,423.82
Karachi,2023-10-10T02:00:00Z,28.85,3.76,81.4,397.52
Lahore,2023-10-10T04:00:00Z,25.53,2.75,61.88,396.18
Islamabad,2023-10-10T06:00:00Z,30.91,2.23,35.46,411.9
Quetta,2023-10-10T08:00:00Z,30.1,4.08,46.36,383.84
Peshawar,2023-10-10T10:00:00Z,21.54,0,34.66,427.43
Karachi,2023-10-10T12:00:00Z,25.13,0,31.93,411.2
Lahore,2023-10-10T14:00:00Z,26.21,1.32,45.26,412.26
Islamabad,2023-10-10T16:00:00Z,19.41,10.24,57.93,425.55
Quetta,2023-10-10T18:00:00Z,32.21,3.19,59.19,365.56
Peshawar,2023-10-10T20:00:00Z,28.38,6.04,68.04,408.58
Karachi,2023-10-10T22:00:00Z,20.48,0,80.64,430.18
Lahore,2023-10-11T00:00:00Z,32.05,0.91,85.56,407.98
Islamabad,2023-10-11T02:00:00Z,14.63,1.39,42.45,412.42
Quetta,2023-10-11T04:00:00Z,12.64,0.99,55.39,410.84
Peshawar,2023-10-11T06:00:00Z,45.85,7.9,57.32,405.14
Karachi,2023-10-11T08:00:00Z,33.68,0,56.12,380.97
Lahore,2023-10-11T10:00:00Z,29.36,4.72,51.37,422.36
Islamabad,2023-10-11T12:00:00Z,34.09,10.36,53.39,423.73
Quetta,2023-10-11T14:00:00Z,46.18,10.17,73.81,398.89
Peshawar,2023-10-11T16:00:00Z,21.05,0,60.64,417.26
Karachi,2023-10-11T18:00:00Z,16.9,0,40.93,413.66
Lahore,2023-10-11T20:00:00Z,37.19,6.44,70.76,432.84
Islamabad,2023-10-11T22:00:00Z,22.33,6.73,51.33,407.27
Quetta,2023-10-12T00:00:00Z,23.41,8.59,31.13,382.15
Peshawar,2023-10-12T02:00:00Z,27.23,0,81.37,406.42
Karachi,2023-10-12T04:00:00Z,31.31,0.32,89.31,400.94
Lahore,2023-10-12T06:00:00Z,37.96,0,38.01,427.31
Islamabad,2023-10-12T08:00:00Z,41.2,6.58,68.72,404.4
Quetta,2023-10-12T10:00:00Z,31.43,0,46.12,422.85
Peshawar,2023-10-12T12:00:00Z,44.76,8.24,89.42,416.15
Karachi,2023-10-12T14:00:00Z,23.87,0,39.8,386.69
Lahore,2023-10-12T16:00:00Z,20.71,5.5,52.84,417.76
Islamabad,2023-10-12T18:00:00Z,28.91,6.3,75.32,422.14
Quetta,2023-10-12T20:00:00Z,29.0,0,71.41,435.8
Peshawar,2023-10-12T22:00:00Z,23.74,0,81.03,410.04
Karachi,2023-10-13T00:00:00Z,18.48,1.95,40.17,396.96
Lahore,2023-10-13T02:00:00Z,17.14,0.12,30.16,420.62
Islamabad,2023-10-13T04:00:00Z,25.11,3.22,75.22,408.17
Quetta,2023-10-13T06:00:00Z,25.34,0.93,82.24,400.81
Peshawar,2023-10-13T08:00:00Z,43.28,7.31,57.37,412.25
Karachi,2023-10-13T10:00:00Z,30.67,8.18,64.55,421.01
Lahore,2023-10-13T12:00:00Z,28.43,4.5,69.35,422.53
Islamabad,2023-10-13T14:00:00Z,18.61,1.65,51.93,392.58
Quetta,2023-10-13T16:00:00Z,28.33,0,47.67,406.86
Peshawar,2023-10-13T18:00:00Z,25.31,0,53.02,410.64
Karachi,2023-10-13T20:00:00Z,13.14,0,71.91,408.36
Lahore,2023-10-13T22:00:00Z,26.49,0,52.61,414.64
Islamabad,2023-10-14T00:00:00Z,31.65,0,42.65,409.78
Quetta,2023-10-14T02:00:00Z,33.98,3.96,82.01,374.53
Peshawar,2023-10-14T04:00:00Z,26.82,5.51,34.15,390.56
Karachi,2023-10-14T06:00:00Z,21.88,4.65,88.05,409.54
Lahore,2023-10-14T08:00:00Z,27.92,9.74,54.99,415.47
Islamabad,2023-10-14T10:00:00Z,26.62,1.6,55.07,373.53
Quetta,2023-10-14T12:00:00Z,23.61,0,59.26,425.05
Peshawar,2023-10-14T14:00:00Z,33.98,0,73.35,385.48
Karachi,2023-10-14T16:00:00Z,23.3,0,63.96,387.45
Lahore,2023-10-14T18:00:00Z,32.03,6.21,30.88,388.01
Islamabad,2023-10-14T20:00:00Z,31.89,0,33.53,425.92
Quetta,2023-10-14T22:00:00Z,30.61,0.3,57.54,407.15
Peshawar,2023-10-15T00:00:00Z,24.95,0,86.71,406.17
Karachi,2023-10-15T02:00:00Z,37.67,6.44,76.4,434.43
Lahore,2023-10-15T04:00:00Z,26.03,6.66,88.36,422.07
Islamabad,2023-10-15T06:00:00Z,20.27,3.36,81.94,424.3
Quetta,2023-10-15T08:00:00Z,27.02,2.98,46.74,409.82
Peshawar,2023-10-15T10:00:00Z,22.87,0.91,72.08,402.95
Karachi,2023-10-15T12:00:00Z,16.48,0,55.19,402.56
Lahore,2023-10-15T14:00:00Z,30.81,0,88.9,417.47
Islamabad,2023-10-15T16:00:00Z,25.63,0,85.8,425.93
Quetta,2023-10-15T18:00:00Z,17.76,7.13,68.86,405.2
Peshawar,2023-10-15T20:00:00Z,25.65,6.85,45.22,400.94
Karachi,2023-10-15T22:00:00Z,25.92,0,41.32,440.1
Lahore,2023-10-16T00:00:00Z,29.7,3.77,67.03,441.49
Islamabad,2023-10-16T02:00:00Z,17.94,0,72.07,428.07
Quetta,2023-10-16T04:00:00Z,9.46,0,55.77,390.47
Peshawar,2023-10-16T06:00:00Z,39.91,3.09,57.88,413.59
Karachi,2023-10-16T08:00:00Z,18.61,0,40.43,373.88
Lahore,2023-10-16T10:00:00Z,27.37,5.46,48.67,397.58
Islamabad,2023-10-16T12:00:00Z,16.38,3.81,56.83,400.18
Quetta,2023-10-16T14:00:00Z,37.96,1.85,80.22,417.7
Peshawar,2023-10-16T16:00:00Z,12.62,2.83,49.02,399.71
Karachi,2023-10-16T18:00:00Z,38.42,0,37.33,404.79
Lahore,2023-10-16T20:00:00Z,42.64,4.17,52.24,409.68
Islamabad,2023-10-16T22:00:00Z,13.71,0,82.65,423.91
Quetta,2023-10-17T00:00:00Z,22.98,4.02,58.25,390.3
Peshawar,2023-10-17T02:00:00Z,24.27,0,46.1,431.82
Karachi,2023-10-17T04:00:00Z,35.46,5.83,61.07,434.13
Lahore,2023-10-17T06:00:00Z,32.81,5.38,48.68,421.92
Islamabad,2023-10-17T08:00:00Z,22.06,6.42,77.69,415.77
Quetta,2023-10-17T10:00:00Z,29.24,0,66.37,414.7
Peshawar,2023-10-17T12:00:00Z,18.55,2.73,37.28,399.71
Karachi,2023-10-17T14:00:00Z,28.8,2.08,38.12,402.72
Lahore,2023-10-17T16:00:00Z,28.09,1.6,63.06,422.76
Islamabad,2023-10-17T18:00:00Z,29.22,5.9,77.21,406.37
Quetta,2023-10-17T20:00:00Z,23.1,0,75.38,411.2
Peshawar,2023-10-17T22:00:00Z,32.59,1.09,57.83,426.59
Karachi,2023-10-18T00:00:00Z,36.54,3.35,53.28,423.49
Lahore,2023-10-18T02:00:00Z,31.8,6.68,77.89,362.05
Islamabad,2023-10-18T04:00:00Z,12.08,0,59.23,431.79
Quetta,2023-10-18T06:00:00Z,27.9,0.41,58.23,404.21
Peshawar,2023-10-18T08:00:00Z,12.45,10.02,88.27,392.94
Karachi,2023-10-18T10:00:00Z,23.09,0,37.47,417.46
Lahore,2023-10-18T12:00:00Z,30.07,0,84.48,434.36
Islamabad,2023-10-18T14:00:00Z,37.56,0,55.95,408.81
Quetta,2023-10-18T16:00:00Z,16.04,2.21,61.51,391.2
Peshawar,2023-10-18T18:00:00Z,9.03,0.66,32.95,371.8
Karachi,2023-10-18T20:00:00Z,42.46,0,65.74,415.1
Lahore,2023-10-18T22:00:00Z,20.92,0,38.24,389.22
Islamabad,2023-10-19T00:00:00Z,23.61,1.37,81.55,425.35
Quetta,2023-10-19T02:00:00Z,26.06,1.71,77.18,419.19
Peshawar,2023-10-19T04:00:00Z,28.47,2.66,77.64,408.83
Karachi,2023-10-19T06:00:00Z,35.68,2.41,43.62,375.04
Lahore,2023-10-19T08:00:00Z,26.54,2.75,47.96,418.98
Islamabad,2023-10-19T10:00:00Z,28.7,3.29,40.78,397.48
Quetta,2023-10-19T12:00:00Z,30.0,0,60.35,389.52
Peshawar,2023-10-19T14:00:00Z,23.96,0,79.41,428.44
Karachi,2023-10-19T16:00:00Z,25.13,0,79.07,407.56
Lahore,2023-10-19T18:00:00Z,27.84,0,60.3,392.73
Islamabad,2023-10-19T20:00:00Z,13.11,0,47.66,393.1
Quetta,2023-10-19T22:00:00Z,39.21,0,63.7,408.22
Peshawar,2023-10-20T00:00:00Z,30.62,0.96,56.31,410.63
Karachi,2023-10-20T02:00:00Z,36.71,0,49.76,411.79
Lahore,2023-10-20T04:00:00Z,14.37,6.95,40.06,415.17
Islamabad,2023-10-20T06:00:00Z,27.75,1.7,64.47,401.01
Quetta,2023-10-20T08:00:00Z,32.02,4.67,76.37,433.91
Peshawar,2023-10-20T10:00:00Z,21.93,3.55,74.51,403.18
Karachi,2023-10-20T12:00:00Z,13.18,2.5,55.38,394.48
Lahore,2023-10-20T14:00:00Z,33.6,12.89,74.41,406.0
Islamabad,2023-10-20T16:00:00Z,30.64,1.31,70.4,411.89
Quetta,2023-10-20T18:00:00Z,33.53,0,33.74,407.6
Peshawar,2023-10-20T20:00:00Z,35.46,8.37,50.44,404.4
Karachi,2023-10-20T22:00:00Z,22.34,0,87.05,406.25
Lahore,2023-10-21T00:00:00Z,33.56,4.83,47.08,403.25
Islamabad,2023-10-21T02:00:00Z,25.57,0.74,82.21,424.19
Quetta,2023-10-21T04:00:00Z,31.18,0,34.87,422.73
Peshawar,2023-10-21T06:00:00Z,38.99,7.3,40.26,418.71
Karachi,2023-10-21T08:00:00Z,30.42,3.25,75.3,408.04
Lahore,2023-10-21T10:00:00Z,33.57,0.41,71.79,375.62
Islamabad,2023-10-21T12:00:00Z,28.76,2.82,57.03,401.73
Quetta,2023-10-21T14:00:00Z,30.63,6.88,89.0,404.9
Peshawar,2023-10-21T16:00:00Z,31.68,7.88,70.27,387.93
Karachi,2023-10-21T18:00:00Z,27.92,0,53.44,406.21
Lahore,2023-10-21T20:00:00Z,22.24,1.17,77.05,396.81
Islamabad,2023-10-21T22:00:00Z,23.43,5.0,33.41,441.17
Quetta,2023-10-22T00:00:00Z,35.83,0,87.88,392.19
Peshawar,2023-10-22T02:00:00Z,31.12,1.67,87.23,394.27
Karachi,2023-10-22T04:00:00Z,37.0,0,32.52,428.4
Lahore,2023-10-22T06:00:00Z,8.69,0.82,64.26,401.64
Islamabad,2023-10-22T08:00:00Z,34.09,5.93,46.84,386.22
Quetta,2023-10-22T10:00:00Z,34.67,0,44.59,401.38
Peshawar,2023-10-22T12:00:00Z,22.37,4.53,79.1,421.12
Karachi,2023-10-22T14:00:00Z,35.74,0,36.87,437.0
Lahore,2023-10-22T16:00:00Z,36.51,5.75,57.6,399.76
Islamabad,2023-10-22T18:00:00Z,28.84,4.15,83.03,402.23
Quetta,2023-10-22T20:00:00Z,20.96,2.21,50.36,413.78
Peshawar,2023-10-22T22:00:00Z,17.99,0,85.97,419.34
Karachi,2023-10-23T00:00:00Z,31.56,0,71.25,401.41
Lahore,2023-10-23T02:00:00Z,31.24,6.31,85.13,433.94
Islamabad,2023-10-23T04:00:00Z,32.61,10.09,53.92,398.51
Quetta,2023-10-23T06:00:00Z,31.92,1.06,49.56,412.97
Peshawar,2023-10-23T08:00:00Z,40.53,0,75.15,406.1
Karachi,2023-10-23T10:00:00Z,25.22,3.25,82.87,411.3
Lahore,2023-10-23T12:00:00Z,42.14,0.48,83.94,410.01
Islamabad,2023-10-23T14:00:00Z,36.5,0,33.96,407.58
Quetta,2023-10-23T16:00:00Z,21.61,0.81,79.1,409.74
Peshawar,2023-10-23T18:00:00Z,14.4,5.85,30.44,371.12
Karachi,2023-10-23T20:00:00Z,23.25,0,67.68,414.09
Lahore,2023-10-23T22:00:00Z,26.93,0.01,83.71,402.47
Islamabad,2023-10-24T00:00:00Z,30.82,7.87,77.79,444.51
Quetta,2023-10-24T02:00:00Z,21.33,6.33,44.98,404.25
Peshawar,2023-10-24T04:00:00Z,30.6,0.49,44.91,417.4
Karachi,2023-10-24T06:00:00Z,19.36,2.78,42.9,420.46
Lahore,2023-10-24T08:00:00Z,15.1,10.06,67.84,431.75
Islamabad,2023-10-24T10:00:00Z,40.66,4.0,42.33,385.63
Quetta,2023-10-24T12:00:00Z,21.1,2.63,61.05,408.21
Peshawar,2023-10-24T14:00:00Z,27.33,2.67,55.8,419.39
Karachi,2023-10-24T16:00:00Z,44.05,8.15,54.16,392.5
Lahore,2023-10-24T18:00:00Z,25.46,0,60.72,410.98
Islamabad,2023-10-24T20:00:00Z,23.92,7.36,89.39,390.66
Quetta,2023-10-24T22:00:00Z,32.78,0,61.67,388.53
Peshawar,2023-10-25T00:00:00Z,29.41,0,45.38,411.5
Karachi,2023-10-25T02:00:00Z,25.83,9.22,52.88,425.44
Lahore,2023-10-25T04:00:00Z,23.42,0,53.6,393.33
Islamabad,2023-10-25T06:00:00Z,37.18,0,66.29,399.77
Quetta,2023-10-25T08:00:00Z,25.88,3.36,79.75,405.3
Peshawar,2023-10-25T10:00:00Z,9.67,0,52.07,418.53
Karachi,2023-10-25T12:00:00Z,36.01,10.79,60.53,397.87
Lahore,2023-10-25T14:00:00Z,24.82,1.11,88.47,396.34
Islamabad,2023-10-25T16:00:00Z,22.97,8.99,86.7,381.29
Quetta,2023-10-25T18:00:00Z,35.11,0.69,68.1,422.73
Peshawar,2023-10-25T20:00:00Z,16.93,11.07,34.61,436.51
Karachi,2023-10-25T22:00:00Z,23.6,0,63.83,386.51
Lahore,2023-10-26T00:00:00Z,34.08,0.74,35.95,415.94
Islamabad,2023-10-26T02:00:00Z,22.06,5.28,42.49,447.5
Quetta,2023-10-26T04:00:00Z,30.14,3.13,30.75,430.54
Peshawar,2023-10-26T06:00:00Z,28.27,0,56.31,413.35
Karachi,2023-10-26T08:00:00Z,32.9,0,63.0,421.81
Lahore,2023-10-26T10:00:00Z,33.98,0,85.86,423.34
Islamabad,2023-10-26T12:00:00Z,30.51,11.83,52.95,428.18
Quetta,2023-10-26T14:00:00Z,28.14,8.44,37.23,407.78
Peshawar,2023-10-26T16:00:00Z,32.67,3.58,49.55,424.45
Karachi,2023-10-26T18:00:00Z,27.26,12.03,39.51,407.85
Lahore,2023-10-26T20:00:00Z,29.04,0,63.68,393.64
Islamabad,2023-10-26T22:00:00Z,21.88,6.85,87.9,390.81
Quetta,2023-10-27T00:00:00Z,35.87,8.52,43.45,385.12
Peshawar,2023-10-27T02:00:00Z,20.82,0,76.94,428.14
Karachi,2023-10-27T04:00:00Z,25.8,0.19,84.65,421.39
Lahore,2023-10-27T06:00:00Z,25.08,0,48.73,420.47
Islamabad,2023-10-27T08:00:00Z,36.57,0.56,39.95,424.48
Quetta,2023-10-27T10:00:00Z,47.32,4.26,41.63,420.21
Peshawar,2023-10-27T12:00:00Z,29.77,0,53.71,423.62
Karachi,2023-10-27T14:00:00Z,41.26,0,51.09,419.39
Lahore,2023-10-27T16:00:00Z,36.82,4.1,56.67,390.19
Islamabad,2023-10-27T18:00:00Z,33.61,3.0,86.16,444.33
Quetta,2023-10-27T20:00:00Z,18.84,0,59.99,413.66
Peshawar,2023-10-27T22:00:00Z,31.77,1.24,43.87,422.72
Karachi,2023-10-28T00:00:00Z,20.32,4.66,68.5,432.31
Lahore,2023-10-28T02:00:00Z,30.82,6.01,56.99,383.74
Islamabad,2023-10-28T04:00:00Z,31.4,0,33.15,401.35
Quetta,2023-10-28T06:00:00Z,32.06,0,68.75,423.64
Peshawar,2023-10-28T08:00:00Z,41.77,0,64.27,421.68
Karachi,2023-10-28T10:00:00Z,22.54,0.05,79.69,383.64
Lahore,2023-10-28T12:00:00Z,26.0,0,49.72,409.49
Islamabad,2023-10-28T14:00:00Z,12.26,1.93,30.33,429.41
Quetta,2023-10-28T16:00:00Z,18.09,3.0,39.99,401.06
Peshawar,2023-10-28T18:00:00Z,28.21,8.56,43.83,439.82
Karachi,2023-10-28T20:00:00Z,24.69,0,36.69,406.32
Lahore,2023-10-28T22:00:00Z,23.45,0,63.76,406.0
Islamabad,2023-10-29T00:00:00Z,17.18,5.47,83.25,397.22
Quetta,2023-10-29T02:00:00Z,18.03,0,46.93,395.15
Peshawar,2023-10-29T04:00:00Z,24.33,5.55,39.92,402.3
Karachi,2023-10-29T06:00:00Z,17.36,3.48,51.86,382.08
Lahore,2023-10-29T08:00:00Z,14.63,4.42,82.0,412.2
Islamabad,2023-10-29T10:00:00Z,44.86,0,69.46,411.28
Quetta,2023-10-29T12:00:00Z,38.44,8.35,56.25,434.87
Peshawar,2023-10-29T14:00:00Z,16.91,12.77,55.87,404.84
Karachi,2023-10-29T16:00:00Z,37.74,5.22,57.23,411.76
Lahore,2023-10-29T18:00:00Z,46.65,6.32,77.48,419.73
Islamabad,2023-10-29T20:00:00Z,21.04,10.74,61.56,427.63
Quetta,2023-10-29T22:00:00Z,28.56,1.82,85.72,389.36
Peshawar,2023-10-30T00:00:00Z,31.84,2.18,43.47,428.95
Karachi,2023-10-30T02:00:00Z,30.44,0,69.66,431.7
Lahore,2023-10-30T04:00:00Z,24.88,3.6,67.04,418.66
Islamabad,2023-10-30T06:00:00Z,35.82,0,86.42,413.08
Quetta,2023-10-30T08:00:00Z,34.21,0,37.23,393.36
Peshawar,2023-10-30T10:00:00Z,18.52,0,89.48,426.12
Karachi,2023-10-30T12:00:00Z,23.75,0,77.54,415.9
Lahore,2023-10-30T14:00:00Z,33.66,1.75,85.65,396.47
Islamabad,2023-10-30T16:00:00Z,38.64,0,88.31,391.96
Quetta,2023-10-30T18:00:00Z,30.65,2.2,84.63,418.88
Peshawar,2023-10-30T20:00:00Z,24.85,2.96,80.03,406.41
Karachi,2023-10-30T22:00:00Z,22.68,2.45,78.11,405.41
Lahore,2023-10-31T00:00:00Z,38.35,0,72.32,394.55
Islamabad,2023-10-31T02:00:00Z,40.17,0.54,83.42,405.33
Quetta,2023-10-31T04:00:00Z,32.14,0,33.57,412.31
Peshawar,2023-10-31T06:00:00Z,37.67,0,39.97,438.2
Karachi,2023-10-31T08:00:00Z,26.5,6.4,41.69,406.79
Lahore,2023-10-31T10:00:00Z,19.78,6.62,47.79,395.19
Islamabad,2023-10-31T12:00:00Z,37.27,0,88.83,387.81
Quetta,2023-10-31T14:00:00Z,38.25,2.84,41.63,427.19
Peshawar,2023-10-31T16:00:00Z,23.91,0.0,50.21,418.34
Karachi,2023-10-31T18:00:00Z,22.28,0.47,47.67,405.15
Lahore,2023-10-31T20:00:00Z,31.83,7.98,75.87,405.71
Islamabad,2023-10-31T22:00:00Z,31.74,0,83.05,413.58
Quetta,2023-11-01T00:00:00Z,35.08,0,72.78,412.51
Peshawar,2023-11-01T02:00:00Z,17.78,10.97,49.36,414.9
Karachi,2023-11-01T04:00:00Z,24.57,7.7,34.37,445.72
Lahore,2023-11-01T06:00:00Z,31.13,0,44.42,424.59
Islamabad,2023-11-01T08:00:00Z,44.67,6.14,65.1,405.57
Quetta,2023-11-01T10:00:00Z,39.03,3.79,62.15,402.16
Peshawar,2023-11-01T12:00:00Z,37.01,0,83.26,445.15
Karachi,2023-11-01T14:00:00Z,29.39,0.49,77.52,407.71
Lahore,2023-11-01T16:00:00Z,23.0,0,55.02,389.98
Islamabad,2023-11-01T18:00:00Z,36.09,0,77.94,394.58
Quetta,2023-11-01T20:00:00Z,25.03,1.89,33.48,411.63
Peshawar,2023-11-01T22:00:00Z,22.02,1.08,60.25,420.27
Karachi,2023-11-02T00:00:00Z,30.11,0,41.99,399.97
Lahore,2023-11-02T02:00:00Z,36.24,0,76.44,403.08
Islamabad,2023-11-02T04:00:00Z,26.94,5.77,87.09,405.82
Quetta,2023-11-02T06:00:00Z,36.17,0.44,72.05,399.43
Peshawar,2023-11-02T08:00:00Z,27.17,0,56.59,413.7
Karachi,2023-11-02T10:00:00Z,34.11,0,67.27,422.68
Lahore,2023-11-02T12:00:00Z,5.12,0,88.92,402.56
Islamabad,2023-11-02T14:00:00Z,26.31,0,74.02,409.38
Quetta,2023-11-02T16:00:00Z,25.55,3.89,68.31,392.04
Peshawar,2023-11-02T18:00:00Z,21.97,4.6,64.29,425.51
Karachi,2023-11-02T20:00:00Z,41.49,4.08,78.05,399.84
Lahore,2023-11-02T22:00:00Z,18.16,1.08,70.48,418.36
Islamabad,2023-11-03T00:00:00Z,40.38,0,48.38,430.84
Quetta,2023-11-03T02:00:00Z,37.65,0,70.16,398.12
Peshawar,2023-11-03T04:00:00Z,38.62,1.92,33.98,401.04
Karachi,2023-11-03T06:00:00Z,18.97,0,43.06,419.98
Lahore,2023-11-03T08:00:00Z,19.03,3.53,44.07,418.77
Islamabad,2023-11-03T10:00:00Z,27.27,0,49.1,412.19
Quetta,2023-11-03T12:00:00Z,26.87,8.54,34.45,425.63
Peshawar,2023-11-03T14:00:00Z,7.17,0,58.08,430.48
Karachi,2023-11-03T16:00:00Z,21.59,4.49,87.48,420.05
Lahore,2023-11-03T18:00:00Z,34.37,7.18,54.53,413.42
Islamabad,2023-11-03T20:00:00Z,27.94,3.77,80.61,420.77
Quetta,2023-11-03T22:00:00Z,37.08,2.32,60.84,428.23
Peshawar,2023-11-04T00:00:00Z,25.39,0.34,69.03,416.16
Karachi,2023-11-04T02:00:00Z,38.27,4.76,42.99,418.62
Lahore,2023-11-04T04:00:00Z,34.46,4.17,66.18,411.19
Islamabad,2023-11-04T06:00:00Z,30.45,0.07,38.12,405.73
Quetta,2023-11-04T08:00:00Z,34.88,0,72.9,410.42
Peshawar,2023-11-04T10:00:00Z,24.74,3.71,69.52,413.1
Karachi,2023-11-04T12:00:00Z,29.55,0,31.94,398.41
Lahore,2023-11-04T14:00:00Z,25.7,0,75.43,430.96
Islamabad,2023-11-04T16:00:00Z,23.58,1.27,40.98,396.6
Quetta,2023-11-04T18:00:00Z,35.06,3.83,58.49,390.7
Peshawar,2023-11-04T20:00:00Z,31.73,0,85.37,415.27
Karachi,2023-11-04T22:00:00Z,22.01,0,43.53,420.53
Lahore,2023-11-05T00:00:00Z,20.76,0,80.67,404.53
Islamabad,2023-11-05T02:00:00Z,10.56,4.08,57.77,396.93
Quetta,2023-11-05T04:00:00Z,32.01,0,57.25,396.24
Peshawar,2023-11-05T06:00:00Z,37.92,4.77,53.15,413.43
Karachi,2023-11-05T08:00:00Z,42.51,0,42.08,383.05
Lahore,2023-11-05T10:00:00Z,17.15,0,30.12,397.96
Islamabad,2023-11-05T12:00:00Z,27.62,0.46,60.69,398.46
Quetta,2023-11-05T14:00:00Z,28.31,0.99,46.65,381.59
Peshawar,2023-11-05T16:00:00Z,12.96,9.54,87.19,404.44
Karachi,2023-11-05T18:00:00Z,19.05,2.29,74.86,436.62
Lahore,2023-11-05T20:00:00Z,32.19,0,62.54,386.54
Islamabad,2023-11-05T22:00:00Z,43.73,7.87,52.11,399.54
Quetta,2023-11-06T00:00:00Z,30.07,1.84,67.78,408.4
Peshawar,2023-11-06T02:00:00Z,36.66,0,51.29,404.93
Karachi,2023-11-06T04:00:00Z,15.97,7.57,69.22,399.41
Lahore,2023-11-06T06:00:00Z,29.26,2.22,30.09,414.9
Islamabad,2023-11-06T08:00:00Z,21.47,1.9,70.7,381.58
Quetta,2023-11-06T10:00:00Z,26.05,5.87,40.57,406.96
Peshawar,2023-11-06T12:00:00Z,35.86,6.87,72.85,397.59
Karachi,2023-11-06T14:00:00Z,17.0,0,74.81,417.12
Lahore,2023-11-06T16:00:00Z,34.25,0,49.83,390.01
Islamabad,2023-11-06T18:00:00Z,28.32,6.57,52.47,419.14
Quetta,2023-11-06T20:00:00Z,35.17,0,39.02,392.83
Peshawar,2023-11-06T22:00:00Z,30.44,0,83.73,422.97
Karachi,2023-11-07T00:00:00Z,25.4,8.96,34.52,440.26
Lahore,2023-11-07T02:00:00Z,26.69,8.78,82.27,416.18
Islamabad,2023-11-07T04:00:00Z,26.11,0,87.71,397.92
Quetta,2023-11-07T06:00:00Z,19.34,0,85.97,392.26
Peshawar,2023-11-07T08:00:00Z,25.16,7.12,43.54,395.28
Karachi,2023-11-07T10:00:00Z,21.39,0,86.15,421.76
Lahore,2023-11-07T12:00:00Z,26.65,0,30.19,381.83
Islamabad,2023-11-07T14:00:00Z,27.77,9.57,71.37,376.28
Quetta,2023-11-07T16:00:00Z,25.66,3.53,83.72,396.72
Peshawar,2023-11-07T18:00:00Z,23.83,13.85,56.46,422.02
Karachi,2023-11-07T20:00:00Z,24.33,8.98,63.18,431.36
Lahore,2023-11-07T22:00:00Z,43.25,0.49,78.62,426.88
Islamabad,2023-11-08T00:00:00Z,16.08,1.67,64.83,394.94
Quetta,2023-11-08T02:00:00Z,24.42,5.39,70.79,397.46
Peshawar,2023-11-08T04:00:00Z,30.63,0,57.47,400.66
Karachi,2023-11-08T06:00:00Z,24.75,3.04,50.01,394.2
Lahore,2023-11-08T08:00:00Z,24.99,3.23,53.34,417.95
Islamabad,2023-11-08T10:00:00Z,41.83,0,34.98,394.32
Quetta,2023-11-08T12:00:00Z,15.36,0.9,37.64,416.43
Peshawar,2023-11-08T14:00:00Z,37.07,9.46,40.8,419.44
Karachi,2023-11-08T16:00:00Z,39.14,0,42.73,416.0
Lahore,2023-11-08T18:00:00Z,15.78,5.47,48.85,421.21
Islamabad,2023-11-08T20:00:00Z,21.68,0,41.02,425.73
Quetta,2023-11-08T22:00:00Z,36.21,3.05,76.34,429.47
Peshawar,2023-11-09T00:00:00Z,24.19,0,71.99,432.63
Karachi,2023-11-09T02:00:00Z,30.52,1.76,75.1,431.1
Lahore,2023-11-09T04:00:00Z,32.31,0,54.73,425.96
Islamabad,2023-11-09T06:00:00Z,30.69,8.47,78.81,388.47
Quetta,2023-11-09T08:00:00Z,21.97,0.43,41.35,400.66
Peshawar,2023-11-09T10:00:00Z,29.95,0,47.28,404.61
Karachi,2023-11-09T12:00:00Z,38.43,0,58.37,419.49
Lahore,2023-11-09T14:00:00Z,36.9,6.62,76.54,409.11
Islamabad,2023-11-09T16:00:00Z,24.9,3.82,46.26,413.11
Quetta,2023-11-09T18:00:00Z,22.36,0,78.09,405.92
Peshawar,2023-11-09T20:00:00Z,28.18,7.95,82.46,411.23
Karachi,2023-11-09T22:00:00Z,25.98,2.78,82.82,401.48
Lahore,2023-11-10T00:00:00Z,24.97,0,86.07,421.81
Islamabad,2023-11-10T02:00:00Z,19.95,3.56,32.88,398.84
Quetta,2023-11-10T04:00:00Z,18.93,0,76.26,402.76
Peshawar,2023-11-10T06:00:00Z,50.61,0.66,42.3,368.19
Karachi,2023-11-10T08:00:00Z,30.29,0.12,82.87,398.66
Lahore,2023-11-10T10:00:00Z,13.39,2.92,86.94,408.26
Islamabad,2023-11-10T12:00:00Z,25.61,6.16,48.65,418.06
Quetta,2023-11-10T14:00:00Z,15.63,0,71.0,401.85
Peshawar,2023-11-10T16:00:00Z,28.99,0,37.21,408.82
Karachi,2023-11-10T18:00:00Z,31.12,0.7,54.88,391.91
Lahore,2023-11-10T20:00:00Z,30.09,8.94,49.18,414.16
Islamabad,2023-11-10T22:00:00Z,15.88,5.5,63.16,417.41
Quetta,2023-11-11T00:00:00Z,30.68,3.75,59.7,429.46
Peshawar,2023-11-11T02:00:00Z,41.08,10.49,68.16,421.0
Karachi,2023-11-11T04:00:00Z,44.81,0,88.98,417.93
Lahore,2023-11-11T06:00:00Z,5.17,14.4,50.61,418.23
Islamabad,2023-11-11T08:00:00Z,43.01,0,84.23,405.36
Quetta,2023-11-11T10:00:00Z,27.59,0,37.51,412.63
Peshawar,2023-11-11T12:00:00Z,31.39,12.11,75.62,412.33
Karachi,2023-11-11T14:00:00Z,32.63,0,72.65,392.89
Lahore,2023-11-11T16:00:00Z,24.19,1.7,63.48,428.76
Islamabad,2023-11-11T18:00:00Z,19.87,8.48,81.79,392.14
Quetta,2023-11-11T20:00:00Z,29.58,4.21,65.89,401.2
Peshawar,2023-11-11T22:00:00Z,42.28,0,71.59,393.4
Karachi,2023-11-12T00:00:00Z,35.51,0,42.26,383.54
Lahore,2023-11-12T02:00:00Z,35.07,3.64,60.28,389.65
Islamabad,2023-11-12T04:00:00Z,19.2,3.31,56.55,405.42
Quetta,2023-11-12T06:00:00Z,37.33,1.82,65.29,419.13
Peshawar,2023-11-12T08:00:00Z,29.72,8.6,80.12,429.95
Karachi,2023-11-12T10:00:00Z,36.27,0,51.86,408.86
Lahore,2023-11-12T12:00:00Z,35.59,0,36.98,394.54
Islamabad,2023-11-12T14:00:00Z,26.82,8.22,73.07,415.29
Quetta,2023-11-12T16:00:00Z,14.03,4.19,59.8,402.3
Peshawar,2023-11-12T18:00:00Z,31.63,4.9,31.69,404.15
Karachi,2023-11-12T20:00:00Z,13.83,0,36.18,392.88
Lahore,2023-11-12T22:00:00Z,31.32,0,59.76,390.99
Islamabad,2023-11-13T00:00:00Z,27.21,7.26,75.97,401.1
Quetta,2023-11-13T02:00:00Z,36.24,3.79,76.79,416.66
Peshawar,2023-11-13T04:00:00Z,18.54,0,78.87,416.61
Karachi,2023-11-13T06:00:00Z,22.6,6.97,63.82,420.25
Lahore,2023-11-13T08:00:00Z,27.35,0,58.11,404.78
Islamabad,2023-11-13T10:00:00Z,22.99,1.66,54.71,417.23
Quetta,2023-11-13T12:00:00Z,24.22,2.48,75.55,423.29
Peshawar,2023-11-13T14:00:00Z,18.88,8.59,33.21,419.15
Karachi,2023-11-13T16:00:00Z,26.98,4.32,54.7,426.74
Lahore,2023-11-13T18:00:00Z,25.36,1.45,34.32,408.43
Islamabad,2023-11-13T20:00:00Z,50.03,1.52,50.01,406.5
Quetta,2023-11-13T22:00:00Z,28.5,0,58.16,427.13
Peshawar,2023-11-14T00:00:00Z,25.27,5.36,44.23,404.2
Karachi,2023-11-14T02:00:00Z,27.21,11.89,58.17,397.15
Lahore,2023-11-14T04:00:00Z,27.58,3.02,46.56,428.53
Islamabad,2023-11-14T06:00:00Z,24.56,1.34,75.57,420.1
Quetta,2023-11-14T08:00:00Z,12.79,4.79,40.0,395.33
Peshawar,2023-11-14T10:00:00Z,31.42,7.48,72.26,440.48
Karachi,2023-11-14T12:00:00Z,16.67,5.81,36.31,407.96
Lahore,2023-11-14T14:00:00Z,16.09,0,89.61,450.3
Islamabad,2023-11-14T16:00:00Z,17.48,0,37.32,404.89
Quetta,2023-11-14T18:00:00Z,15.67,0,59.03,409.07
Peshawar,2023-11-14T20:00:00Z,25.75,0,51.36,414.34
Karachi,2023-11-14T22:00:00Z,24.18,0,77.76,398.93
Lahore,2023-11-15T00:00:00Z,31.39,4.74,84.45,385.01
Islamabad,2023-11-15T02:00:00Z,21.22,0,76.29,428.62
Quetta,2023-11-15T04:00:00Z,22.19,0,85.96,425.1
Peshawar,2023-11-15T06:00:00Z,34.64,5.57,30.21,400.43
Karachi,2023-11-15T08:00:00Z,29.17,0,80.5,417.5
Lahore,2023-11-15T10:00:00Z,27.09,0,63.18,402.91
Islamabad,2023-11-15T12:00:00Z,25.95,4.84,55.88,437.42
Quetta,2023-11-15T14:00:00Z,42.33,0,83.99,430.22
Peshawar,2023-11-15T16:00:00Z,27.48,4.04,74.09,383.56
Karachi,2023-11-15T18:00:00Z,30.52,9.01,63.81,409.12
Lahore,2023-11-15T20:00:00Z,24.36,1.79,80.31,420.04
Islamabad,2023-11-15T22:00:00Z,25.58,6.22,80.78,420.31
Quetta,2023-11-16T00:00:00Z,36.9,13.09,50.94,387.41
Peshawar,2023-11-16T02:00:00Z,28.65,13.75,40.86,421.18
Karachi,2023-11-16T04:00:00Z,19.16,6.89,51.84,427.64
Lahore,2023-11-16T06:00:00Z,13.1,0,76.11,399.11
Islamabad,2023-11-16T08:00:00Z,42.59,1.11,71.52,424.1
Quetta,2023-11-16T10:00:00Z,37.61,3.53,48.98,404.44
Peshawar,2023-11-16T12:00:00Z,13.66,0,43.44,424.85
Karachi,2023-11-16T14:00:00Z,38.42,0,71.96,407.63
Lahore,2023-11-16T16:00:00Z,40.03,3.2,70.42,424.76
Islamabad,2023-11-16T18:00:00Z,24.86,0,38.29,416.58
Quetta,2023-11-16T20:00:00Z,28.72,0,46.56,418.27
Peshawar,2023-11-16T22:00:00Z,26.46,0.46,65.58,397.29
Karachi,2023-11-17T00:00:00Z,45.0,0,40.32,423.13
Lahore,2023-11-17T02:00:00Z,29.71,5.59,66.65,412.71
Islamabad,2023-11-17T04:00:00Z,29.05,7.64,64.02,418.81
Quetta,2023-11-17T06:00:00Z,13.98,2.38,41.82,416.67
Peshawar,2023-11-17T08:00:00Z,27.63,5.57,87.75,387.81
Karachi,2023-11-17T10:00:00Z,31.32,2.79,70.48,397.83
Lahore,2023-11-17T12:00:00Z,36.63,9.32,56.8,396.36
Islamabad,2023-11-17T14:00:00Z,34.37,0,56.91,388.09
Quetta,2023-11-17T16:00:00Z,25.77,0.07,77.2,406.74
Peshawar,2023-11-17T18:00:00Z,22.37,4.13,74.34,399.98
Karachi,2023-11-17T20:00:00Z,30.3,6.76,60.03,384.32
Lahore,2023-11-17T22:00:00Z,34.47,2.24,60.57,405.55
Islamabad,2023-11-18T00:00:00Z,25.17,0,57.64,411.86
Quetta,2023-11-18T02:00:00Z,37.03,0,79.38,410.48
Peshawar,2023-11-18T04:00:00Z,31.5,12.06,65.12,400.03
Karachi,2023-11-18T06:00:00Z,24.71,10.26,44.82,404.21
Lahore,2023-11-18T08:00:00Z,22.57,6.67,66.96,442.98
Islamabad,2023-11-18T10:00:00Z,23.72,2.82,40.05,406.59
Quetta,2023-11-18T12:00:00Z,20.84,0,34.1,412.44
Peshawar,2023-11-18T14:00:00Z,26.56,0.99,54.78,413.0
Karachi,2023-11-18T16:00:00Z,35.35,0.34,84.66,417.04
Lahore,2023-11-18T18:00:00Z,17.96,0,85.96,426.16
Islamabad,2023-11-18T20:00:00Z,30.65,2.12,41.09,413.97
Quetta,2023-11-18T22:00:00Z,31.08,0,59.08,418.0
Peshawar,2023-11-19T00:00:00Z,30.92,0,76.83,409.14
Karachi,2023-11-19T02:00:00Z,34.24,9.91,59.51,396.59
Lahore,2023-11-19T04:00:00Z,35.52,2.68,42.4,397.14
Islamabad,2023-11-19T06:00:00Z,17.55,10.6,38.22,394.77
Quetta,2023-11-19T08:00:00Z,19.87,0,69.24,418.21
Peshawar,2023-11-19T10:00:00Z,29.55,7.42,44.09,413.2
Karachi,2023-11-19T12:00:00Z,28.21,0,35.41,404.92
Lahore,2023-11-19T14:00:00Z,40.16,7.29,55.95,405.84
Islamabad,2023-11-19T16:00:00Z,31.6,1.31,74.7,406.36
Quetta,2023-11-19T18:00:00Z,34.26,6.0,77.76,435.93
Peshawar,2023-11-19T20:00:00Z,33.35,1.54,71.89,395.46
Karachi,2023-11-19T22:00:00Z,32.75,7.25,62.29,397.0
Lahore,2023-11-20T00:00:00Z,31.89,0,38.72,402.95
Islamabad,2023-11-20T02:00:00Z,28.68,0,41.04,436.25
Quetta,2023-11-20T04:00:00Z,30.92,0,38.37,410.82
Peshawar,2023-11-20T06:00:00Z,31.82,11.92,75.67,425.34
Karachi,2023-11-20T08:00:00Z,18.86,0,89.01,395.04
Lahore,2023-11-20T10:00:00Z,34.69,0,67.37,419.3
Islamabad,2023-11-20T12:00:00Z,20.18,3.97,63.2,388.49
Quetta,2023-11-20T14:00:00Z,27.35,0,60.43,412.29
Peshawar,2023-11-20T16:00:00Z,31.13,0,78.7,400.81
Karachi,2023-11-20T18:00:00Z,30.84,2.82,85.49,397.63
Lahore,2023-11-20T20:00:00Z,17.87,0.7,33.12,391.79
Islamabad,2023-11-20T22:00:00Z,23.93,3.42,70.85,427.11
Quetta,2023-11-21T00:00:00Z,21.0,6.96,85.35,389.17
Peshawar,2023-11-21T02:00:00Z,28.9,0,87.9,369.34
Karachi,2023-11-21T04:00:00Z,18.45,8.43,78.73,414.62
Lahore,2023-11-21T06:00:00Z,38.88,8.44,68.28,384.63
Islamabad,2023-11-21T08:00:00Z,35.5,6.19,71.41,411.27
Quetta,2023-11-21T10:00:00Z,28.11,6.77,38.26,410.66
Peshawar,2023-11-21T12:00:00Z,29.98,3.97,37.55,428.14
Karachi,2023-11-21T14:00:00Z,29.4,0.38,70.88,399.87
Lahore,2023-11-21T16:00:00Z,33.59,8.19,70.11,407.48
Islamabad,2023-11-21T18:00:00Z,20.49,1.5,81.81,416.12
Quetta,2023-11-21T20:00:00Z,32.54,0,36.25,402.9
Peshawar,2023-11-21T22:00:00Z,43.38,5.61,51.25,388.65
Karachi,2023-11-22T00:00:00Z,22.65,3.82,46.73,430.33
Lahore,2023-11-22T02:00:00Z,25.99,1.98,88.88,423.51
Islamabad,2023-11-22T04:00:00Z,41.08,1.13,44.81,407.52
Quetta,2023-11-22T06:00:00Z,26.77,0.23,67.84,397.82
Peshawar,2023-11-22T08:00:00Z,22.43,0,52.83,397.67
Karachi,2023-11-22T10:00:00Z,30.04,0,45.63,407.48
Lahore,2023-11-22T12:00:00Z,23.84,0,58.07,411.69
Islamabad,2023-11-22T14:00:00Z,39.61,0,38.66,421.18
Quetta,2023-11-22T16:00:00Z,27.7,8.66,67.01,384.08
Peshawar,2023-11-22T18:00:00Z,24.12,1.0,47.71,400.36
Karachi,2023-11-22T20:00:00Z,29.84,0,44.95,389.49
Lahore,2023-11-22T22:00:00Z,25.49,0,50.44,416.87
Islamabad,2023-11-23T00:00:00Z,43.31,4.78,50.6,417.44
Quetta,2023-11-23T02:00:00Z,20.96,0,48.38,438.59
Peshawar,2023-11-23T04:00:00Z,24.83,0,56.17,389.49
Karachi,2023-11-23T06:00:00Z,41.04,0.76,68.89,421.52
Lahore,2023-11-23T08:00:00Z,37.96,3.65,32.32,417.2
Islamabad,2023-11-23T10:00:00Z,24.58,0.24,87.9,427.19
Quetta,2023-11-23T12:00:00Z,34.6,0,44.33,411.8
Peshawar,2023-11-23T14:00:00Z,33.37,7.42,34.79,412.77
Karachi,2023-11-23T16:00:00Z,17.36,4.08,44.12,392.26
Lahore,2023-11-23T18:00:00Z,20.9,4.36,73.02,394.19
Islamabad,2023-11-23T20:00:00Z,19.37,0,33.64,411.35
Quetta,2023-11-23T22:00:00Z,10.9,4.26,57.49,412.42
Peshawar,2023-11-24T00:00:00Z,32.18,0,38.99,413.21
Karachi,2023-11-24T02:00:00Z,29.5,2.7,49.64,411.29
Lahore,2023-11-24T04:00:00Z,35.98,8.98,88.82,395.81
Islamabad,2023-11-24T06:00:00Z,21.47,3.87,68.4,407.66
Quetta,2023-11-24T08:00:00Z,56.08,6.73,59.43,412.24
Peshawar,2023-11-24T10:00:00Z,22.95,0,31.16,416.23
Karachi,2023-11-24T12:00:00Z,24.14,7.69,66.53,421.46
Lahore,2023-11-24T14:00:00Z,31.47,9.03,42.11,411.42
Islamabad,2023-11-24T16:00:00Z,27.26,0,88.33,401.79
Quetta,2023-11-24T18:00:00Z,35.76,12.59,42.5,422.64
Peshawar,2023-11-24T20:00:00Z,18.26,0,33.49,389.52
Karachi,2023-11-24T22:00:00Z,31.47,7.01,68.26,389.52
Lahore,2023-11-25T00:00:00Z,35.19,0,72.66,393.69
Islamabad,2023-11-25T02:00:00Z,25.37,8.02,40.27,414.02
Quetta,2023-11-25T04:00:00Z,20.96,0,60.28,437.45
Peshawar,2023-11-25T06:00:00Z,23.51,0,46.98,423.7
Karachi,2023-11-25T08:00:00Z,36.39,10.77,89.68,417.72
Lahore,2023-11-25T10:00:00Z,33.09,0,85.87,414.57
Islamabad,2023-11-25T12:00:00Z,26.12,0,61.26,401.13
Quetta,2023-11-25T14:00:00Z,30.22,0,48.29,411.32
Peshawar,2023-11-25T16:00:00Z,35.07,4.11,37.2,407.18
Karachi,2023-11-25T18:00:00Z,27.74,1.01,62.75,395.44
Lahore,2023-11-25T20:00:00Z,12.64,12.95,82.06,417.37
Islamabad,2023-11-25T22:00:00Z,23.11,6.97,87.72,397.23
Quetta,2023-11-26T00:00:00Z,29.0,4.5,45.95,417.59
Peshawar,2023-11-26T02:00:00Z,26.4,4.34,44.52,432.89
Karachi,2023-11-26T04:00:00Z,34.37,0,45.11,411.83
Lahore,2023-11-26T06:00:00Z,47.78,0,59.22,408.76
Islamabad,2023-11-26T08:00:00Z,6.35,0,38.95,400.01
Quetta,2023-11-26T10:00:00Z,19.44,4.67,49.75,425.35
Peshawar,2023-11-26T12:00:00Z,30.14,6.51,31.52,401.86
Karachi,2023-11-26T14:00:00Z,38.02,0,33.1,434.84
Lahore,2023-11-26T16:00:00Z,24.64,7.66,51.35,437.19
Islamabad,2023-11-26T18:00:00Z,31.03,0,31.65,426.06
Quetta,2023-11-26T20:00:00Z,26.79,7.18,38.32,422.23
Peshawar,2023-11-26T22:00:00Z,23.65,0,51.15,416.97
Karachi,2023-11-27T00:00:00Z,37.8,0,80.06,409.89
Lahore,2023-11-27T02:00:00Z,47.54,8.57,60.76,408.88
Islamabad,2023-11-27T04:00:00Z,35.91,0.99,36.87,412.64
Quetta,2023-11-27T06:00:00Z,38.01,6.73,55.19,425.49
Peshawar,2023-11-27T08:00:00Z,34.22,11.78,60.77,399.52
Karachi,2023-11-27T10:00:00Z,15.17,7.62,65.82,428.88
Lahore,2023-11-27T12:00:00Z,31.79,0.45,32.42,439.19
Islamabad,2023-11-27T14:00:00Z,22.5,0.44,56.91,413.47
Quetta,2023-11-27T16:00:00Z,38.78,4.63,36.49,411.63
Peshawar,2023-11-27T18:00:00Z,39.58,0,47.2,419.79
Karachi,2023-11-27T20:00:00Z,21.53,4.58,49.77,399.82
Lahore,2023-11-27T22:00:00Z,22.69,0.15,31.23,424.2
Islamabad,2023-11-28T00:00:00Z,37.98,0,87.03,424.12
Quetta,2023-11-28T02:00:00Z,39.42,7.13,38.0,425.55
Peshawar,2023-11-28T04:00:00Z,30.39,8.38,41.82,411.32
Karachi,2023-11-28T06:00:00Z,28.7,1.06,80.23,450.18
Lahore,2023-11-28T08:00:00Z,31.49,0,74.48,420.69
Islamabad,2023-11-28T10:00:00Z,16.07,3.38,89.4,406.55
Quetta,2023-11-28T12:00:00Z,31.95,0,50.76,406.1
Peshawar,2023-11-28T14:00:00Z,33.29,0,41.18,413.45
Karachi,2023-11-28T16:00:00Z,26.82,0,74.94,401.93
Lahore,2023-11-28T18:00:00Z,32.63,0,51.45,399.89
Islamabad,2023-11-28T20:00:00Z,31.17,6.96,57.74,434.38
Quetta,2023-11-28T22:00:00Z,38.72,5.18,41.63,428.4
Peshawar,2023-11-29T00:00:00Z,26.08,2.89,40.84,406.61
Karachi,2023-11-29T02:00:00Z,36.8,2.45,41.31,415.6
Lahore,2023-11-29T04:00:00Z,30.42,0.45,40.52,408.61
Islamabad,2023-11-29T06:00:00Z,28.83,3.43,61.98,412.41
Quetta,2023-11-29T08:00:00Z,26.14,0,86.51,433.82
Peshawar,2023-11-29T10:00:00Z,27.35,17.42,47.94,401.53
Karachi,2023-11-29T12:00:00Z,29.93,7.92,72.7,409.94
Lahore,2023-11-29T14:00:00Z,34.64,0,32.66,420.07
Islamabad,2023-11-29T16:00:00Z,28.33,0.22,84.75,388.63
Quetta,2023-11-29T18:00:00Z,22.73,0.74,87.95,407.43
Peshawar,2023-11-29T20:00:00Z,35.93,0.04,31.48,403.94
Karachi,2023-11-29T22:00:00Z,33.38,2.59,70.96,433.84
Lahore,2023-11-30T00:00:00Z,29.04,4.58,50.85,393.46
Islamabad,2023-11-30T02:00:00Z,30.98,0.53,81.88,405.71
Quetta,2023-11-30T04:00:00Z,24.27,0,63.1,425.22
Peshawar,2023-11-30T06:00:00Z,28.64,4.64,57.12,386.9
Karachi,2023-11-30T08:00:00Z,26.86,7.32,64.1,423.68
Lahore,2023-11-30T10:00:00Z,43.86,0,39.18,436.93
Islamabad,2023-11-30T12:00:00Z,27.36,4.2,58.34,437.07
Quetta,2023-11-30T14:00:00Z,35.85,0.89,35.91,415.48
Peshawar,2023-11-30T16:00:00Z,21.8,1.64,57.5,427.76
Karachi,2023-11-30T18:00:00Z,20.46,0,88.05,431.16
Lahore,2023-11-30T20:00:00Z,20.09,0,62.79,417.72
Islamabad,2023-11-30T22:00:00Z,31.66,7.47,31.46,427.96
Quetta,2023-12-01T00:00:00Z,33.95,0,42.02,424.5
Peshawar,2023-12-01T02:00:00Z,28.2,0.64,35.4,418.22
Karachi,2023-12-01T04:00:00Z,20.09,0,63.3,384.16
Lahore,2023-12-01T06:00:00Z,0.9,3.39,50.06,391.91
Islamabad,2023-12-01T08:00:00Z,17.37,7.5,65.32,406.63
Quetta,2023-12-01T10:00:00Z,28.69,0,68.66,403.31
Peshawar,2023-12-01T12:00:00Z,20.84,0,73.44,425.23
Karachi,2023-12-01T14:00:00Z,18.2,0,60.54,402.65
Lahore,2023-12-01T16:00:00Z,18.12,0.96,80.43,392.25
Islamabad,2023-12-01T18:00:00Z,31.61,8.33,61.09,412.11
Quetta,2023-12-01T20:00:00Z,13.14,0.92,87.22,412.32
Peshawar,2023-12-01T22:00:00Z,36.26,2.29,58.82,395.2
Karachi,2023-12-02T00:00:00Z,29.37,4.53,79.37,409.61
Lahore,2023-12-02T02:00:00Z,29.67,4.18,84.4,426.41
Islamabad,2023-12-02T04:00:00Z,23.73,0,44.63,405.31
Quetta,2023-12-02T06:00:00Z,29.31,2.15,53.53,433.13
Peshawar,2023-12-02T08:00:00Z,16.55,0.23,57.64,389.28
Karachi,2023-12-02T10:00:00Z,31.35,0.28,65.95,403.17
Lahore,2023-12-02T12:00:00Z,35.84,4.37,81.6,406.64
Islamabad,2023-12-02T14:00:00Z,17.9,0,31.57,389.67
Quetta,2023-12-02T16:00:00Z,36.48,2.16,65.56,416.19
Peshawar,2023-12-02T18:00:00Z,36.27,5.66,69.44,409.75
Karachi,2023-12-02T20:00:00Z,31.73,8.61,89.92,387.56
Lahore,2023-12-02T22:00:00Z,0.62,0,46.16,419.21
Islamabad,2023-12-03T00:00:00Z,26.9,0,44.85,433.23
Quetta,2023-12-03T02:00:00Z,23.03,3.93,82.4,414.88
Peshawar,2023-12-03T04:00:00Z,19.56,1.37,77.62,420.5
Karachi,2023-12-03T06:00:00Z,16.68,4.7,67.46,414.69
Lahore,2023-12-03T08:00:00Z,42.52,2.51,65.39,428.61
Islamabad,2023-12-03T10:00:00Z,35.02,3.57,61.15,399.87
Quetta,2023-12-03T12:00:00Z,28.13,1.01,80.59,411.06
Peshawar,2023-12-03T14:00:00Z,38.2,0,60.36,413.82
Karachi,2023-12-03T16:00:00Z,26.77,0,85.54,417.39
Lahore,2023-12-03T18:00:00Z,36.06,5.39,39.83,413.25
Islamabad,2023-12-03T20:00:00Z,39.77,3.13,89.4,429.14
Quetta,2023-12-03T22:00:00Z,27.54,9.3,39.88,415.17
Peshawar,2023-12-04T00:00:00Z,23.86,6.84,54.88,431.28
Karachi,2023-12-04T02:00:00Z,20.73,14.38,84.91,408.05
Lahore,2023-12-04T04:00:00Z,28.59,7.2,63.27,403.14
Islamabad,2023-12-04T06:00:00Z,32.9,8.67,31.37,430.96
Quetta,2023-12-04T08:00:00Z,37.88,0,72.49,385.03
Peshawar,2023-12-04T10:00:00Z,39.03,8.24,33.45,403.69
Karachi,2023-12-04T12:00:00Z,30.31,0,58.43,417.07
Lahore,2023-12-04T14:00:00Z,16.91,8.3,39.47,411.41
Islamabad,2023-12-04T16:00:00Z,34.81,13.32,33.79,382.63
Quetta,2023-12-04T18:00:00Z,27.79,0.14,63.26,388.2
Peshawar,2023-12-04T20:00:00Z,31.64,5.8,75.42,398.91
Karachi,2023-12-04T22:00:00Z,30.74,4.2,34.52,395.34
Lahore,2023-12-05T00:00:00Z,10.91,8.51,57.02,410.72
Islamabad,2023-12-05T02:00:00Z,40.1,0,40.0,430.72
Quetta,2023-12-05T04:00:00Z,31.45,0,34.46,418.95
Peshawar,2023-12-05T06:00:00Z,21.64,0,68.43,413.88
Karachi,2023-12-05T08:00:00Z,19.06,4.71,41.77,414.44
Lahore,2023-12-05T10:00:00Z,14.87,0,75.2,436.2
Islamabad,2023-12-05T12:00:00Z,23.38,0,43.62,389.68
Quetta,2023-12-05T14:00:00Z,29.69,0,36.14,405.88
Peshawar,2023-12-05T16:00:00Z,18.86,0,73.52,400.97
Karachi,2023-12-05T18:00:00Z,22.81,1.98,53.41,388.48
Lahore,2023-12-05T20:00:00Z,40.54,9.77,53.04,408.5
Islamabad,2023-12-05T22:00:00Z,8.71,4.11,40.19,406.7
Quetta,2023-12-06T00:00:00Z,25.02,0.5,76.89,389.11
Peshawar,2023-12-06T02:00:00Z,29.32,0,57.48,405.91
Karachi,2023-12-06T04:00:00Z,18.08,3.5,73.09,420.15
Lahore,2023-12-06T06:00:00Z,29.82,9.0,30.06,404.5
Islamabad,2023-12-06T08:00:00Z,29.51,0,59.14,398.28
Quetta,2023-12-06T10:00:00Z,27.99,6.53,56.45,391.64
Peshawar,2023-12-06T12:00:00Z,40.02,0,50.15,423.23
Karachi,2023-12-06T14:00:00Z,7.88,2.47,71.78,426.45
Lahore,2023-12-06T16:00:00Z,22.99,0.24,73.92,406.49
Islamabad,2023-12-06T18:00:00Z,26.57,8.4,86.76,406.57
Quetta,2023-12-06T20:00:00Z,18.87,13.88,60.21,412.16
Peshawar,2023-12-06T22:00:00Z,28.96,0,69.03,415.71
Karachi,2023-12-07T00:00:00Z,24.22,0,85.92,409.81
Lahore,2023-12-07T02:00:00Z,35.64,5.7,30.9,418.49
Islamabad,2023-12-07T04:00:00Z,15.85,3.76,88.46,436.78
Quetta,2023-12-07T06:00:00Z,30.56,0.62,47.73,423.79
Peshawar,2023-12-07T08:00:00Z,18.44,0,77.78,400.07
Karachi,2023-12-07T10:00:00Z,37.25,0,70.2,407.86
Lahore,2023-12-07T12:00:00Z,35.46,6.94,85.64,412.27
Islamabad,2023-12-07T14:00:00Z,23.77,4.27,53.77,414.98
Quetta,2023-12-07T16:00:00Z,20.51,3.9,34.38,439.91
Peshawar,2023-12-07T18:00:00Z,34.06,0,79.53,403.02
Karachi,2023-12-07T20:00:00Z,36.83,0,79.29,390.76
Lahore,2023-12-07T22:00:00Z,15.87,2.12,68.19,404.63
Islamabad,2023-12-08T00:00:00Z,21.79,7.12,42.19,429.44
Quetta,2023-12-08T02:00:00Z,34.03,9.16,38.32,442.19
Peshawar,2023-12-08T04:00:00Z,16.39,5.1,66.36,395.45
Karachi,2023-12-08T06:00:00Z,29.93,15.67,61.22,443.64
Lahore,2023-12-08T08:00:00Z,25.49,2.31,49.94,395.66
Islamabad,2023-12-08T10:00:00Z,30.05,0.6,40.04,405.57
Quetta,2023-12-08T12:00:00Z,17.09,7.05,62.24,402.88
Peshawar,2023-12-08T14:00:00Z,22.28,1.33,52.06,412.45
Karachi,2023-12-08T16:00:00Z,39.79,5.93,68.22,404.68
Lahore,2023-12-08T18:00:00Z,12.62,0,73.11,389.97
Islamabad,2023-12-08T20:00:00Z,39.72,0,35.1,399.17
Quetta,2023-12-08T22:00:00Z,17.96,7.0,74.56,423.33
Peshawar,2023-12-09T00:00:00Z,28.21,0,40.63,431.07
Karachi,2023-12-09T02:00:00Z,37.62,6.56,65.17,402.84
Lahore,2023-12-09T04:00:00Z,25.12,0,76.64,416.8
Islamabad,2023-12-09T06:00:00Z,23.63,11.76,39.89,399.72
Quetta,2023-12-09T08:00:00Z,31.6,0,30.97,418.27
Peshawar,2023-12-09T10:00:00Z,28.88,0.39,71.95,414.54
Karachi,2023-12-09T12:00:00Z,31.69,2.52,83.64,409.9
Lahore,2023-12-09T14:00:00Z,42.16,0,38.83,417.16
Islamabad,2023-12-09T16:00:00Z,34.0,0,47.69,409.99
Quetta,2023-12-09T18:00:00Z,40.01,6.34,36.79,400.71
Peshawar,2023-12-09T20:00:00Z,24.42,0,51.82,432.51
Karachi,2023-12-09T22:00:00Z,28.12,2.93,40.07,413.76
Lahore,2023-12-10T00:00:00Z,41.07,2.44,72.45,404.36
Islamabad,2023-12-10T02:00:00Z,25.83,7.6,63.45,428.4
Quetta,2023-12-10T04:00:00Z,34.36,6.26,72.49,412.18
Peshawar,2023-12-10T06:00:00Z,25.39,0.41,48.47,414.99
Karachi,2023-12-10T08:00:00Z,26.4,0,80.33,432.45
Lahore,2023-12-10T10:00:00Z,26.54,0,68.15,375.06
Islamabad,2023-12-10T12:00:00Z,16.53,0.52,72.87,413.64
Quetta,2023-12-10T14:00:00Z,22.07,4.83,53.23,387.39
Peshawar,2023-12-10T16:00:00Z,20.06,0,61.83,413.57
Karachi,2023-12-10T18:00:00Z,28.74,4.62,59.66,448.27
Lahore,2023-12-10T20:00:00Z,26.31,0,46.77,413.39
Islamabad,2023-12-10T22:00:00Z,12.47,5.08,86.37,410.86
Quetta,2023-12-11T00:00:00Z,28.65,3.55,42.09,420.46
Peshawar,2023-12-11T02:00:00Z,29.2,5.91,48.21,430.42
Karachi,2023-12-11T04:00:00Z,26.38,8.56,80.71,403.74
Lahore,2023-12-11T06:00:00Z,23.13,13.11,83.35,400.35
Islamabad,2023-12-11T08:00:00Z,40.86,0.34,58.82,409.46
Quetta,2023-12-11T10:00:00Z,14.91,0,66.97,405.6
Peshawar,2023-12-11T12:00:00Z,26.03,0.58,70.69,416.45
Karachi,2023-12-11T14:00:00Z,35.55,9.04,34.05,412.7
Lahore,2023-12-11T16:00:00Z,24.04,6.64,84.42,380.99
Islamabad,2023-12-11T18:00:00Z,26.02,1.36,71.14,409.47
Quetta,2023-12-11T20:00:00Z,33.41,0,69.19,413.05
Peshawar,2023-12-11T22:00:00Z,27.36,4.43,57.07,397.45
Karachi,2023-12-12T00:00:00Z,13.76,3.53,38.13,423.32
Lahore,2023-12-12T02:00:00Z,32.36,0,49.62,423.84
Islamabad,2023-12-12T04:00:00Z,25.25,2.88,71.57,456.03
Quetta,2023-12-12T06:00:00Z,44.36,0.65,55.65,398.81
Peshawar,2023-12-12T08:00:00Z,18.08,9.9,55.58,413.73
Karachi,2023-12-12T10:00:00Z,28.68,0,88.19,413.94
Lahore,2023-12-12T12:00:00Z,22.95,0.85,63.73,433.78
Islamabad,2023-12-12T14:00:00Z,16.5,0,40.79,418.37
Quetta,2023-12-12T16:00:00Z,35.6,0,82.76,400.52
Peshawar,2023-12-12T18:00:00Z,30.26,8.57,32.71,425.39
Karachi,2023-12-12T20:00:00Z,15.53,9.96,30.1,399.06
Lahore,2023-12-12T22:00:00Z,39.93,1.31,81.81,445.2
Islamabad,2023-12-13T00:00:00Z,16.35,0,38.74,429.93
Quetta,2023-12-13T02:00:00Z,18.9,0.48,62.59,419.57
Peshawar,2023-12-13T04:00:00Z,25.49,4.03,88.43,425.26
Karachi,2023-12-13T06:00:00Z,29.81,3.41,30.85,417.21
Lahore,2023-12-13T08:00:00Z,39.14,1.84,42.38,399.15
Islamabad,2023-12-13T10:00:00Z,28.83,0,86.9,371.14
Quetta,2023-12-13T12:00:00Z,25.36,0,49.27,405.72
Peshawar,2023-12-13T14:00:00Z,17.94,0.17,45.99,390.75
Karachi,2023-12-13T16:00:00Z,22.56,1.15,47.57,391.05
Lahore,2023-12-13T18:00:00Z,20.07,1.66,83.49,411.76
Islamabad,2023-12-13T20:00:00Z,22.93,0,58.59,414.57
Quetta,2023-12-13T22:00:00Z,15.9,0,71.4,426.67
Peshawar,2023-12-14T00:00:00Z,15.68,0,31.56,417.63
Karachi,2023-12-14T02:00:00Z,27.16,1.87,56.19,387.74
Lahore,2023-12-14T04:00:00Z,30.05,0,48.13,427.06
Islamabad,2023-12-14T06:00:00Z,43.85,5.6,69.13,417.23
Quetta,2023-12-14T08:00:00Z,14.26,3.72,35.41,411.09
Peshawar,2023-12-14T10:00:00Z,20.88,2.87,34.14,410.51
Karachi,2023-12-14T12:00:00Z,38.68,0,51.94,434.39
Lahore,2023-12-14T14:00:00Z,17.87,2.49,40.63,405.41
Islamabad,2023-12-14T16:00:00Z,26.61,9.44,75.63,418.87
Quetta,2023-12-14T18:00:00Z,40.0,9.42,83.69,395.13
Peshawar,2023-12-14T20:00:00Z,21.63,0,54.76,391.0
Karachi,2023-12-14T22:00:00Z,35.72,5.29,44.22,403.85
Lahore,2023-12-15T00:00:00Z,30.34,0,55.48,420.51
Islamabad,2023-12-15T02:00:00Z,34.36,0.86,43.3,397.24
Quetta,2023-12-15T04:00:00Z,22.32,0,79.39,430.26
Peshawar,2023-12-15T06:00:00Z,26.56,4.26,55.82,408.95
Karachi,2023-12-15T08:00:00Z,22.94,1.34,53.27,405.01
Lahore,2023-12-15T10:00:00Z,27.11,7.86,49.86,408.54
Islamabad,2023-12-15T12:00:00Z,34.44,1.02,79.84,427.21
Quetta,2023-12-15T14:00:00Z,13.01,0,57.86,393.22
Peshawar,2023-12-15T16:00:00Z,34.58,2.8,49.77,419.9
Karachi,2023-12-15T18:00:00Z,30.47,15.85,63.96,409.56
Lahore,2023-12-15T20:00:00Z,35.6,5.51,85.55,412.57
Islamabad,2023-12-15T22:00:00Z,25.37,4.87,55.96,429.47
Quetta,2023-12-16T00:00:00Z,31.75,2.3,72.05,410.66
Peshawar,2023-12-16T02:00:00Z,30.58,3.52,53.5,416.49
Karachi,2023-12-16T04:00:00Z,14.44,7.1,87.93,389.06
Lahore,2023-12-16T06:00:00Z,38.54,0,33.65,425.87
Islamabad,2023-12-16T08:00:00Z,18.08,4.28,69.3,410.82
Quetta,2023-12-16T10:00:00Z,14.43,2.27,61.26,401.68
Peshawar,2023-12-16T12:00:00Z,43.02,5.39,32.17,388.8
Karachi,2023-12-16T14:00:00Z,26.79,5.01,37.97,415.87
Lahore,2023-12-16T16:00:00Z,33.69,0,60.8,398.7
Islamabad,2023-12-16T18:00:00Z,30.0,2.53,73.61,409.84
Quetta,2023-12-16T20:00:00Z,11.34,2.37,83.12,407.77
Peshawar,2023-12-16T22:00:00Z,38.31,8.07,53.8,418.45
Karachi,2023-12-17T00:00:00Z,25.84,9.48,56.55,407.66
Lahore,2023-12-17T02:00:00Z,20.4,0,64.65,400.03
Islamabad,2023-12-17T04:00:00Z,41.54,5.23,81.51,407.35
Quetta,2023-12-17T06:00:00Z,6.75,0,85.29,382.69
Peshawar,2023-12-17T08:00:00Z,12.29,7.95,81.14,382.38
Karachi,2023-12-17T10:00:00Z,23.8,3.12,44.2,423.77
Lahore,2023-12-17T12:00:00Z,33.44,6.89,45.5,427.95
Islamabad,2023-12-17T14:00:00Z,33.04,1.74,49.27,415.52
Quetta,2023-12-17T16:00:00Z,19.84,0,67.55,407.68
Peshawar,2023-12-17T18:00:00Z,30.11,0,86.32,414.28
Karachi,2023-12-17T20:00:00Z,27.9,3.08,59.53,429.55
Lahore,2023-12-17T22:00:00Z,34.72,0,49.22,417.43
Islamabad,2023-12-18T00:00:00Z,33.6,0,76.57,418.46
Quetta,2023-12-18T02:00:00Z,22.89,1.61,47.1,376.13
Peshawar,2023-12-18T04:00:00Z,24.54,6.65,45.3,419.66
Karachi,2023-12-18T06:00:00Z,27.69,4.05,33.52,383.65
Lahore,2023-12-18T08:00:00Z,33.03,2.74,87.91,403.77
Islamabad,2023-12-18T10:00:00Z,45.46,0.76,39.68,417.53
Quetta,2023-12-18T12:00:00Z,39.14,0,79.35,415.71
Peshawar,2023-12-18T14:00:00Z,33.37,6.81,67.0,406.41
Karachi,2023-12-18T16:00:00Z,31.78,3.09,34.06,418.21
Lahore,2023-12-18T18:00:00Z,23.81,4.55,33.1,410.61
Islamabad,2023-12-18T20:00:00Z,37.26,0,33.46,400.18
Quetta,2023-12-18T22:00:00Z,28.25,0,54.8,413.15
Peshawar,2023-12-19T00:00:00Z,31.27,0,71.35,381.87
Karachi,2023-12-19T02:00:00Z,17.08,7.68,73.74,399.23
Lahore,2023-12-19T04:00:00Z,31.99,7.09,73.07,404.32
Islamabad,2023-12-19T06:00:00Z,44.23,0,84.19,403.1
Quetta,2023-12-19T08:00:00Z,34.74,3.61,44.73,387.7
Peshawar,2023-12-19T10:00:00Z,28.58,0,77.04,416.88
Karachi,2023-12-19T12:00:00Z,23.69,5.49,55.74,430.89
Lahore,2023-12-19T14:00:00Z,31.79,10.06,43.3,414.58
Islamabad,2023-12-19T16:00:00Z,17.43,5.67,36.03,405.32
Quetta,2023-12-19T18:00:00Z,28.41,6.03,79.02,412.63
Peshawar,2023-12-19T20:00:00Z,38.31,0,60.19,437.38
Karachi,2023-12-19T22:00:00Z,20.91,5.05,43.62,394.02
Lahore,2023-12-20T00:00:00Z,39.71,0,78.34,423.45
Islamabad,2023-12-20T02:00:00Z,21.91,2.72,61.47,421.62
Quetta,2023-12-20T04:00:00Z,24.27,9.13,71.96,399.34
Peshawar,2023-12-20T06:00:00Z,15.52,7.44,45.76,425.12
Karachi,2023-12-20T08:00:00Z,28.86,0,51.74,404.53
Lahore,2023-12-20T10:00:00Z,30.87,5.38,79.5,424.84
Islamabad,2023-12-20T12:00:00Z,27.02,0,60.39,406.13
Quetta,2023-12-20T14:00:00Z,29.18,0,31.48,421.38
Peshawar,2023-12-20T16:00:00Z,26.25,0.91,45.45,407.05
Karachi,2023-12-20T18:00:00Z,36.38,2.71,48.66,406.29
Lahore,2023-12-20T20:00:00Z,28.17,0,78.14,417.25
Islamabad,2023-12-20T22:00:00Z,25.11,3.38,74.4,390.14
Quetta,2023-12-21T00:00:00Z,23.76,0,38.58,419.45
Peshawar,2023-12-21T02:00:00Z,22.21,0,44.37,405.44
Karachi,2023-12-21T04:00:00Z,27.13,0,52.52,391.47
Lahore,2023-12-21T06:00:00Z,27.78,0,48.79,428.7
Islamabad,2023-12-21T08:00:00Z,32.19,4.21,68.41,434.52
Quetta,2023-12-21T10:00:00Z,24.65,0,31.48,439.79
Peshawar,2023-12-21T12:00:00Z,29.57,2.48,47.44,409.16
Karachi,2023-12-21T14:00:00Z,32.07,7.22,89.92,397.01
Lahore,2023-12-21T16:00:00Z,17.27,3.85,69.38,407.04
Islamabad,2023-12-21T18:00:00Z,23.17,4.94,54.66,405.12
Quetta,2023-12-21T20:00:00Z,16.73,2.32,50.82,410.07
Peshawar,2023-12-21T22:00:00Z,24.06,0,71.81,412.49
Karachi,2023-12-22T00:00:00Z,32.66,5.8,55.4,407.8
Lahore,2023-12-22T02:00:00Z,21.98,0,72.15,399.21
Islamabad,2023-12-22T04:00:00Z,16.85,7.13,30.65,411.85
Quetta,2023-12-22T06:00:00Z,27.07,1.74,42.45,415.99
Peshawar,2023-12-22T08:00:00Z,32.17,1.33,77.44,408.79
Karachi,2023-12-22T10:00:00Z,22.01,11.1,81.2,401.7
Lahore,2023-12-22T12:00:00Z,28.67,1.4,72.46,401.37
Islamabad,2023-12-22T14:00:00Z,27.95,0,62.56,399.4
Quetta,2023-12-22T16:00:00Z,28.49,7.39,56.69,419.58
Peshawar,2023-12-22T18:00:00Z,31.32,2.49,70.24,412.74
Karachi,2023-12-22T20:00:00Z,19.82,0,37.26,423.67
Lahore,2023-12-22T22:00:00Z,15.35,8.25,54.76,409.36
Islamabad,2023-12-23T00:00:00Z,22.16,0,54.08,428.34
Quetta,2023-12-23T02:00:00Z,40.28,1.83,87.49,387.65
Peshawar,2023-12-23T04:00:00Z,21.37,4.11,50.0,409.46
Karachi,2023-12-23T06:00:00Z,47.29,9.1,74.76,424.89
Lahore,2023-12-23T08:00:00Z,22.55,0.46,66.78,414.64
Islamabad,2023-12-23T10:00:00Z,29.36,2.03,63.31,407.35
Quetta,2023-12-23T12:00:00Z,25.5,14.2,48.96,399.02
Peshawar,2023-12-23T14:00:00Z,39.09,0,65.35,419.2
Karachi,2023-12-23T16:00:00Z,14.79,4.93,56.56,406.47
Lahore,2023-12-23T18:00:00Z,20.71,3.44,57.45,406.04
Islamabad,2023-12-23T20:00:00Z,25.86,4.43,49.92,387.77
Quetta,2023-12-23T22:00:00Z,23.39,1.44,69.27,428.95
Peshawar,2023-12-24T00:00:00Z,31.47,0.66,44.83,393.44
Karachi,2023-12-24T02:00:00Z,27.03,3.74,40.02,425.91
Lahore,2023-12-24T04:00:00Z,28.99,4.75,40.05,417.58
Islamabad,2023-12-24T06:00:00Z,37.86,0,36.48,391.1
Quetta,2023-12-24T08:00:00Z,25.39,2.57,84.78,425.03
Peshawar,2023-12-24T10:00:00Z,27.95,9.63,63.58,389.24
Karachi,2023-12-24T12:00:00Z,20.92,0,67.22,397.75
Lahore,2023-12-24T14:00:00Z,31.92,5.3,63.19,436.05
Islamabad,2023-12-24T16:00:00Z,36.97,3.19,39.01,400.42
Quetta,2023-12-24T18:00:00Z,23.92,7.13,86.16,418.34
Peshawar,2023-12-24T20:00:00Z,28.61,2.61,61.4,414.87
Karachi,2023-12-24T22:00:00Z,50.98,0,42.12,425.25
Lahore,2023-12-25T00:00:00Z,20.5,0,41.78,408.8
Islamabad,2023-12-25T02:00:00Z,35.93,0,36.19,406.77
Quetta,2023-12-25T04:00:00Z,26.46,1.39,55.39,409.3
Peshawar,2023-12-25T06:00:00Z,23.3,8.81,70.2,409.86
Karachi,2023-12-25T08:00:00Z,35.82,0,78.36,409.84
Lahore,2023-12-25T10:00:00Z,41.53,5.37,65.18,417.66
Islamabad,2023-12-25T12:00:00Z,15.03,2.0,54.19,389.34
Quetta,2023-12-25T14:00:00Z,17.62,0,72.71,406.47
Peshawar,2023-12-25T16:00:00Z,28.33,1.47,78.64,415.86
Karachi,2023-12-25T18:00:00Z,23.54,6.43,71.97,420.27
Lahore,2023-12-25T20:00:00Z,18.77,5.95,68.19,428.86
Islamabad,2023-12-25T22:00:00Z,25.9,11.4,82.26,429.19
Quetta,2023-12-26T00:00:00Z,38.45,0,50.02,437.63
Peshawar,2023-12-26T02:00:00Z,36.14,0,67.14,414.24
Karachi,2023-12-26T04:00:00Z,32.75,5.6,80.07,394.53
Lahore,2023-12-26T06:00:00Z,35.49,0.45,84.39,415.69
Islamabad,2023-12-26T08:00:00Z,20.83,0,45.09,386.44
Quetta,2023-12-26T10:00:00Z,35.69,2.24,68.98,409.88
Peshawar,2023-12-26T12:00:00Z,42.83,3.66,76.63,434.31
Karachi,2023-12-26T14:00:00Z,30.07,4.75,44.36,415.95
Lahore,2023-12-26T16:00:00Z,21.44,3.84,63.13,423.94
Islamabad,2023-12-26T18:00:00Z,27.33,0,77.38,399.88
Quetta,2023-12-26T20:00:00Z,23.33,1.87,74.27,416.22
Peshawar,2023-12-26T22:00:00Z,16.29,1.33,53.62,391.33
Karachi,2023-12-27T00:00:00Z,29.48,0,42.05,394.6
Lahore,2023-12-27T02:00:00Z,25.26,3.35,62.44,395.87
Islamabad,2023-12-27T04:00:00Z,27.95,3.09,84.74,410.22
Quetta,2023-12-27T06:00:00Z,26.53,3.51,42.13,418.64
Peshawar,2023-12-27T08:00:00Z,24.83,0,58.09,409.01
Karachi,2023-12-27T10:00:00Z,19.86,0.89,54.19,420.24
Lahore,2023-12-27T12:00:00Z,25.05,3.25,31.03,422.39
Islamabad,2023-12-27T14:00:00Z,29.83,4.43,30.19,392.8
Quetta,2023-12-27T16:00:00Z,31.35,0,56.85,411.75
Peshawar,2023-12-27T18:00:00Z,27.9,0,85.56,415.12
Karachi,2023-12-27T20:00:00Z,18.93,8.88,36.8,415.76
Lahore,2023-12-27T22:00:00Z,31.07,0,89.0,373.81
Islamabad,2023-12-28T00:00:00Z,45.05,0,76.11,406.79
Quetta,2023-12-28T02:00:00Z,18.37,8.45,46.69,413.42
Peshawar,2023-12-28T04:00:00Z,37.9,4.65,79.78,388.52
Karachi,2023-12-28T06:00:00Z,34.21,12.68,60.91,422.66
Lahore,2023-12-28T08:00:00Z,16.66,0,74.34,427.19
Islamabad,2023-12-28T10:00:00Z,23.06,0.6,89.7,410.56
Quetta,2023-12-28T12:00:00Z,40.88,0,82.67,404.16
Peshawar,2023-12-28T14:00:00Z,27.13,5.97,70.48,386.46
Karachi,2023-12-28T16:00:00Z,30.17,1.29,75.32,380.91
Lahore,2023-12-28T18:00:00Z,24.22,0.15,89.67,418.88
Islamabad,2023-12-28T20:00:00Z,37.99,9.4,32.64,406.21
Quetta,2023-12-28T22:00:00Z,17.21,4.49,85.68,436.17
Peshawar,2023-12-29T00:00:00Z,26.13,0.76,87.95,414.95
Karachi,2023-12-29T02:00:00Z,34.08,0,30.51,390.53
Lahore,2023-12-29T04:00:00Z,26.25,0,72.13,391.8
Islamabad,2023-12-29T06:00:00Z,28.84,0,43.89,450.58
Quetta,2023-12-29T08:00:00Z,30.24,3.76,36.61,418.81
Peshawar,2023-12-29T10:00:00Z,29.92,0,70.79,388.97
Karachi,2023-12-29T12:00:00Z,37.38,1.81,66.31,413.98
Lahore,2023-12-29T14:00:00Z,25.18,5.06,57.05,413.98
Islamabad,2023-12-29T16:00:00Z,23.62,0,83.38,394.38
Quetta,2023-12-29T18:00:00Z,20.64,1.95,41.88,412.77
Peshawar,2023-12-29T20:00:00Z,32.04,6.88,87.85,421.67
Karachi,2023-12-29T22:00:00Z,42.65,0.32,37.37,425.68
Lahore,2023-12-30T00:00:00Z,22.58,0,52.89,384.9
Islamabad,2023-12-30T02:00:00Z,29.49,0.46,68.14,392.15
Quetta,2023-12-30T04:00:00Z,29.92,2.72,77.3,384.74
Peshawar,2023-12-30T06:00:00Z,17.28,0,81.41,422.83
Karachi,2023-12-30T08:00:00Z,27.52,0,38.37,392.33
Lahore,2023-12-30T10:00:00Z,34.17,0,41.22,401.7
Islamabad,2023-12-30T12:00:00Z,30.94,9.25,73.03,371.55
Quetta,2023-12-30T14:00:00Z,30.35,11.03,35.68,398.57
Peshawar,2023-12-30T16:00:00Z,24.83,0.74,71.37,404.95
Karachi,2023-12-30T18:00:00Z,17.89,1.34,55.74,400.63
Lahore,2023-12-30T20:00:00Z,36.89,4.37,44.56,382.67
Islamabad,2023-12-30T22:00:00Z,15.41,0.25,77.21,422.3
Quetta,2023-12-31T00:00:00Z,12.01,2.52,74.39,424.66
Peshawar,2023-12-31T02:00:00Z,31.9,0,32.98,435.51
Karachi,2023-12-31T04:00:00Z,43.57,0.35,67.81,433.33
Lahore,2023-12-31T06:00:00Z,20.38,6.63,61.06,413.76
Islamabad,2023-12-31T08:00:00Z,28.57,3.04,73.54,420.85
Quetta,2023-12-31T10:00:00Z,22.16,2.63,59.83,390.49
Peshawar,2023-12-31T12:00:00Z,36.43,0,70.95,424.18
Karachi,2023-12-31T14:00:00Z,23.24,2.76,63.48,395.05
Lahore,2023-12-31T16:00:00Z,34.77,4.22,45.6,421.16
Islamabad,2023-12-31T18:00:00Z,38.2,8.6,46.32,399.32
Quetta,2023-12-31T20:00:00Z,36.02,7.44,55.13,420.89
Peshawar,2023-12-31T22:00:00Z,21.25,4.61,44.54,404.64
Karachi,2024-01-01T00:00:00Z,16.75,0,40.7,409.38
Lahore,2024-01-01T02:00:00Z,34.03,5.44,89.76,395.43
Islamabad,2024-01-01T04:00:00Z,25.01,8.41,61.05,380.06
Quetta,2024-01-01T06:00:00Z,41.88,3.15,38.84,408.37
Peshawar,2024-01-01T08:00:00Z,28.46,2.01,40.4,401.01
Karachi,2024-01-01T10:00:00Z,26.73,1.41,51.04,401.39
Lahore,2024-01-01T12:00:00Z,40.24,3.34,30.93,421.51
Islamabad,2024-01-01T14:00:00Z,35.33,4.9,43.75,414.62
Quetta,2024-01-01T16:00:00Z,38.2,7.32,64.74,397.2
Peshawar,2024-01-01T18:00:00Z,27.44,0,58.8,380.02
Karachi,2024-01-01T20:00:00Z,35.26,12.05,72.46,428.51
Lahore,2024-01-01T22:00:00Z,40.03,5.17,82.52,371.81
Islamabad,2024-01-02T00:00:00Z,32.23,3.41,66.9,413.26
Quetta,2024-01-02T02:00:00Z,26.84,4.99,79.04,411.78
Peshawar,2024-01-02T04:00:00Z,42.5,7.1,84.64,411.58
Karachi,2024-01-02T06:00:00Z,26.53,0,64.09,437.16
Lahore,2024-01-02T08:00:00Z,29.69,5.32,70.93,377.51
Islamabad,2024-01-02T10:00:00Z,18.77,2.18,67.3,428.63
Quetta,2024-01-02T12:00:00Z,36.21,0,72.5,419.22
Peshawar,2024-01-02T14:00:00Z,27.23,5.58,54.65,414.47
Karachi,2024-01-02T16:00:00Z,42.42,0,35.95,408.37
Lahore,2024-01-02T18:00:00Z,39.99,12.16,34.08,423.54
Islamabad,2024-01-02T20:00:00Z,28.11,0,39.22,416.88
Quetta,2024-01-02T22:00:00Z,19.59,7.43,52.26,399.88
Peshawar,2024-01-03T00:00:00Z,28.17,2.25,54.25,424.76
Karachi,2024-01-03T02:00:00Z,22.52,3.19,40.55,404.13
Lahore,2024-01-03T04:00:00Z,24.92,0,78.23,410.04
Islamabad,2024-01-03T06:00:00Z,25.75,11.16,71.25,414.6
Quetta,2024-01-03T08:00:00Z,35.11,14.29,46.94,406.51
Peshawar,2024-01-03T10:00:00Z,12.64,10.25,86.4,394.58
Karachi,2024-01-03T12:00:00Z,22.07,4.0,80.58,396.23
Lahore,2024-01-03T14:00:00Z,18.29,1.21,44.56,400.91
Islamabad,2024-01-03T16:00:00Z,30.43,7.73,36.66,399.71
Quetta,2024-01-03T18:00:00Z,26.54,0,35.04,411.64
Peshawar,2024-01-03T20:00:00Z,34.45,4.07,45.34,401.19
Karachi,2024-01-03T22:00:00Z,15.59,0,74.61,406.49
Lahore,2024-01-04T00:00:00Z,23.09,12.73,45.2,427.97
Islamabad,2024-01-04T02:00:00Z,32.05,0,46.39,439.05
Quetta,2024-01-04T04:00:00Z,21.93,0,78.47,414.77
Peshawar,2024-01-04T06:00:00Z,34.78,0,59.67,408.69
Karachi,2024-01-04T08:00:00Z,17.8,0,30.66,406.44
Lahore,2024-01-04T10:00:00Z,30.38,2.08,32.77,442.3
Islamabad,2024-01-04T12:00:00Z,24.36,5.07,33.9,412.85
Quetta,2024-01-04T14:00:00Z,29.41,2.27,70.65,430.87
Peshawar,2024-01-04T16:00:00Z,22.85,3.9,39.97,404.9
Karachi,2024-01-04T18:00:00Z,16.81,3.88,63.18,367.04
Lahore,2024-01-04T20:00:00Z,10.94,1.7,58.35,413.17
Islamabad,2024-01-04T22:00:00Z,36.33,2.61,61.78,421.51
Quetta,2024-01-05T00:00:00Z,19.83,3.02,75.76,399.37
Peshawar,2024-01-05T02:00:00Z,19.33,0.14,82.41,410.81
Karachi,2024-01-05T04:00:00Z,12.79,1.63,68.28,404.96
Lahore,2024-01-05T06:00:00Z,33.37,5.23,58.16,400.33
Islamabad,2024-01-05T08:00:00Z,34.4,1.16,38.33,424.36
Quetta,2024-01-05T10:00:00Z,32.48,0.6,88.52,390.12
Peshawar,2024-01-05T12:00:00Z,17.26,2.64,50.89,420.51
Karachi,2024-01-05T14:00:00Z,31.72,1.09,68.24,409.81
Lahore,2024-01-05T16:00:00Z,38.85,2.21,40.05,424.72
Islamabad,2024-01-05T18:00:00Z,12.6,0.82,81.54,397.99
Quetta,2024-01-05T20:00:00Z,28.14,6.35,55.63,413.49
Peshawar,2024-01-05T22:00:00Z,29.48,7.95,88.34,416.78
Karachi,2024-01-06T00:00:00Z,23.71,7.43,69.53,391.26
Lahore,2024-01-06T02:00:00Z,22.59,0,72.29,430.25
Islamabad,2024-01-06T04:00:00Z,30.76,2.92,39.14,426.08
Quetta,2024-01-06T06:00:00Z,22.26,6.92,84.86,416.21
Peshawar,2024-01-06T08:00:00Z,28.45,0,69.6,401.73
Karachi,2024-01-06T10:00:00Z,23.26,3.56,34.36,416.27
Lahore,2024-01-06T12:00:00Z,28.25,0,66.38,412.61
Islamabad,2024-01-06T14:00:00Z,23.05,0,39.37,384.77
Quetta,2024-01-06T16:00:00Z,23.62,0,32.86,429.8
Peshawar,2024-01-06T18:00:00Z,35.6,0,70.2,396.52
Karachi,2024-01-06T20:00:00Z,36.72,0,80.04,415.56
Lahore,2024-01-06T22:00:00Z,36.73,0.3,39.64,407.1
Islamabad,2024-01-07T00:00:00Z,29.16,1.32,54.44,419.87
Quetta,2024-01-07T02:00:00Z,42.06,0,89.35,429.03
Peshawar,2024-01-07T04:00:00Z,27.5,2.43,37.95,397.45
Karachi,2024-01-07T06:00:00Z,36.3,0.72,35.72,409.13
Lahore,2024-01-07T08:00:00Z,20.87,3.59,42.41,409.2
Islamabad,2024-01-07T10:00:00Z,29.99,3.68,51.24,424.34
Quetta,2024-01-07T12:00:00Z,22.18,5.03,81.91,424.42
Peshawar,2024-01-07T14:00:00Z,23.27,9.89,59.53,395.07
Karachi,2024-01-07T16:00:00Z,36.61,0,71.52,427.87
Lahore,2024-01-07T18:00:00Z,33.85,0,32.51,437.7
Islamabad,2024-01-07T20:00:00Z,29.87,0,77.51,419.52
Quetta,2024-01-07T22:00:00Z,25.97,2.03,70.43,402.84
Peshawar,2024-01-08T00:00:00Z,35.68,4.94,70.36,426.16
Karachi,2024-01-08T02:00:00Z,39.33,0,69.78,416.08
Lahore,2024-01-08T04:00:00Z,27.51,3.31,30.84,415.77
Islamabad,2024-01-08T06:00:00Z,20.24,2.17,51.79,410.08
Quetta,2024-01-08T08:00:00Z,22.73,6.8,56.57,403.55
Peshawar,2024-01-08T10:00:00Z,22.76,2.57,64.82,432.56
Karachi,2024-01-08T12:00:00Z,16.39,7.36,76.15,409.92
Lahore,2024-01-08T14:00:00Z,28.06,5.43,53.7,419.56
Islamabad,2024-01-08T16:00:00Z,28.38,4.4,31.14,420.34
Quetta,2024-01-08T18:00:00Z,16.26,2.95,36.87,394.04
Peshawar,2024-01-08T20:00:00Z,20.49,0,88.59,431.18
Karachi,2024-01-08T22:00:00Z,29.75,0,64.03,400.08
Lahore,2024-01-09T00:00:00Z,25.31,3.93,69.26,428.41
Islamabad,2024-01-09T02:00:00Z,28.5,4.9,42.9,398.02
Quetta,2024-01-09T04:00:00Z,22.24,8.38,44.75,428.9
Peshawar,2024-01-09T06:00:00Z,22.44,0,37.75,422.74
Karachi,2024-01-09T08:00:00Z,33.39,13.16,67.63,419.23
Lahore,2024-01-09T10:00:00Z,37.6,5.9,63.0,417.31
Islamabad,2024-01-09T12:00:00Z,25.76,5.59,53.41,401.52
Quetta,2024-01-09T14:00:00Z,27.6,4.23,46.27,418.7
Peshawar,2024-01-09T16:00:00Z,30.69,0,31.47,411.63
Karachi,2024-01-09T18:00:00Z,11.23,0.91,50.41,407.92
Lahore,2024-01-09T20:00:00Z,32.47,8.71,36.54,436.41
Islamabad,2024-01-09T22:00:00Z,23.45,2.15,51.83,399.92
Quetta,2024-01-10T00:00:00Z,29.84,2.16,61.21,417.21
Peshawar,2024-01-10T02:00:00Z,31.78,1.86,70.6,413.02
Karachi,2024-01-10T04:00:00Z,28.2,0,32.8,415.54
Lahore,2024-01-10T06:00:00Z,29.81,3.74,56.06,431.42
Islamabad,2024-01-10T08:00:00Z,29.6,0.03,68.43,396.82
Quetta,2024-01-10T10:00:00Z,27.73,0,80.07,386.12
Peshawar,2024-01-10T12:00:00Z,31.82,0,32.26,407.39
Karachi,2024-01-10T14:00:00Z,21.87,4.58,36.04,367.78
Lahore,2024-01-10T16:00:00Z,24.1,0,87.27,416.0
Islamabad,2024-01-10T18:00:00Z,33.63,11.65,81.93,426.76
Quetta,2024-01-10T20:00:00Z,27.25,7.4,83.78,411.57
Peshawar,2024-01-10T22:00:00Z,49.6,0,31.61,428.62
Karachi,2024-01-11T00:00:00Z,28.52,10.15,46.11,425.77
Lahore,2024-01-11T02:00:00Z,28.14,0,30.41,418.76
Islamabad,2024-01-11T04:00:00Z,28.21,0,73.2,429.26
Quetta,2024-01-11T06:00:00Z,24.89,0,87.57,406.83
Peshawar,2024-01-11T08:00:00Z,19.71,1.66,82.04,401.64
Karachi,2024-01-11T10:00:00Z,31.38,3.35,52.32,408.2
Lahore,2024-01-11T12:00:00Z,29.72,0.41,43.09,428.48
Islamabad,2024-01-11T14:00:00Z,34.74,3.74,44.62,395.03
Quetta,2024-01-11T16:00:00Z,33.05,5.81,57.74,396.07
Peshawar,2024-01-11T18:00:00Z,43.29,5.09,73.93,401.05
Karachi,2024-01-11T20:00:00Z,26.02,0.23,56.48,396.19
Lahore,2024-01-11T22:00:00Z,25.61,1.3,87.52,403.28
Islamabad,2024-01-12T00:00:00Z,32.99,6.89,75.16,407.77
Quetta,2024-01-12T02:00:00Z,34.48,0,89.77,431.02
Peshawar,2024-01-12T04:00:00Z,24.54,0,43.74,401.17
Karachi,2024-01-12T06:00:00Z,37.07,1.88,43.45,424.2
Lahore,2024-01-12T08:00:00Z,25.65,1.1,55.22,428.33
Islamabad,2024-01-12T10:00:00Z,28.47,3.02,81.65,426.27
Quetta,2024-01-12T12:00:00Z,38.74,0,82.84,399.57
Peshawar,2024-01-12T14:00:00Z,40.33,2.91,85.17,423.17
Karachi,2024-01-12T16:00:00Z,22.78,3.55,59.14,403.76
Lahore,2024-01-12T18:00:00Z,26.63,0,47.95,376.7
Islamabad,2024-01-12T20:00:00Z,20.17,0,53.86,404.73
Quetta,2024-01-12T22:00:00Z,24.73,0,40.54,415.99
Peshawar,2024-01-13T00:00:00Z,26.67,1.88,56.34,412.04
Karachi,2024-01-13T02:00:00Z,28.64,0.99,46.55,411.36
Lahore,2024-01-13T04:00:00Z,25.3,0,77.23,413.75
Islamabad,2024-01-13T06:00:00Z,29.5,1.14,58.12,405.71
Quetta,2024-01-13T08:00:00Z,26.24,17.31,36.39,400.81
Peshawar,2024-01-13T10:00:00Z,29.97,0,68.07,404.8
Karachi,2024-01-13T12:00:00Z,6.28,0.01,38.35,420.39
Lahore,2024-01-13T14:00:00Z,30.76,8.04,80.76,397.61
Islamabad,2024-01-13T16:00:00Z,51.44,4.96,81.77,424.48
Quetta,2024-01-13T18:00:00Z,26.68,10.74,69.35,435.94
Peshawar,2024-01-13T20:00:00Z,36.35,4.33,65.89,410.11
Karachi,2024-01-13T22:00:00Z,34.59,5.74,55.06,414.99
Lahore,2024-01-14T00:00:00Z,31.12,6.32,45.22,399.7
Islamabad,2024-01-14T02:00:00Z,10.36,0,53.32,425.57
Quetta,2024-01-14T04:00:00Z,35.23,4.66,79.61,419.86
Peshawar,2024-01-14T06:00:00Z,22.88,0,52.07,424.26
Karachi,2024-01-14T08:00:00Z,26.98,1.56,48.04,413.34
Lahore,2024-01-14T10:00:00Z,36.75,3.79,86.74,406.45
Islamabad,2024-01-14T12:00:00Z,28.46,2.22,47.89,395.65
Quetta,2024-01-14T14:00:00Z,34.63,3.08,84.9,409.24
Peshawar,2024-01-14T16:00:00Z,22.45,0,38.51,406.76
Karachi,2024-01-14T18:00:00Z,40.19,4.03,52.0,400.11
Lahore,2024-01-14T20:00:00Z,30.89,2.53,67.45,420.92
Islamabad,2024-01-14T22:00:00Z,22.15,0,43.29,390.71
Quetta,2024-01-15T00:00:00Z,27.04,10.27,36.92,385.24
Peshawar,2024-01-15T02:00:00Z,18.93,0,74.13,415.27
Karachi,2024-01-15T04:00:00Z,9.38,0,54.22,398.43
Lahore,2024-01-15T06:00:00Z,29.12,2.58,79.58,417.76
Islamabad,2024-01-15T08:00:00Z,38.99,0,85.99,385.46
Quetta,2024-01-15T10:00:00Z,30.89,1.19,50.69,394.13
Peshawar,2024-01-15T12:00:00Z,31.94,9.24,38.4,417.43
Karachi,2024-01-15T14:00:00Z,21.13,5.54,77.15,415.02
Lahore,2024-01-15T16:00:00Z,20.1,0,59.85,396.41
Islamabad,2024-01-15T18:00:00Z,24.01,0,67.49,410.08
Quetta,2024-01-15T20:00:00Z,30.75,6.11,45.45,406.49
Peshawar,2024-01-15T22:00:00Z,32.19,8.46,40.9,391.94
Karachi,2024-01-16T00:00:00Z,21.34,1.17,33.52,419.44
Lahore,2024-01-16T02:00:00Z,24.39,8.27,40.22,410.8
Islamabad,2024-01-16T04:00:00Z,29.4,5.16,65.17,437.72
Quetta,2024-01-16T06:00:00Z,18.91,13.26,38.15,410.68
Peshawar,2024-01-16T08:00:00Z,34.69,0.43,63.53,419.1
Karachi,2024-01-16T10:00:00Z,9.3,4.51,30.89,384.5
Lahore,2024-01-16T12:00:00Z,31.22,2.66,44.63,397.4
Islamabad,2024-01-16T14:00:00Z,24.82,0,53.88,409.38
Quetta,2024-01-16T16:00:00Z,29.34,0,47.6,400.15
Peshawar,2024-01-16T18:00:00Z,26.96,0,78.89,445.02
Karachi,2024-01-16T20:00:00Z,30.06,0,31.15,384.76
Lahore,2024-01-16T22:00:00Z,21.86,0,78.34,401.15
Islamabad,2024-01-17T00:00:00Z,31.72,9.58,85.14,396.16
Quetta,2024-01-17T02:00:00Z,27.03,0.96,45.76,401.89
Peshawar,2024-01-17T04:00:00Z,30.11,1.12,32.31,406.21
Karachi,2024-01-17T06:00:00Z,18.75,0,55.54,424.3
Lahore,2024-01-17T08:00:00Z,21.55,0,81.77,415.76
Islamabad,2024-01-17T10:00:00Z,34.53,0,59.81,421.1
Quetta,2024-01-17T12:00:00Z,30.89,0,78.34,398.92
Peshawar,2024-01-17T14:00:00Z,21.63,1.16,69.19,418.79
Karachi,2024-01-17T16:00:00Z,19.94,0.85,68.2,403.06
Lahore,2024-01-17T18:00:00Z,20.17,3.19,30.51,403.64
Islamabad,2024-01-17T20:00:00Z,24.21,0,39.09,400.68
Quetta,2024-01-17T22:00:00Z,30.14,1.76,47.58,403.75
Peshawar,2024-01-18T00:00:00Z,10.88,0,44.85,409.55
Karachi,2024-01-18T02:00:00Z,25.19,0,53.62,422.58
Lahore,2024-01-18T04:00:00Z,35.89,0,48.27,399.52
Islamabad,2024-01-18T06:00:00Z,31.74,0,54.7,384.46
Quetta,2024-01-18T08:00:00Z,34.57,6.66,77.22,421.48
Peshawar,2024-01-18T10:00:00Z,33.3,3.06,44.52,441.22
Karachi,2024-01-18T12:00:00Z,34.87,0.24,73.93,409.5
Lahore,2024-01-18T14:00:00Z,20.6,7.15,76.64,412.74
Islamabad,2024-01-18T16:00:00Z,39.64,0.19,81.22,385.74
Quetta,2024-01-18T18:00:00Z,32.15,3.57,32.05,403.71
Peshawar,2024-01-18T20:00:00Z,35.25,1.74,45.03,411.03
Karachi,2024-01-18T22:00:00Z,21.24,5.82,39.09,435.22
Lahore,2024-01-19T00:00:00Z,31.59,0,40.18,403.69
Islamabad,2024-01-19T02:00:00Z,18.62,1.62,64.57,410.71
Quetta,2024-01-19T04:00:00Z,22.29,4.02,87.08,411.83
Peshawar,2024-01-19T06:00:00Z,26.45,0,44.08,395.29
Karachi,2024-01-19T08:00:00Z,36.33,5.0,56.77,395.85
Lahore,2024-01-19T10:00:00Z,24.47,6.95,57.34,444.93
Islamabad,2024-01-19T12:00:00Z,18.71,0,75.94,419.89
Quetta,2024-01-19T14:00:00Z,34.73,0.44,68.08,413.56
Peshawar,2024-01-19T16:00:00Z,25.07,0,79.23,425.39
Karachi,2024-01-19T18:00:00Z,24.93,12.04,58.91,428.11
Lahore,2024-01-19T20:00:00Z,29.41,3.58,33.93,406.54
Islamabad,2024-01-19T22:00:00Z,31.61,5.52,72.96,374.99
Quetta,2024-01-20T00:00:00Z,10.64,0,72.74,420.58
Peshawar,2024-01-20T02:00:00Z,45.18,4.04,82.34,412.64
Karachi,2024-01-20T04:00:00Z,5.46,5.31,52.48,415.37
Lahore,2024-01-20T06:00:00Z,26.64,0,56.24,392.09
Islamabad,2024-01-20T08:00:00Z,24.04,1.42,76.42,398.12
Quetta,2024-01-20T10:00:00Z,29.99,0,47.43,400.22
Peshawar,2024-01-20T12:00:00Z,34.53,9.67,70.79,390.59
Karachi,2024-01-20T14:00:00Z,30.73,0,89.31,366.28
Lahore,2024-01-20T16:00:00Z,21.38,1.43,53.99,388.16
Islamabad,2024-01-20T18:00:00Z,20.21,0,76.11,401.26
Quetta,2024-01-20T20:00:00Z,32.92,8.07,55.17,405.74
Peshawar,2024-01-20T22:00:00Z,27.66,0,61.27,404.05
Karachi,2024-01-21T00:00:00Z,25.43,0,49.42,429.0
Lahore,2024-01-21T02:00:00Z,17.4,9.75,77.8,442.16
Islamabad,2024-01-21T04:00:00Z,18.96,0,64.38,418.47
Quetta,2024-01-21T06:00:00Z,49.41,0,58.02,408.29
Peshawar,2024-01-21T08:00:00Z,24.97,1.72,47.68,392.83
Karachi,2024-01-21T10:00:00Z,37.9,8.74,49.35,423.81
Lahore,2024-01-21T12:00:00Z,22.93,0,51.09,391.1
Islamabad,2024-01-21T14:00:00Z,39.96,0,40.28,423.01
Quetta,2024-01-21T16:00:00Z,15.77,2.38,74.01,404.76
Peshawar,2024-01-21T18:00:00Z,32.96,2.42,63.46,411.8
Karachi,2024-01-21T20:00:00Z,13.77,9.8,79.8,404.6
Lahore,2024-01-21T22:00:00Z,21.07,2.97,79.59,401.97
Islamabad,2024-01-22T00:00:00Z,26.39,0,85.3,430.98
Quetta,2024-01-22T02:00:00Z,14.8,0,83.8,388.41
Peshawar,2024-01-22T04:00:00Z,18.99,6.67,73.19,408.22
Karachi,2024-01-22T06:00:00Z,35.11,2.29,63.8,411.96
Lahore,2024-01-22T08:00:00Z,29.58,8.26,82.26,396.94
Islamabad,2024-01-22T10:00:00Z,29.56,6.94,84.11,419.55
Quetta,2024-01-22T12:00:00Z,15.09,4.76,31.41,433.36
Peshawar,2024-01-22T14:00:00Z,26.36,0,38.72,410.59
Karachi,2024-01-22T16:00:00Z,26.81,0,39.71,424.2
Lahore,2024-01-22T18:00:00Z,27.34,2.86,50.79,439.51
Islamabad,2024-01-22T20:00:00Z,16.96,0,88.86,420.68
Quetta,2024-01-22T22:00:00Z,24.5,0,63.82,397.72
Peshawar,2024-01-23T00:00:00Z,15.64,4.44,55.8,401.37
Karachi,2024-01-23T02:00:00Z,35.68,7.21,52.59,436.79
Lahore,2024-01-23T04:00:00Z,12.76,1.11,83.59,378.95
Islamabad,2024-01-23T06:00:00Z,29.47,3.39,81.64,424.06
Quetta,2024-01-23T08:00:00Z,14.54,4.49,89.61,397.67
Peshawar,2024-01-23T10:00:00Z,41.06,5.63,58.59,383.12
Karachi,2024-01-23T12:00:00Z,41.21,1.2,46.26,401.56
Lahore,2024-01-23T14:00:00Z,30.55,5.16,71.79,387.2
Islamabad,2024-01-23T16:00:00Z,35.38,0.01,87.33,400.41
Quetta,2024-01-23T18:00:00Z,23.71,4.72,34.08,406.81
Peshawar,2024-01-23T20:00:00Z,27.71,0,87.46,410.9
Karachi,2024-01-23T22:00:00Z,26.38,10.1,67.93,385.35
Lahore,2024-01-24T00:00:00Z,24.43,1.97,38.53,423.43
Islamabad,2024-01-24T02:00:00Z,34.35,6.65,30.12,420.15
Quetta,2024-01-24T04:00:00Z,33.59,0,53.43,408.92
Peshawar,2024-01-24T06:00:00Z,27.35,5.82,55.97,428.75
Karachi,2024-01-24T08:00:00Z,33.93,2.01,70.83,417.95
Lahore,2024-01-24T10:00:00Z,18.3,0,79.99,409.32
Islamabad,2024-01-24T12:00:00Z,34.74,5.74,57.46,415.77
Quetta,2024-01-24T14:00:00Z,29.48,4.93,61.96,410.69
Peshawar,2024-01-24T16:00:00Z,31.47,1.03,62.86,422.26
Karachi,2024-01-24T18:00:00Z,20.27,0,80.84,416.95
Lahore,2024-01-24T20:00:00Z,19.49,6.67,30.79,405.4
Islamabad,2024-01-24T22:00:00Z,28.81,8.96,58.79,408.42
Quetta,2024-01-25T00:00:00Z,28.0,8.27,60.95,420.18
Peshawar,2024-01-25T02:00:00Z,32.06,3.35,55.72,400.39
Karachi,2024-01-25T04:00:00Z,23.34,0.64,44.13,390.08
Lahore,2024-01-25T06:00:00Z,25.72,7.27,61.84,405.66
Islamabad,2024-01-25T08:00:00Z,24.32,6.78,38.82,407.02
Quetta,2024-01-25T10:00:00Z,32.92,2.71,32.22,442.76
Peshawar,2024-01-25T12:00:00Z,33.91,0,49.94,413.51
Karachi,2024-01-25T14:00:00Z,21.54,6.95,37.84,414.12
Lahore,2024-01-25T16:00:00Z,21.36,11.29,89.14,409.14
Islamabad,2024-01-25T18:00:00Z,19.86,6.07,48.72,379.95
Quetta,2024-01-25T20:00:00Z,43.62,0,40.5,404.04
Peshawar,2024-01-25T22:00:00Z,31.25,3.08,42.56,397.04
Karachi,2024-01-26T00:00:00Z,14.9,2.37,47.64,408.25
Lahore,2024-01-26T02:00:00Z,37.0,0,78.08,426.11
Islamabad,2024-01-26T04:00:00Z,24.2,0,76.23,430.27
Quetta,2024-01-26T06:00:00Z,28.19,0,51.05,434.94
Peshawar,2024-01-26T08:00:00Z,27.72,0,57.64,409.67
Karachi,2024-01-26T10:00:00Z,24.7,13.61,50.96,393.61
Lahore,2024-01-26T12:00:00Z,25.1,0,35.02,413.56
Islamabad,2024-01-26T14:00:00Z,33.44,0,45.96,409.25
Quetta,2024-01-26T16:00:00Z,30.31,0,36.18,403.68
Peshawar,2024-01-26T18:00:00Z,23.23,0,51.07,445.51
Karachi,2024-01-26T20:00:00Z,34.26,2.12,41.93,400.01
Lahore,2024-01-26T22:00:00Z,32.65,0.21,73.81,421.77
Islamabad,2024-01-27T00:00:00Z,24.56,4.77,60.74,408.07
Quetta,2024-01-27T02:00:00Z,25.51,2.75,35.13,397.08
Peshawar,2024-01-27T04:00:00Z,16.82,0,89.37,411.1
Karachi,2024-01-27T06:00:00Z,20.93,0,74.55,402.42
Lahore,2024-01-27T08:00:00Z,28.45,3.09,86.5,373.67
Islamabad,2024-01-27T10:00:00Z,31.15,0,33.42,407.32
Quetta,2024-01-27T12:00:00Z,34.95,0,45.29,415.64
Peshawar,2024-01-27T14:00:00Z,18.69,0,78.35,384.91
Karachi,2024-01-27T16:00:00Z,20.59,3.09,87.29,454.23
Lahore,2024-01-27T18:00:00Z,28.72,1.33,42.91,411.88
Islamabad,2024-01-27T20:00:00Z,26.5,0,33.46,399.98
Quetta,2024-01-27T22:00:00Z,17.52,0.75,53.14,431.29
Peshawar,2024-01-28T00:00:00Z,18.32,6.77,87.83,417.93
Karachi,2024-01-28T02:00:00Z,28.69,2.37,83.29,396.88
Lahore,2024-01-28T04:00:00Z,40.76,0,36.07,403.42
Islamabad,2024-01-28T06:00:00Z,22.96,4.39,74.16,409.87
Quetta,2024-01-28T08:00:00Z,13.51,2.79,34.77,374.81
Peshawar,2024-01-28T10:00:00Z,25.04,9.27,54.91,447.82
Karachi,2024-01-28T12:00:00Z,27.58,0.66,50.22,424.04
Lahore,2024-01-28T14:00:00Z,26.55,2.53,44.26,404.54
Islamabad,2024-01-28T16:00:00Z,30.6,7.19,36.65,382.9
Quetta,2024-01-28T18:00:00Z,31.72,0.2,36.12,386.08
Peshawar,2024-01-28T20:00:00Z,29.81,2.01,85.57,421.19
Karachi,2024-01-28T22:00:00Z,19.3,1.22,70.54,442.08
Lahore,2024-01-29T00:00:00Z,29.13,0,32.36,395.15
Islamabad,2024-01-29T02:00:00Z,27.18,1.91,58.17,432.7
Quetta,2024-01-29T04:00:00Z,19.35,8.53,71.39,380.6
Peshawar,2024-01-29T06:00:00Z,22.86,6.09,80.29,430.51
Karachi,2024-01-29T08:00:00Z,11.63,0,86.91,417.74
Lahore,2024-01-29T10:00:00Z,10.24,2.09,83.6,415.87
Islamabad,2024-01-29T12:00:00Z,37.73,2.01,50.38,402.49
Quetta,2024-01-29T14:00:00Z,23.74,5.03,88.54,402.67
Peshawar,2024-01-29T16:00:00Z,38.96,4.18,41.29,409.05
Karachi,2024-01-29T18:00:00Z,31.29,0,53.84,384.85
Lahore,2024-01-29T20:00:00Z,36.13,0.92,39.63,428.12
Islamabad,2024-01-29T22:00:00Z,25.08,0,80.2,419.34
Quetta,2024-01-30T00:00:00Z,19.91,9.7,75.32,391.17
Peshawar,2024-01-30T02:00:00Z,21.68,2.86,42.47,384.48
Karachi,2024-01-30T04:00:00Z,18.27,0,43.18,420.02
Lahore,2024-01-30T06:00:00Z,23.66,0,63.2,433.94
Islamabad,2024-01-30T08:00:00Z,30.72,0,50.11,417.5
Quetta,2024-01-30T10:00:00Z,26.81,0,47.2,416.3
Peshawar,2024-01-30T12:00:00Z,15.97,2.53,46.9,401.28
Karachi,2024-01-30T14:00:00Z,26.96,1.41,40.22,406.55
Lahore,2024-01-30T16:00:00Z,37.15,1.96,53.04,420.68
Islamabad,2024-01-30T18:00:00Z,33.41,2.38,44.6,394.94
Quetta,2024-01-30T20:00:00Z,39.64,4.14,76.77,420.04
Peshawar,2024-01-30T22:00:00Z,39.63,14.12,87.88,435.8
Karachi,2024-01-31T00:00:00Z,25.82,0,81.01,425.67
Lahore,2024-01-31T02:00:00Z,26.61,0,36.17,423.95
Islamabad,2024-01-31T04:00:00Z,18.64,3.12,70.63,402.07
Quetta,2024-01-31T06:00:00Z,16.87,6.71,48.19,393.16
Peshawar,2024-01-31T08:00:00Z,19.82,10.88,70.64,411.56
Karachi,2024-01-31T10:00:00Z,11.63,6.8,30.82,380.41
Lahore,2024-01-31T12:00:00Z,28.77,4.25,48.09,405.05
Islamabad,2024-01-31T14:00:00Z,23.19,0,50.48,404.23
Quetta,2024-01-31T16:00:00Z,18.34,0,50.22,417.47
Peshawar,2024-01-31T18:00:00Z,20.79,0.78,40.53,434.34
Karachi,2024-01-31T20:00:00Z,34.6,11.07,64.23,412.74
Lahore,2024-01-31T22:00:00Z,41.0,3.16,73.07,433.88
Islamabad,2024-02-01T00:00:00Z,36.24,0,41.77,406.18
Quetta,2024-02-01T02:00:00Z,25.4,2.42,69.87,425.59
Peshawar,2024-02-01T04:00:00Z,27.42,1.85,58.27,386.72
Karachi,2024-02-01T06:00:00Z,27.53,12.91,33.73,411.41
Lahore,2024-02-01T08:00:00Z,27.06,4.12,80.48,374.53
Islamabad,2024-02-01T10:00:00Z,39.11,0,47.14,423.07
Quetta,2024-02-01T12:00:00Z,34.25,4.36,60.97,418.76
Peshawar,2024-02-01T14:00:00Z,30.12,1.68,44.18,415.84
Karachi,2024-02-01T16:00:00Z,27.99,0,70.21,426.29
Lahore,2024-02-01T18:00:00Z,23.46,0,85.88,420.75
Islamabad,2024-02-01T20:00:00Z,31.67,9.44,46.19,410.77
Quetta,2024-02-01T22:00:00Z,39.98,0,38.77,427.76
Peshawar,2024-02-02T00:00:00Z,33.63,3.43,48.88,396.93
Karachi,2024-02-02T02:00:00Z,17.5,6.7,55.95,401.04
Lahore,2024-02-02T04:00:00Z,25.07,0,60.24,415.24
Islamabad,2024-02-02T06:00:00Z,15.25,0,45.29,396.01
Quetta,2024-02-02T08:00:00Z,36.23,0,65.5,432.97
Peshawar,2024-02-02T10:00:00Z,24.9,3.2,51.94,411.65
Karachi,2024-02-02T12:00:00Z,38.22,0,68.49,421.79
Lahore,2024-02-02T14:00:00Z,41.09,6.72,72.65,413.32
Islamabad,2024-02-02T16:00:00Z,20.34,7.91,41.85,407.53
Quetta,2024-02-02T18:00:00Z,22.15,2.84,33.17,435.39
Peshawar,2024-02-02T20:00:00Z,19.36,0,55.58,416.49
Karachi,2024-02-02T22:00:00Z,30.04,5.46,65.34,388.62
Lahore,2024-02-03T00:00:00Z,10.84,3.74,81.31,427.48
Islamabad,2024-02-03T02:00:00Z,29.85,0,60.18,373.43
Quetta,2024-02-03T04:00:00Z,39.67,4.75,83.69,381.18
Peshawar,2024-02-03T06:00:00Z,53.92,2.55,70.48,419.1
Karachi,2024-02-03T08:00:00Z,29.95,1.58,84.53,447.52
Lahore,2024-02-03T10:00:00Z,27.23,4.68,87.11,385.55
Islamabad,2024-02-03T12:00:00Z,17.32,5.55,55.69,428.8
Quetta,2024-02-03T14:00:00Z,31.01,0,39.93,412.78
Peshawar,2024-02-03T16:00:00Z,29.45,8.72,30.41,411.34
Karachi,2024-02-03T18:00:00Z,27.39,0,84.26,390.81
Lahore,2024-02-03T20:00:00Z,37.73,3.36,86.12,401.1
Islamabad,2024-02-03T22:00:00Z,14.81,0,58.4,416.76
Quetta,2024-02-04T00:00:00Z,35.69,0,84.77,383.96
Peshawar,2024-02-04T02:00:00Z,37.53,0,47.75,422.35
Karachi,2024-02-04T04:00:00Z,32.71,5.49,39.78,415.42
Lahore,2024-02-04T06:00:00Z,26.49,2.35,59.25,414.86
Islamabad,2024-02-04T08:00:00Z,24.95,1.21,77.79,379.49
Quetta,2024-02-04T10:00:00Z,16.64,0.34,76.42,405.27
Peshawar,2024-02-04T12:00:00Z,24.1,10.76,70.01,406.75
Karachi,2024-02-04T14:00:00Z,25.03,0,66.24,426.11
Lahore,2024-02-04T16:00:00Z,26.63,0,45.42,428.78
Islamabad,2024-02-04T18:00:00Z,23.86,2.81,43.73,392.16
Quetta,2024-02-04T20:00:00Z,18.08,1.13,57.07,409.08
Peshawar,2024-02-04T22:00:00Z,26.15,0,86.64,404.53
Karachi,2024-02-05T00:00:00Z,18.8,11.21,51.33,402.45
Lahore,2024-02-05T02:00:00Z,24.76,6.54,38.16,414.08
Islamabad,2024-02-05T04:00:00Z,39.41,5.21,54.35,405.84
Quetta,2024-02-05T06:00:00Z,23.64,2.09,70.86,416.37
Peshawar,2024-02-05T08:00:00Z,28.73,4.94,58.39,416.86
Karachi,2024-02-05T10:00:00Z,24.57,6.62,74.34,410.28
Lahore,2024-02-05T12:00:00Z,14.8,3.62,48.5,462.76
Islamabad,2024-02-05T14:00:00Z,24.75,9.3,67.1,397.33
Quetta,2024-02-05T16:00:00Z,35.01,6.36,45.66,397.73
Peshawar,2024-02-05T18:00:00Z,34.15,3.93,72.4,416.68
Karachi,2024-02-05T20:00:00Z,21.47,0,45.47,414.78
Lahore,2024-02-05T22:00:00Z,32.95,5.91,39.87,406.34
Islamabad,2024-02-06T00:00:00Z,40.52,0,87.3,430.35
Quetta,2024-02-06T02:00:00Z,28.42,1.0,74.28,392.58
Peshawar,2024-02-06T04:00:00Z,18.55,9.37,67.93,409.82
Karachi,2024-02-06T06:00:00Z,27.47,1.16,31.61,386.52
Lahore,2024-02-06T08:00:00Z,36.26,4.95,82.04,408.81
Islamabad,2024-02-06T10:00:00Z,27.5,4.42,43.21,399.2
Quetta,2024-02-06T12:00:00Z,25.1,6.99,44.59,407.26
Peshawar,2024-02-06T14:00:00Z,28.95,0,40.37,391.45
Karachi,2024-02-06T16:00:00Z,33.62,9.24,84.12,405.49
Lahore,2024-02-06T18:00:00Z,30.34,2.41,31.33,416.03
Islamabad,2024-02-06T20:00:00Z,27.78,3.5,86.03,413.74
Quetta,2024-02-06T22:00:00Z,34.57,4.11,71.2,387.62
Peshawar,2024-02-07T00:00:00Z,31.74,0,32.26,431.23
Karachi,2024-02-07T02:00:00Z,18.72,0,77.41,418.22
Lahore,2024-02-07T04:00:00Z,16.54,3.95,79.53,384.41
Islamabad,2024-02-07T06:00:00Z,40.16,3.33,75.06,402.92
Quetta,2024-02-07T08:00:00Z,36.29,5.24,39.88,418.3
Peshawar,2024-02-07T10:00:00Z,31.98,0,66.34,391.09
Karachi,2024-02-07T12:00:00Z,31.7,5.71,79.51,400.83
Lahore,2024-02-07T14:00:00Z,24.53,0,63.19,402.94
Islamabad,2024-02-07T16:00:00Z,26.33,0.53,76.28,417.39
Quetta,2024-02-07T18:00:00Z,31.85,8.04,63.26,417.04
Peshawar,2024-02-07T20:00:00Z,37.14,3.05,40.15,414.79
Karachi,2024-02-07T22:00:00Z,40.57,3.95,86.54,396.25
Lahore,2024-02-08T00:00:00Z,36.34,3.06,32.36,421.65
Islamabad,2024-02-08T02:00:00Z,27.46,0,72.72,415.33
Quetta,2024-02-08T04:00:00Z,20.8,2.22,74.61,394.84
Peshawar,2024-02-08T06:00:00Z,22.47,14.88,38.88,423.19
Karachi,2024-02-08T08:00:00Z,37.6,0,40.52,429.44
Lahore,2024-02-08T10:00:00Z,29.3,5.81,59.68,433.16
Islamabad,2024-02-08T12:00:00Z,29.34,0,72.27,412.08
Quetta,2024-02-08T14:00:00Z,25.86,0.8,84.82,404.28
Peshawar,2024-02-08T16:00:00Z,23.74,1.75,42.87,430.19
Karachi,2024-02-08T18:00:00Z,21.21,2.27,41.83,399.41
Lahore,2024-02-08T20:00:00Z,19.01,2.92,75.02,412.36
Islamabad,2024-02-08T22:00:00Z,10.05,0,41.94,415.61
Quetta,2024-02-09T00:00:00Z,26.28,0,31.11,439.31
Peshawar,2024-02-09T02:00:00Z,29.31,7.23,37.94,403.18
Karachi,2024-02-09T04:00:00Z,30.07,7.26,83.89,402.7
Lahore,2024-02-09T06:00:00Z,30.56,4.85,51.52,416.85
Islamabad,2024-02-09T08:00:00Z,20.06,0,59.85,400.04
Quetta,2024-02-09T10:00:00Z,29.82,6.42,52.9,414.98
Peshawar,2024-02-09T12:00:00Z,53.62,9.6,81.82,416.34
Karachi,2024-02-09T14:00:00Z,29.44,0.44,65.92,405.95
Lahore,2024-02-09T16:00:00Z,29.35,1.92,60.3,395.4
Islamabad,2024-02-09T18:00:00Z,47.21,0,46.85,422.8
Quetta,2024-02-09T20:00:00Z,23.69,0,73.06,435.94
Peshawar,2024-02-09T22:00:00Z,37.3,0,41.92,411.22
Karachi,2024-02-10T00:00:00Z,27.67,0,54.1,387.24
Lahore,2024-02-10T02:00:00Z,25.77,0,80.22,413.15
Islamabad,2024-02-10T04:00:00Z,25.44,5.82,58.03,387.27
Quetta,2024-02-10T06:00:00Z,35.23,0.89,30.1,437.46
Peshawar,2024-02-10T08:00:00Z,18.31,10.65,65.53,389.04
Karachi,2024-02-10T10:00:00Z,31.02,2.99,88.85,410.06
Lahore,2024-02-10T12:00:00Z,9.56,0,56.51,390.07
Islamabad,2024-02-10T14:00:00Z,35.67,4.07,87.27,410.75
Quetta,2024-02-10T16:00:00Z,35.48,1.42,37.1,408.86
Peshawar,2024-02-10T18:00:00Z,21.27,5.04,58.12,433.91
Karachi,2024-02-10T20:00:00Z,32.04,0.7,40.75,426.6
Lahore,2024-02-10T22:00:00Z,35.74,0,68.54,401.66
Islamabad,2024-02-11T00:00:00Z,40.39,0,43.27,422.43
Quetta,2024-02-11T02:00:00Z,14.79,2.26,51.23,409.57
Peshawar,2024-02-11T04:00:00Z,19.33,0,78.94,383.04
Karachi,2024-02-11T06:00:00Z,25.83,9.47,36.36,411.61
Lahore,2024-02-11T08:00:00Z,34.81,0,35.5,406.08
Islamabad,2024-02-11T10:00:00Z,29.32,8.15,75.59,410.02
Quetta,2024-02-11T12:00:00Z,18.0,8.64,41.89,417.09
Peshawar,2024-02-11T14:00:00Z,23.0,0,59.02,396.72
Karachi,2024-02-11T16:00:00Z,28.33,0,63.44,416.33
Lahore,2024-02-11T18:00:00Z,18.24,0,84.49,409.44
Islamabad,2024-02-11T20:00:00Z,35.19,3.13,69.83,386.12
Quetta,2024-02-11T22:00:00Z,25.43,0,71.65,398.52
Peshawar,2024-02-12T00:00:00Z,31.62,11.17,84.18,411.78
Karachi,2024-02-12T02:00:00Z,31.05,0,32.63,407.93
Lahore,2024-02-12T04:00:00Z,28.19,6.39,81.64,395.42
Islamabad,2024-02-12T06:00:00Z,24.12,2.29,39.95,416.83
Quetta,2024-02-12T08:00:00Z,18.94,14.05,71.68,441.84
Peshawar,2024-02-12T10:00:00Z,41.77,0,57.02,411.45
Karachi,2024-02-12T12:00:00Z,25.88,1.45,83.4,401.73
Lahore,2024-02-12T14:00:00Z,29.35,0,59.3,425.1
Islamabad,2024-02-12T16:00:00Z,11.88,0,38.8,392.46
Quetta,2024-02-12T18:00:00Z,28.95,2.67,54.41,409.99
Peshawar,2024-02-12T20:00:00Z,21.29,5.57,44.86,398.5
Karachi,2024-02-12T22:00:00Z,37.99,8.84,42.99,409.76
Lahore,2024-02-13T00:00:00Z,23.41,0,35.57,417.38
Islamabad,2024-02-13T02:00:00Z,28.39,3.53,41.39,418.61
Quetta,2024-02-13T04:00:00Z,25.53,1.6,88.36,396.81
Peshawar,2024-02-13T06:00:00Z,20.63,3.19,32.05,418.37
Karachi,2024-02-13T08:00:00Z,18.65,0,35.48,403.94
Lahore,2024-02-13T10:00:00Z,22.29,9.93,78.48,420.88
Islamabad,2024-02-13T12:00:00Z,30.83,10.25,36.03,427.98
Quetta,2024-02-13T14:00:00Z,25.23,0,74.09,426.19
Peshawar,2024-02-13T16:00:00Z,33.69,9.82,58.43,409.4
Karachi,2024-02-13T18:00:00Z,22.83,5.4,63.48,416.28
Lahore,2024-02-13T20:00:00Z,38.5,0,54.5,376.53
Islamabad,2024-02-13T22:00:00Z,43.91,6.57,42.18,399.48
Quetta,2024-02-14T00:00:00Z,29.77,5.74,89.86,426.64
Peshawar,2024-02-14T02:00:00Z,23.39,0,81.35,396.42
Karachi,2024-02-14T04:00:00Z,34.06,1.18,34.53,395.18
Lahore,2024-02-14T06:00:00Z,27.55,2.23,46.8,401.63
Islamabad,2024-02-14T08:00:00Z,18.95,4.71,60.16,421.79
Quetta,2024-02-14T10:00:00Z,38.28,9.49,80.56,403.75
Peshawar,2024-02-14T12:00:00Z,30.39,0,81.15,403.91
Karachi,2024-02-14T14:00:00Z,24.12,3.72,68.55,435.4
Lahore,2024-02-14T16:00:00Z,14.19,3.25,42.99,411.02
Islamabad,2024-02-14T18:00:00Z,18.87,4.2,61.38,412.12
Quetta,2024-02-14T20:00:00Z,21.79,0,74.83,397.46
Peshawar,2024-02-14T22:00:00Z,32.57,3.36,43.46,405.34
Karachi,2024-02-15T00:00:00Z,32.74,2.51,82.33,400.26
Lahore,2024-02-15T02:00:00Z,39.12,0,73.57,420.86
Islamabad,2024-02-15T04:00:00Z,17.22,0,68.1,416.4
Quetta,2024-02-15T06:00:00Z,34.95,4.91,45.5,424.31
Peshawar,2024-02-15T08:00:00Z,11.36,13.01,51.55,402.64
Karachi,2024-02-15T10:00:00Z,21.49,2.28,30.15,403.39
Lahore,2024-02-15T12:00:00Z,17.51,13.16,86.15,403.5
Islamabad,2024-02-15T14:00:00Z,21.89,2.39,30.34,411.41
Quetta,2024-02-15T16:00:00Z,17.18,0,89.91,382.03
Peshawar,2024-02-15T18:00:00Z,34.01,11.45,51.25,400.88
Karachi,2024-02-15T20:00:00Z,26.56,0,60.66,446.32
Lahore,2024-02-15T22:00:00Z,25.75,0,83.88,381.7
Islamabad,2024-02-16T00:00:00Z,53.78,2.18,85.2,415.46
Quetta,2024-02-16T02:00:00Z,23.45,0.2,58.72,408.84
Peshawar,2024-02-16T04:00:00Z,34.58,4.37,78.85,386.22
Karachi,2024-02-16T06:00:00Z,28.17,0,38.9,408.62
Lahore,2024-02-16T08:00:00Z,38.07,0,69.38,378.68
Islamabad,2024-02-16T10:00:00Z,40.27,0,41.73,437.76
Quetta,2024-02-16T12:00:00Z,23.14,0,81.54,392.06
Peshawar,2024-02-16T14:00:00Z,26.59,7.79,78.43,452.21
Karachi,2024-02-16T16:00:00Z,18.65,1.62,51.05,432.49
Lahore,2024-02-16T18:00:00Z,32.41,0,43.24,404.82
Islamabad,2024-02-16T20:00:00Z,28.87,1.48,66.59,417.45
Quetta,2024-02-16T22:00:00Z,26.27,0,41.57,407.87
Peshawar,2024-02-17T00:00:00Z,27.55,10.08,57.91,403.97
Karachi,2024-02-17T02:00:00Z,36.86,3.35,74.47,392.46
Lahore,2024-02-17T04:00:00Z,22.64,9.74,79.36,432.91
Islamabad,2024-02-17T06:00:00Z,37.38,3.25,61.86,410.63
Quetta,2024-02-17T08:00:00Z,41.66,0,38.17,408.35
Peshawar,2024-02-17T10:00:00Z,20.04,1.08,84.28,410.2
Karachi,2024-02-17T12:00:00Z,15.88,2.88,74.08,444.35
Lahore,2024-02-17T14:00:00Z,25.84,0,71.97,401.92
Islamabad,2024-02-17T16:00:00Z,26.01,1.9,70.71,423.05
Quetta,2024-02-17T18:00:00Z,25.46,6.67,42.95,423.8
Peshawar,2024-02-17T20:00:00Z,36.15,3.86,38.38,409.68
Karachi,2024-02-17T22:00:00Z,4.04,8.56,72.46,421.5
Lahore,2024-02-18T00:00:00Z,10.06,6.83,77.81,417.28
Islamabad,2024-02-18T02:00:00Z,33.76,0.05,48.81,406.9
Quetta,2024-02-18T04:00:00Z,50.98,3.52,32.11,401.89
Peshawar,2024-02-18T06:00:00Z,22.63,5.67,37.08,400.17
Karachi,2024-02-18T08:00:00Z,30.69,0,42.88,417.09
Lahore,2024-02-18T10:00:00Z,21.01,2.4,49.49,416.54
Islamabad,2024-02-18T12:00:00Z,15.08,0,87.14,403.41
Quetta,2024-02-18T14:00:00Z,30.62,10.37,64.3,401.94
Peshawar,2024-02-18T16:00:00Z,20.68,0,62.84,401.71
Karachi,2024-02-18T18:00:00Z,37.58,0,33.87,412.26
Lahore,2024-02-18T20:00:00Z,19.83,1.53,56.33,408.7
Islamabad,2024-02-18T22:00:00Z,26.81,0.5,46.72,380.74
Quetta,2024-02-19T00:00:00Z,18.97,0,37.51,422.06
Peshawar,2024-02-19T02:00:00Z,29.75,0,62.25,406.58
Karachi,2024-02-19T04:00:00Z,35.74,0,54.6,422.31
Lahore,2024-02-19T06:00:00Z,24.71,1.1,67.59,436.76
Islamabad,2024-02-19T08:00:00Z,36.21,4.65,86.11,441.87
Quetta,2024-02-19T10:00:00Z,44.7,12.53,47.5,401.17
Peshawar,2024-02-19T12:00:00Z,24.72,8.99,56.22,420.27
Karachi,2024-02-19T14:00:00Z,28.86,1.24,77.01,429.52
Lahore,2024-02-19T16:00:00Z,18.45,0,78.42,420.71
Islamabad,2024-02-19T18:00:00Z,20.04,0,59.67,402.08
Quetta,2024-02-19T20:00:00Z,33.27,7.79,60.33,416.88
Peshawar,2024-02-19T22:00:00Z,17.89,0,44.22,403.15
Karachi,2024-02-20T00:00:00Z,13.2,0,34.53,394.86
Lahore,2024-02-20T02:00:00Z,18.2,2.13,67.85,395.09
Islamabad,2024-02-20T04:00:00Z,31.94,11.58,44.82,393.88
Quetta,2024-02-20T06:00:00Z,6.53,2.94,56.92,423.93
Peshawar,2024-02-20T08:00:00Z,36.3,0.74,55.56,403.36
Karachi,2024-02-20T10:00:00Z,19.7,1.8,64.93,427.69
Lahore,2024-02-20T12:00:00Z,28.68,0,78.19,413.16
Islamabad,2024-02-20T14:00:00Z,40.18,0,67.31,416.71
Quetta,2024-02-20T16:00:00Z,31.27,9.1,35.9,417.04
Peshawar,2024-02-20T18:00:00Z,11.71,0,75.15,418.73
Karachi,2024-02-20T20:00:00Z,38.18,8.11,42.57,431.62
Lahore,2024-02-20T22:00:00Z,31.6,7.11,55.66,412.98
Islamabad,2024-02-21T00:00:00Z,34.21,1.87,73.38,386.33
Quetta,2024-02-21T02:00:00Z,21.17,7.56,69.58,408.06
Peshawar,2024-02-21T04:00:00Z,33.33,1.87,74.3,401.09
Karachi,2024-02-21T06:00:00Z,30.04,2.35,77.8,402.95
Lahore,2024-02-21T08:00:00Z,13.24,4.17,54.32,402.6
Islamabad,2024-02-21T10:00:00Z,33.18,8.29,63.22,422.99
Quetta,2024-02-21T12:00:00Z,36.39,5.2,37.17,405.9
Peshawar,2024-02-21T14:00:00Z,29.28,4.91,47.52,420.82